facility_id,facility_name,display_name,city,state,peer_group,payment_adjustment_factor,penalty_pct,recalculated_penalty_pct,matches_cms,is_penalized,n_conditions_measured,n_conditions_penalized,main_driver_condition,main_driver_share,excess_readmissions,medicare_discharges,medicare_payments_usd,estimated_penalty_usd,penalty_fiscal_year,payment_year
010023,BAPTIST MEDICAL CENTER SOUTH,Baptist Medical Center South,MONTGOMERY,AL,2,0.995,0.5,0.5,True,True,6,5.0,Heart bypass surgery (CABG),0.35736523499407885,5.686531999999999,2784,38150711.0,190753.55500000017,2026,2024
010078,NORTHEAST ALABAMA REGIONAL MEDICAL CENTER,Northeast Alabama Regional Medical Center,ANNISTON,AL,2,0.9861,1.39,1.39,True,True,5,3.0,Hip/knee replacement,0.6987743440920611,4.387094999999999,2425,25310656.0,351818.1184000006,2026,2024
010100,THOMAS HOSPITAL,Thomas Hospital,FAIRHOPE,AL,1,0.9926,0.74,0.74,True,True,6,4.0,Pneumonia,0.38728134343844295,8.904143000000003,2889,33414785.0,247269.40899999873,2026,2024
010108,PRATTVILLE BAPTIST HOSPITAL,Prattville Baptist Hospital,PRATTVILLE,AL,2,0.9966,0.34,0.34,True,True,4,2.0,Heart failure,0.8647977438228723,0.6467199999999996,693,5026150.0,17088.909999999792,2026,2024
030006,TUCSON MEDICAL CENTER,Tucson Medical Center,TUCSON,AZ,3,0.9895,1.05,1.05,True,True,6,3.0,Heart attack,0.5142773283436979,25.013468999999986,6654,99837234.0,1048290.9569999954,2026,2024
030010,ST. MARY'S HOSPITAL,St. Mary's Hospital,TUCSON,AZ,4,0.9984,0.16,0.16,True,True,6,2.0,Heart attack,0.8945483485873456,0.34905699999999895,1596,22469653.0,35951.44480000103,2026,2024
030085,NORTHWEST MEDICAL CENTER,Northwest Medical Center,TUCSON,AZ,2,0.9988,0.12,0.12,True,True,6,2.0,Heart bypass surgery (CABG),0.8604925312878487,-7.246540999999995,3448,43222720.0,51867.263999999086,2026,2024
030103,MAYO CLINIC HOSPITAL,Mayo Clinic Hospital,PHOENIX,AZ,1,0.9985,0.15,0.15,True,True,6,3.0,Hip/knee replacement,0.44097902363881875,-29.488138999999993,11069,227104309.0,340656.4634999877,2026,2024
030115,BANNER ESTRELLA MEDICAL CENTER,Banner Estrella Medical Center,PHOENIX,AZ,5,0.9992,0.08,0.08,True,True,6,3.0,Heart failure,0.5358775500921097,2.1769640000000043,1944,27786432.0,22229.145600000636,2026,2024
030122,BANNER GATEWAY MEDICAL CENTER,Banner Gateway Medical Center,GILBERT,AZ,2,0.9998,0.02,0.02,True,True,4,2.0,COPD,0.5371535828640797,-2.219948000000007,1973,32692502.0,6538.50039999928,2026,2024
030146,HONORHEALTH SONORAN CROSSING MEDICAL CENTER,Honorhealth Sonoran Crossing Medical Center,PHOENIX,AZ,1,0.9908,0.92,0.92,True,True,5,3.0,Pneumonia,0.43958895795399877,3.3162070000000012,867,8454706.0,77783.29519999988,2026,2024
030147,BANNER OCOTILLO MEDICAL CENTER,Banner Ocotillo Medical Center,CHANDLER,AZ,2,0.9848,1.52,1.52,True,True,5,2.0,Pneumonia,0.8611209251260309,4.708940000000004,785,7361713.0,111898.03759999994,2026,2024
040029,"CONWAY REGIONAL MEDICAL CENTER, INC","Conway Regional Medical Center, Inc",CONWAY,AR,3,0.9987,0.13,0.13,True,True,5,2.0,Heart attack,0.8302387267904507,0.005414999999997061,2566,26150398.0,33995.51739999916,2026,2024
050039,ENLOE HEALTH,Enloe Health,CHICO,CA,5,0.9898,1.02,1.02,True,True,6,4.0,Pneumonia,0.5509467605145921,51.42678999999999,7674,123656341.0,1261294.6781999983,2026,2024
050045,EL CENTRO REGIONAL MEDICAL CENTER,El Centro Regional Medical Center,EL CENTRO,CA,5,0.9998,0.02,0.02,True,True,5,1.0,COPD,1.0,-0.21726600000000154,1223,16935653.0,3387.130599999627,2026,2024
050107,MARIAN REGIONAL MEDICAL CENTER,Marian Regional Medical Center,SANTA MARIA,CA,4,0.9953,0.47,0.47,True,True,6,3.0,Heart bypass surgery (CABG),0.40019993199034665,3.142243999999981,4637,80287571.0,377351.583700003,2026,2024
050116,NORTHRIDGE HOSPITAL MEDICAL CENTER,Northridge Hospital Medical Center,NORTHRIDGE,CA,5,0.9967,0.33,0.33,True,True,6,3.0,Heart failure,0.9016633950993583,10.955051000000019,3898,77142383.0,254569.86389999767,2026,2024
050122,DAMERON HOSPITAL,Dameron Hospital,STOCKTON,CA,5,0.9999,0.01,0.01,True,True,6,1.0,Pneumonia,1.0,-0.34115999999999763,570,11475549.0,1147.5548999998737,2026,2024
050152,UCSF HEALTH SAINT FRANCIS HOSPITAL,Saint Francis Memorial Hospital,SAN FRANCISCO,CA,5,0.9974,0.26,0.26,True,True,5,4.0,Pneumonia,0.3724992143160862,1.6724000000000014,614,16490684.0,42875.77840000077,2026,2024
050167,SAN JOAQUIN GENERAL HOSPITAL,San Joaquin General Hospital,FRENCH CAMP,CA,5,0.9991,0.09,0.09,True,True,5,2.0,Heart failure,0.6368511147317834,0.889408,944,22393038.0,20153.734200000268,2026,2024
050179,EMANUEL MEDICAL CENTER,Emanuel Medical Center,TURLOCK,CA,5,0.9914,0.86,0.86,True,True,5,5.0,Pneumonia,0.7523622405069964,10.914177000000006,2081,33422725.0,287435.43500000174,2026,2024
050243,DESERT REGIONAL MEDICAL CENTER,Desert Regional Medical Center,PALM SPRINGS,CA,5,0.9964,0.36,0.36,True,True,6,3.0,Pneumonia,0.48392309238293046,4.188306000000001,3179,65239414.0,234861.89040000312,2026,2024
050278,PROVIDENCE HOLY CROSS MEDICAL CENTER,Providence Holy Cross Medical Center,MISSION HILLS,CA,5,0.9951,0.49,0.49,True,True,6,3.0,Heart failure,0.432889068914214,11.856930000000002,3260,64516019.0,316128.493100001,2026,2024
050300,PROVIDENCE ST MARY MEDICAL CENTER,Providence St Mary Medical Center,APPLE VALLEY,CA,5,0.9958,0.42,0.42,True,True,6,3.0,Hip/knee replacement,0.41793855279685777,4.642462000000002,2220,37497796.0,157490.7431999993,2026,2024
050373,LOS ANGELES GENERAL MEDICAL CENTER,Los Angeles General Medical Center,LOS ANGELES,CA,5,0.9992,0.08,0.08,True,True,5,3.0,Heart attack,0.4965998982282452,1.7790350000000061,2579,89885268.0,71908.21440000206,2026,2024
050426,WEST ANAHEIM MEDICAL CENTER,West Anaheim Medical Center,ANAHEIM,CA,5,0.9849,1.51,1.51,True,True,6,3.0,Pneumonia,0.8870003821169279,16.518188000000002,2458,44420350.0,670747.2850000001,2026,2024
050454,UCSF MEDICAL CENTER,Ucsf Medical Center,SAN FRANCISCO,CA,5,0.9994,0.06,0.06,True,True,6,2.0,Heart attack,0.6054585152838432,-6.152265999999997,9382,444498686.0,266699.21160002,2026,2024
050471,PIH HEALTH GOOD SAMARITAN HOSPITAL,Pih Health Good Samaritan Hospital,LOS ANGELES,CA,5,0.9922,0.78,0.78,True,True,6,5.0,Pneumonia,0.4441937404477072,16.538365000000002,2597,50267739.0,392088.36420000147,2026,2024
050581,UCI HEALTH-LAKEWOOD,Uci Health-Lakewood,LAKEWOOD,CA,5,0.9966,0.34,0.34,True,True,6,4.0,Heart attack,0.41037011241824134,2.695489999999998,2000,35341346.0,120160.57639999854,2026,2024
050684,MENIFEE GLOBAL MEDICAL CENTER,Menifee Global Medical Center,SUN CITY,CA,5,0.9979,0.21,0.21,True,True,5,1.0,Pneumonia,1.0,0.3901940000000006,366,4634834.0,9733.151399999957,2026,2024
050709,DESERT VALLEY HOSPITAL,Desert Valley Hospital,VICTORVILLE,CA,5,0.9862,1.38,1.38,True,True,5,4.0,Pneumonia,0.5644140750352296,11.912888000000004,1952,32073365.0,442612.4370000011,2026,2024
060032,HCA HEALTHONE ROSE,Hca Healthone Rose,DENVER,CO,3,0.9897,1.03,1.03,True,True,6,5.0,Hip/knee replacement,0.5587575793637033,2.908964000000002,1599,19783174.0,203766.69219999952,2026,2024
070016,SAINT MARY'S HOSPITAL,Saint Mary's Hospital,WATERBURY,CT,3,0.9997,0.03,0.03,True,True,6,1.0,Heart failure,1.0,-4.239855999999996,1776,27745260.0,8323.577999999083,2026,2024
070036,JOHN DEMPSEY HOSPITAL OF THE UNIVERSITY OF CONNECT,John Dempsey Hospital Of The University Of Connect,FARMINGTON,CT,3,0.9991,0.09,0.09,True,True,6,2.0,Heart failure,0.5090567220307137,-0.2350000000000002,2446,57985623.0,52187.06070000069,2026,2024
100038,MEMORIAL REGIONAL HOSPITAL,Memorial Regional Hospital,HOLLYWOOD,FL,4,0.9943,0.57,0.57,True,True,6,6.0,Heart bypass surgery (CABG),0.30976913496166286,9.078888999999998,4285,77652255.0,442617.853500003,2026,2024
100086,BROWARD HEALTH NORTH,Broward Health North,DEERFIELD BEACH,FL,3,0.989,1.1,1.1,True,True,5,4.0,Heart failure,0.4756719237158917,12.828454,2610,35394952.0,389344.47200000036,2026,2024
100124,SANTA ROSA MEDICAL CENTER,Santa Rosa Medical Center,MILTON,FL,2,0.9944,0.56,0.56,True,True,5,2.0,Pneumonia,0.7990285367334545,2.061285000000003,912,9911033.0,55501.78480000049,2026,2024
100154,SOUTH MIAMI HOSPITAL,South Miami Hospital,MIAMI,FL,4,0.9964,0.36,0.36,True,True,6,2.0,Heart failure,0.546567396947137,4.304936999999994,2367,35364826.0,127313.37360000168,2026,2024
100206,HCA FLORIDA SOUTH TAMPA HOSPITAL,Hca Florida South Tampa Hospital,TAMPA,FL,3,0.9957,0.43,0.43,True,True,5,3.0,Heart failure,0.5544613226128483,3.300784,1268,14653211.0,63008.80729999957,2026,2024
100228,WESTSIDE REGIONAL MEDICAL CENTER,Hca Florida Westside Hospital,PLANTATION,FL,3,0.9977,0.23,0.23,True,True,6,4.0,Heart attack,0.7012607819023006,0.4909559999999935,2810,39550435.0,90966.00049999876,2026,2024
100253,JUPITER MEDICAL CENTER,Jupiter Medical Center,JUPITER,FL,1,0.988,1.2,1.2,True,True,6,5.0,Pneumonia,0.5958410242028347,29.01549600000001,6154,67311483.0,807737.7960000007,2026,2024
100268,WEST BOCA MEDICAL CENTER,West Boca Medical Center,BOCA RATON,FL,2,0.996,0.4,0.4,True,True,5,2.0,Pneumonia,0.8295845461762371,2.6220070000000026,1578,15245828.0,60983.312000000056,2026,2024
100281,MEMORIAL HOSPITAL WEST,Memorial Hospital West,PEMBROKE PINES,FL,4,0.9922,0.78,0.78,True,True,5,5.0,Pneumonia,0.5989452242783032,14.109441999999998,3517,46767447.0,364786.0866000014,2026,2024
100361,ASCENSION ST VINCENT'S ST JOHNS COUNTY,Ascension St Vincent's St Johns County,ST. JOHNS,FL,1,0.9952,0.48,0.48,True,True,5,2.0,Pneumonia,0.5277475776872438,0.17285599999999937,608,5622289.0,26986.98720000015,2026,2024
110002,UPSON REGIONAL MEDICAL CENTER,Upson Regional Medical Center,THOMASTON,GA,2,0.9925,0.75,0.75,True,True,5,4.0,Heart failure,0.37668745104664175,1.762448,586,6853905.0,51404.287499999664,2026,2024
110025,SOUTHEAST GEORGIA HEALTH SYSTEM- BRUNSWICK CAMPUS,Southeast Georgia Health System- Brunswick Campus,BRUNSWICK,GA,2,0.9918,0.82,0.81,True,True,5,3.0,Pneumonia,0.7858395078062974,11.306896999999996,2956,43244802.0,354607.37639999937,2026,2024
110064,PIEDMONT COLUMBUS REGIONAL MIDTOWN,Piedmont Columbus Regional Midtown,COLUMBUS,GA,3,0.998,0.2,0.2,True,True,4,4.0,Pneumonia,0.7795957930066695,2.7576759999999916,2477,34351297.0,68702.59400000006,2026,2024
110105,COLQUITT REGIONAL MEDICAL CENTER,Colquitt Regional Medical Center,MOULTRIE,GA,4,0.9881,1.19,1.19,True,True,5,3.0,Pneumonia,0.5310149041873667,7.869008999999998,1170,11715478.0,139414.18820000027,2026,2024
110111,UNIVERSITY MCDUFFIE COUNTY REGIONAL MEDICAL CENTER,Piedmont Mcduffie Hospital,THOMSON,GA,2,0.9943,0.57,0.57,True,True,4,2.0,Pneumonia,0.9599953394595794,0.42384999999999984,225,2717707.0,15490.929900000105,2026,2024
110168,ADVENTHEALTH REDMOND,Adventhealth Redmond,ROME,GA,1,0.994,0.6,0.6,True,True,6,3.0,Pneumonia,0.4763544720994678,4.550226,3354,47873718.0,287242.30800000025,2026,2024
110192,PIEDMONT EASTSIDE MEDICAL CENTER,Piedmont Eastside Medical Center,SNELLVILLE,GA,2,0.9952,0.48,0.48,True,True,6,4.0,Pneumonia,0.8239779538738248,2.6802109999999897,2012,23973217.0,115071.44160000063,2026,2024
140115,THOREK MEMORIAL HOSPITAL,Thorek Memorial Hospital,CHICAGO,IL,5,0.9999,0.01,0.01,True,True,5,1.0,Pneumonia,1.0,,588,5415234.0,541.5233999999404,2026,2024
140116,NORTHWESTERN MEDICINE MCHENRY,Northwestern Medicine Mchenry Hospital,MCHENRY,IL,2,0.9938,0.62,0.62,True,True,6,5.0,Heart bypass surgery (CABG),0.3507765491701506,-4.455979000000015,7426,90676116.0,562191.9191999985,2026,2024
140119,RUSH UNIVERSITY MEDICAL CENTER,Rush University Medical Center,CHICAGO,IL,5,0.9993,0.07,0.07,True,True,6,1.0,Heart attack,1.0,-3.5186319999999887,6629,169115133.0,118380.59310000573,2026,2024
140150,UNIVERSITY OF ILLINOIS HOSPITAL AND CLINICS,University Of Illinois Hospital And Clinics,CHICAGO,IL,5,0.9988,0.12,0.12,True,True,6,3.0,Heart failure,0.5688905688905689,1.7758330000000035,2469,69225383.0,83070.45959999853,2026,2024
140158,INSIGHT HOSPITAL AND MEDICAL CENTER CHICAGO,Insight Hospital And Medical Center Chicago,CHICAGO,IL,5,0.9993,0.07,0.07,True,True,4,2.0,Pneumonia,0.8131274131274151,0.20360399999999934,597,11470609.0,8029.426300000389,2026,2024
140276,LOYOLA UNIVERSITY MEDICAL CENTER,Loyola University Medical Center,MAYWOOD,IL,4,0.9972,0.28,0.28,True,True,6,5.0,Heart attack,0.32924379247878655,3.8176699999999943,4775,116768194.0,326950.9432000029,2026,2024
140281,NORTHWESTERN MEMORIAL HOSPITAL,Northwestern Memorial Hospital,CHICAGO,IL,4,0.9985,0.15,0.15,True,True,6,3.0,Pneumonia,0.476986972328823,-2.226325000000017,10429,278856775.0,418285.1624999849,2026,2024
140291,ADVOCATE GOOD SHEPHERD HOSPITAL,Advocate Good Shepherd Hospital,BARRINGTON,IL,1,0.9919,0.81,0.81,True,True,6,4.0,Pneumonia,0.3882692525909675,6.596953999999996,4122,43468008.0,352090.8647999998,2026,2024
150022,FRANCISCAN HEALTH CRAWFORDSVILLE,Franciscan Health Crawfordsville,CRAWFORDSVILLE,IN,3,0.9958,0.42,0.42,True,True,4,1.0,Pneumonia,1.0,0.10127300000000106,369,4084628.0,17155.437599999925,2026,2024
150102,NORTHWEST HEALTH - STARKE,Northwest Health- Starke,KNOX,IN,3,0.9902,0.98,0.98,True,True,4,3.0,Pneumonia,0.4853202483105802,0.3563449999999999,106,918890.0,9005.122000000028,2026,2024
160033,GENESIS MEDICAL CENTER-DAVENPORT,Mercyone Genesis,DAVENPORT,IA,3,0.9909,0.91,0.91,True,True,6,5.0,Heart failure,0.5725430187694247,21.982996,4462,52861749.0,481041.91589999985,2026,2024
160047,METHODIST JENNIE EDMUNDSON,Methodist Jennie Edmundson,COUNCIL BLUFFS,IA,4,0.9994,0.06,0.06,True,True,5,1.0,Hip/knee replacement,1.0,-2.272812999999996,1855,17679736.0,10607.841600000795,2026,2024
160079,MERCY MEDICAL CENTER - CEDAR RAPIDS,Mercy Medical Center - Cedar Rapids,CEDAR RAPIDS,IA,2,0.9986,0.14,0.14,True,True,6,1.0,Heart attack,1.0,-9.845168999999993,3105,31918738.0,44686.23319999862,2026,2024
170040,UNIVERSITY OF KANSAS HOSPITAL,University Of Kansas Hospital,KANSAS CITY,KS,3,0.9991,0.09,0.09,True,True,6,2.0,Pneumonia,0.9545514828152578,-22.412400000000023,11289,226984030.0,204285.6270000027,2026,2024
170185,SAINT LUKE'S SOUTH HOSPITAL,Saint Luke's South Hospital,OVERLAND PARK,KS,1,0.9977,0.23,0.23,True,True,5,2.0,Hip/knee replacement,0.8804190348824255,-3.347715000000008,2072,15817777.0,36380.887099999505,2026,2024
170191,UNIVERSITY  OF KS HLTH SYSTEM GREAT BEND CAMPUS,University  Of Ks Hlth System Great Bend Campus,GREAT BEND,KS,3,0.9997,0.03,0.03,True,True,5,1.0,Heart failure,1.0,-0.1805030000000014,447,6424134.0,1927.2401999997878,2026,2024
180104,BAPTIST HEALTH PADUCAH,Baptist Health Paducah,PADUCAH,KY,1,0.9975,0.25,0.25,True,True,6,1.0,Pneumonia,1.0,-7.289284999999991,3035,34795271.0,86988.17749999814,2026,2024
180116,JACKSON PURCHASE MEDICAL CENTER,Jackson Purchase Medical Center,MAYFIELD,KY,3,0.9971,0.29,0.29,True,True,5,2.0,Heart failure,0.5156360426959363,1.3243410000000047,728,6809930.0,19748.797000000093,2026,2024
180141,UNIVERSITY OF LOUISVILLE HOSPITAL,University Of Louisville Hospital,LOUISVILLE,KY,3,0.9988,0.12,0.12,True,True,5,4.0,Heart failure,0.3467035500230525,1.5676889999999986,2515,47440870.0,56929.043999999,2026,2024
190004,THIBODAUX REGIONAL MEDICAL CENTER,Thibodaux Regional Medical Center,THIBODAUX,LA,3,0.9998,0.02,0.02,True,True,6,2.0,Heart attack,0.8685005492493513,-6.404344000000004,1461,12647866.0,2529.5731999997215,2026,2024
190014,OCHSNER ST MARY,Ochsner St Mary,MORGAN CITY,LA,4,0.9968,0.32,0.32,True,True,4,3.0,Pneumonia,0.5631274154372616,0.20573999999999962,268,3055843.0,9778.697599999941,2026,2024
190041,CHRISTUS SHREVEPORT-BOSSIER HEALTH SYSTEM,Christus Shreveport-Bossier Health System,SHREVEPORT,LA,2,0.9931,0.69,0.69,True,True,6,5.0,Pneumonia,0.5053013968052323,9.598525999999985,3574,36725709.0,253407.39210000064,2026,2024
190183,LEONARD J CHABERT MEDICAL CENTER,Leonard J Chabert Medical Center,HOUMA,LA,4,0.9981,0.19,0.19,True,True,5,1.0,Pneumonia,1.0,,207,2847687.0,5410.605300000037,2026,2024
200020,YORK HOSPITAL,York Hospital,YORK,ME,1,0.9972,0.28,0.28,True,True,5,1.0,Pneumonia,1.0,-0.002946999999999922,844,7030777.0,19686.175600000173,2026,2024
200021,MAINEHEALTH MID COAST HOSPITAL,Mid Coast Hospital,BRUNSWICK,ME,2,0.9997,0.03,0.03,True,True,5,1.0,COPD,1.0,-2.6185250000000018,1300,11970202.0,3591.0605999996046,2026,2024
220111,GOOD SAMARITAN MEDICAL CENTER,Good Samaritan Medical Center,BROCKTON,MA,5,0.9895,1.05,1.05,True,True,5,4.0,Pneumonia,0.42321529734621355,29.60605999999999,4202,45017075.0,472679.28749999794,2026,2024
220135,FALMOUTH HOSPITAL,Falmouth Hospital,FALMOUTH,MA,2,0.9913,0.87,0.87,True,True,5,4.0,Pneumonia,0.6875713212630974,11.559639999999996,3325,35500904.0,308857.86480000144,2026,2024
230165,HENRY FORD HEALTH ST JOHN HOSPITAL,Henry Ford Health -St John Hospital,DETROIT,MI,5,0.9966,0.34,0.34,True,True,6,2.0,Heart failure,0.8640108585759847,13.166206000000008,4190,65857560.0,223915.70399999726,2026,2024
230217,OAKLAWN HOSPITAL,Oaklawn Hospital,MARSHALL,MI,3,0.9994,0.06,0.06,True,True,5,1.0,Pneumonia,1.0,0.1574509999999987,567,6569271.0,3941.5626000002953,2026,2024
240056,RIDGEVIEW MEDICAL CENTER,Ridgeview Medical Center,WACONIA,MN,1,0.9979,0.21,0.21,True,True,5,2.0,Heart failure,0.5841434435083178,-0.14241300000000212,1417,13354167.0,28043.750699999877,2026,2024
240064,GRAND ITASCA CLINIC AND HOSPITAL,Grand Itasca Clinic And Hospital,GRAND RAPIDS,MN,4,0.9996,0.04,0.04,True,True,5,1.0,Pneumonia,1.0,0.08593199999999943,651,7137038.0,2854.815199999686,2026,2024
250020,WEBSTER GENERAL HOSPITAL/ SWING BED,Webster General Hospital/ Swing Bed,EUPORA,MS,3,0.9983,0.17,0.17,True,True,3,1.0,Heart failure,1.0,-0.3010520000000022,335,2735737.0,4650.752900000095,2026,2024
250034,BAPTIST MEMORIAL HOSPITAL NORTH MS,Baptist Memorial Hospital North Ms,OXFORD,MS,3,0.9912,0.88,0.88,True,True,6,5.0,Heart failure,0.6318941706961685,24.577676999999987,4754,50359826.0,443166.4688000015,2026,2024
250078,FORREST GENERAL HOSPITAL,Forrest General Hospital,HATTIESBURG,MS,4,0.9944,0.56,0.56,True,True,6,5.0,Pneumonia,0.32663448638331405,14.36400400000003,6784,84137301.0,471168.88560000417,2026,2024
250123,SINGING RIVER GULFPORT,Singing River Gulfport,GULFPORT,MS,2,0.9948,0.52,0.52,True,True,5,3.0,Heart failure,0.56708898949811,2.1882759999999997,1207,12961231.0,67398.40119999977,2026,2024
260074,MOBERLY REGIONAL MEDICAL CENTER,Moberly Regional Medical Center,MOBERLY,MO,5,0.9967,0.33,0.33,True,True,5,2.0,Pneumonia,0.8955292707108439,0.6582600000000006,302,4407547.0,14544.905099999865,2026,2024
260137,FREEMAN HEALTH SYSTEM - FREEMAN WEST,Freeman Health System - Freeman West,JOPLIN,MO,4,0.9998,0.02,0.02,True,True,6,1.0,Pneumonia,1.0,-5.910490000000013,3837,44230611.0,8846.122199999027,2026,2024
260162,BARNES-JEWISH WEST COUNTY HOSPITAL,Barnes-Jewish West County Hospital,CREVE COEUR,MO,2,0.9982,0.18,0.18,True,True,4,2.0,Heart failure,0.6471545509284126,0.9562990000000002,1055,10463530.0,18834.35400000025,2026,2024
280013,THE NEBRASKA MEDICAL CENTER,The Nebraska Medical Center,OMAHA,NE,4,0.9989,0.11,0.11,True,True,6,2.0,Heart failure,0.5274137469911756,-1.8236910000000144,6655,147707298.0,162478.0277999985,2026,2024
280128,CHI HEALTH NEBRASKA HEART,Chi Health Nebraska Heart,LINCOLN,NE,1,1.0,0.0,0.0,True,False,5,1.0,Heart failure,1.0,-4.447949000000007,1024,20423236.0,0.0,2026,2024
310029,VIRTUA OUR LADY OF LOURDES HOSPITAL,Virtua Our Lady Of Lourdes Hospital,CAMDEN,NJ,3,0.9964,0.36,0.36,True,True,5,3.0,Heart failure,0.7171747644754951,7.129756999999991,3659,71254455.0,256516.0380000034,2026,2024
310039,RARITAN BAY MEDICAL CENTER,Raritan Bay Medical Center,PERTH AMBOY,NJ,4,0.9944,0.56,0.56,True,True,5,3.0,Pneumonia,0.6944604238249967,9.396052999999998,3196,40765130.0,228284.728000002,2026,2024
310073,JERSEY SHORE UNIVERSITY MEDICAL CENTER,Jersey Shore University Medical Center,NEPTUNE,NJ,1,0.9987,0.13,0.13,True,True,6,4.0,Hip/knee replacement,0.4867942151027023,-1.4885369999999725,9927,186101508.0,241931.96039999402,2026,2024
310074,JERSEY CITY MEDICAL CENTER,Jersey City Medical Center,JERSEY CITY,NJ,5,0.9968,0.32,0.32,True,True,6,4.0,Heart failure,0.664138292804988,5.539469000000003,2280,43031141.0,137699.65119999918,2026,2024
320063,CARLSBAD MEDICAL CENTER,Carlsbad Medical Center,CARLSBAD,NM,3,0.9988,0.12,0.12,True,True,5,3.0,COPD,0.6058433351781282,-0.08177400000000082,572,7081676.0,8498.01119999985,2026,2024
330005,KALEIDA HEALTH,Kaleida Health,BUFFALO,NY,3,0.9953,0.47,0.47,True,True,6,3.0,Heart failure,0.6447200751075369,13.975678999999987,5981,123180784.0,578949.6848000046,2026,2024
330009,BRONXCARE HOSPITAL CENTER,Bronxcare Hospital Center,BRONX,NY,5,0.9964,0.36,0.36,True,True,5,3.0,Heart failure,0.8061069652077724,4.886355000000003,1375,36938315.0,132977.93400000175,2026,2024
330044,WYNN HOSPITAL,Wynn Hospital,UTICA,NY,5,0.9991,0.09,0.09,True,True,6,3.0,COPD,0.6915475283466985,3.5321140000000026,4686,62072328.0,55865.09520000074,2026,2024
330055,NEW YORK-PRESBYTERIAN/QUEENS,New York-Presbyterian/Queens,FLUSHING,NY,5,1.0,0.0,0.0,True,False,6,1.0,COPD,1.0,-28.677264000000026,5831,117026488.0,0.0,2026,2024
330106,NORTH SHORE UNIVERSITY HOSPITAL,North Shore University Hospital,MANHASSET,NY,4,0.9964,0.36,0.36,True,True,6,3.0,Heart failure,0.6410029538312136,19.162409999999987,13587,283170128.0,1019412.4608000135,2026,2024
330128,ELMHURST HOSPITAL CENTER,Elmhurst Hospital Center,ELMHURST,NY,5,0.9999,0.01,0.01,True,True,5,1.0,Heart attack,1.0,-1.313302000000002,1723,59299857.0,5929.985699999347,2026,2024
330164,HIGHLAND HOSPITAL,Highland Hospital,ROCHESTER,NY,4,0.997,0.3,0.3,True,True,5,4.0,Pneumonia,0.36761578374223175,3.1337890000000033,2719,35210246.0,105630.7380000001,2026,2024
330279,MERCY HOSPITAL OF BUFFALO,Mercy Hospital Of Buffalo,BUFFALO,NY,3,0.9948,0.52,0.52,True,True,6,5.0,Heart failure,0.4566868072094316,10.113076999999988,2971,42567127.0,221349.06039999926,2026,2024
340071,BETSY JOHNSON REGIONAL HOSPITAL,Betsy Johnson Regional  Hospital,DUNN,NC,5,0.9978,0.22,0.22,True,True,5,1.0,Heart failure,1.0,-1.0648590000000013,1004,12209867.0,26861.707399999752,2026,2024
340116,FRYE REGIONAL MEDICAL CENTER,Frye Regional Medical Center,HICKORY,NC,2,0.9924,0.76,0.76,True,True,6,5.0,Heart bypass surgery (CABG),0.5622634578847371,3.9071240000000014,2159,24053674.0,182807.92240000123,2026,2024
340147,UNC HEALTH NASH,Unc Health Nash,ROCKY MOUNT,NC,5,0.9957,0.43,0.43,True,True,5,3.0,Heart failure,0.856329003662987,6.778535000000008,2922,28220878.0,121349.77539999917,2026,2024
340158,NOVANT HEALTH BRUNSWICK MEDICAL CENTER,Novant Health Brunswick Medical Center,SUPPLY,NC,1,0.9987,0.13,0.13,True,True,5,2.0,COPD,0.6797391540621346,-0.4037050000000053,1637,15337184.0,19938.339199999507,2026,2024
340159,PERSON MEMORIAL HOSPITAL,Person Memorial Hospital,ROXBORO,NC,4,0.9947,0.53,0.53,True,True,4,1.0,Heart failure,1.0,0.7297559999999993,178,2245164.0,11899.369199999936,2026,2024
360040,KNOX COMMUNITY HOSPITAL,Knox Community Hospital,MOUNT VERNON,OH,3,0.9978,0.22,0.22,True,True,5,2.0,Heart failure,0.826182398722811,-0.9122199999999985,827,9347094.0,20563.606799999812,2026,2024
360041,PARMA COMMUNITY GENERAL HOSPITAL,Parma Community General Hospital,PARMA,OH,2,0.9883,1.17,1.17,True,True,6,4.0,Pneumonia,0.36601892616352616,1.894799999999995,2396,20042478.0,234496.99260000087,2026,2024
360163,CHRIST HOSPITAL,Christ Hospital,CINCINNATI,OH,2,0.9982,0.18,0.18,True,True,6,3.0,Pneumonia,0.8872473431964988,-7.920183999999995,4950,82424579.0,148364.24220000196,2026,2024
360180,CLEVELAND CLINIC,Cleveland Clinic,CLEVELAND,OH,2,0.9984,0.16,0.17,True,True,6,3.0,Heart attack,0.6403382417261994,-37.46212599999998,12195,336442582.0,538308.1312000154,2026,2024
360211,TRINITY MEDICAL CTR EAST &TRINITY MEDICAL CTR WEST,Trinity Medical Ctr East &trinity Medical Ctr West,STEUBENVILLE,OH,3,0.9921,0.79,0.78,True,True,6,5.0,Heart failure,0.5001944463187076,7.009946000000001,1805,21593674.0,170590.02460000038,2026,2024
360230,HILLCREST HOSPITAL,Hillcrest Hospital,MAYFIELD HEIGHTS,OH,2,0.9991,0.09,0.09,True,True,6,3.0,Heart failure,0.43397150538219864,-9.241702999999996,6539,64333257.0,57899.93130000077,2026,2024
360270,MERCY HEALTH - DEFIANCE HOSPITAL,Mercy Health - Defiance Hospital,DEFIANCE,OH,1,0.9992,0.08,0.08,True,True,5,1.0,Heart failure,1.0,-1.0637689999999973,386,3256554.0,2605.2432000000745,2026,2024
370008,NORMAN REGIONAL,Norman Regional,NORMAN,OK,3,0.9952,0.48,0.48,True,True,6,3.0,Hip/knee replacement,0.3534870545122863,5.102418999999999,4834,53856439.0,258510.9072000014,2026,2024
370089,NORTHEASTERN HEALTH SYSTEM,Northeastern Health System,TAHLEQUAH,OK,5,0.9933,0.67,0.67,True,True,6,3.0,Heart failure,0.43322015529794244,3.1770010000000024,1066,13164754.0,88203.85180000051,2026,2024
370094,SSM HEALTH ST ANTHONY HOSPITAL - MIDWEST,Ssm Health St Anthony Hospital - Midwest,MIDWEST CITY,OK,4,0.9881,1.19,1.2,True,True,5,4.0,Hip/knee replacement,0.38315223955590544,6.1314429999999955,1901,21393660.0,254584.55400000047,2026,2024
380009,OHSU HOSPITAL AND CLINICS,Ohsu Hospital And Clinics,PORTLAND,OR,4,0.9992,0.08,0.08,True,True,6,2.0,Heart attack,0.7374865087562524,-1.7808809999999946,4410,149572283.0,119657.82640000343,2026,2024
380020,MCKENZIE-WILLAMETTE MEDICAL CENTER,Mckenzie-Willamette Medical Center,SPRINGFIELD,OR,3,0.9988,0.12,0.12,True,True,6,3.0,Pneumonia,0.6171845124282997,-1.3428439999999997,1214,19735984.0,23683.180799999584,2026,2024
380038,PROVIDENCE WILLAMETTE FALLS MEDICAL CENTER,Providence Willamette Falls Medical Center,OREGON CITY,OR,3,0.9973,0.27,0.27,True,True,5,2.0,Hip/knee replacement,0.8125393269739009,-1.6757720000000031,836,9358738.0,25268.592600000335,2026,2024
390012,JEFFERSON LANSDALE HOSPITAL,Jefferson Lansdale Hospital,LANSDALE,PA,2,0.995,0.5,0.5,True,True,5,3.0,Heart failure,0.5694058483746212,5.80955200000001,2128,17090476.0,85452.38000000008,2026,2024
390028,UPMC MERCY,Upmc Mercy,PITTSBURGH,PA,4,0.9997,0.03,0.03,True,True,5,2.0,Heart attack,0.5787396063719599,-1.300173999999999,1934,28504736.0,8551.420799999058,2026,2024
390032,ALLEGHENY VALLEY HOSPITAL,Allegheny Valley Hospital,NATRONA,PA,3,0.9985,0.15,0.15,True,True,5,3.0,Heart failure,0.831833081846087,0.3491389999999989,573,4405637.0,6608.455499999762,2026,2024
390110,CONEMAUGH MEMORIAL MEDICAL CENTER,Conemaugh Memorial Medical Center,JOHNSTOWN,PA,4,0.9929,0.71,0.71,True,True,6,3.0,Pneumonia,0.9797444686818323,7.672487999999998,2251,34139441.0,242390.03109999985,2026,2024
390145,EXCELA HEALTH WESTMORELAND REGIONAL HOSPITAL,Independence Health System Westmoreland Hospital,GREENSBURG,PA,3,0.9787,2.13,2.13,True,True,6,3.0,Hip/knee replacement,0.7614526654494839,7.5021580000000085,2007,23617440.0,503051.47199999966,2026,2024
390228,ST CLAIR HOSPITAL,St Clair Hospital,PITTSBURGH,PA,1,0.9938,0.62,0.62,True,True,6,3.0,Heart failure,0.7479637203228053,3.3953270000000018,2071,21589658.0,133855.87959999964,2026,2024
390329,JEFFERSON EINSTEIN MONTGOMERY HOSPITAL,Jefferson Einstein Montgomery Hospital,EAST NORRITON,PA,2,0.9944,0.56,0.56,True,True,6,3.0,Heart failure,0.49432675223980166,8.16410000000001,3150,44410891.0,248700.98960000218,2026,2024
420007,SPARTANBURG MEDICAL CENTER,Spartanburg Medical Center,SPARTANBURG,SC,3,0.9969,0.31,0.31,True,True,6,3.0,Heart failure,0.5137210769097581,-5.139198000000014,7280,106430116.0,329933.3595999991,2026,2024
420020,TIDELANDS GEORGETOWN MEMORIAL HOSPITAL,Tidelands Health,GEORGETOWN,SC,4,0.9949,0.51,0.51,True,True,5,2.0,Heart attack,0.9990946590542583,1.222621000000002,879,10071630.0,51365.31299999994,2026,2024
420051,MCLEOD REGIONAL MEDICAL CENTER-PEE DEE,Mcleod Regional Medical Center-Pee Dee,FLORENCE,SC,4,0.9853,1.47,1.47,True,True,6,4.0,Heart bypass surgery (CABG),0.3841055180553943,35.77017400000001,7177,84726497.0,1245479.505900004,2026,2024
420053,NEWBERRY COUNTY MEMORIAL HOSPITAL,Newberry County Memorial Hospital,NEWBERRY,SC,2,0.9993,0.07,0.07,True,True,5,1.0,Heart failure,1.0,-0.0009069999999988809,405,4961504.0,3473.052800000168,2026,2024
420055,MUSC HEALTH MARION MEDICAL CENTER,Musc Health Marion Medical Center,MULLINS,SC,5,0.9992,0.08,0.08,True,True,5,1.0,Pneumonia,1.0,0.3485720000000001,212,1968156.0,1574.5248000000452,2026,2024
420101,COASTAL CAROLINA HOSPITAL,South Carolina Coastal Medical Center Llc,HARDEEVILLE,SC,1,1.0,0.0,0.0,True,False,5,1.0,COPD,1.0,-2.7588310000000016,803,6716877.0,0.0,2026,2024
430089,DUNES SURGICAL HOSPITAL,Dunes Surgical Hospital,DAKOTA DUNES,SD,1,0.9967,0.33,0.33,True,True,1,1.0,Hip/knee replacement,1.0,,182,4126764.0,13618.321199999875,2026,2024
440030,MORRISTOWN HAMBLEN HOSPITAL ASSOCIATION,Morristown Hamblen Hospital Association,MORRISTOWN,TN,3,0.9897,1.03,1.03,True,True,5,3.0,Pneumonia,0.45079320642030607,8.358427999999998,1267,11094459.0,114272.92769999974,2026,2024
440050,GREENEVILLE COMMUNITY HOSPITAL,Greeneville Community Hospital,GREENEVILLE,TN,3,0.9892,1.08,1.08,True,True,5,3.0,Pneumonia,0.6928785286569717,5.8611819999999994,1096,9009861.0,97306.49880000029,2026,2024
440053,SAINT THOMAS RUTHERFORD HOSPITAL,Ascension Saint Thomas Rutherford Hospital,MURFREESBORO,TN,2,0.9989,0.11,0.11,True,True,6,3.0,Heart attack,0.7960175903417002,-15.59605,4754,54844832.0,60329.315199999444,2026,2024
450011,CHI ST JOSEPH HEALTH REGIONAL HOSPITAL,Chi St Joseph Health Regional Hospital,BRYAN,TX,2,0.9967,0.33,0.33,True,True,6,4.0,Heart failure,0.4829454536897596,3.686175999999991,3374,40851909.0,134811.29969999875,2026,2024
450152,ADVENTHEALTH CENTRAL TEXAS,Adventhealth Central Texas,KILLEEN,TX,2,0.9911,0.89,0.89,True,True,5,4.0,Pneumonia,0.7353811301794114,4.991616999999992,1345,14194629.0,126332.19810000027,2026,2024
450647,MEDICAL CITY DALLAS HOSPITAL,Medical City Dallas,DALLAS,TX,1,0.998,0.2,0.2,True,True,6,5.0,Heart attack,0.3551896501029114,2.2677449999999983,4935,88855112.0,177710.22400000016,2026,2024
450670,HCA HOUSTON HEALTHCARE TOMBALL,Hca Houston Healthcare Tomball,TOMBALL,TX,1,0.9891,1.09,1.09,True,True,6,5.0,Heart attack,0.4512958361702316,6.613635000000002,1543,20752186.0,226198.82740000045,2026,2024
450822,MEDICAL CITY LAS COLINAS,Medical City Las Colinas,IRVING,TX,2,0.995,0.5,0.5,True,True,5,2.0,Pneumonia,0.9385387088492155,0.8987469999999979,536,6455502.0,32277.510000000028,2026,2024
450862,ST LUKE'S THE WOODLANDS HOSPITAL,St Luke's The Woodlands Hospital,THE WOODLANDS,TX,1,0.9966,0.34,0.34,True,True,6,2.0,Heart bypass surgery (CABG),0.7971688147052608,-0.8047799999999998,2141,27400699.0,93162.37659999887,2026,2024
460014,MOUNTAIN WEST MEDICAL CENTER,Mountain West Medical Center,TOOELE,UT,2,0.9982,0.18,0.18,True,True,5,1.0,Hip/knee replacement,1.0,,323,3659296.0,6586.732800000087,2026,2024
490066,SENTARA WILLIAMSBURG REGIONAL MEDICAL CENTER,Sentara Williamsburg Regional Medical Center,WILLIAMSBURG,VA,1,0.9962,0.38,0.38,True,True,5,4.0,Hip/knee replacement,0.4880319585468151,-9.667803000000012,2709,26303745.0,99954.23100000067,2026,2024
490088,CENTRA BEDFORD MEMORIAL HOSPITAL,Bedford Memorial Hospital,BEDFORD,VA,2,0.9976,0.24,0.24,True,True,4,2.0,Pneumonia,0.89255004145446,0.18911199999999517,618,5446385.0,13071.32399999977,2026,2024
490098,COMMUNITY MEMORIAL HOSPITAL,Community Memorial Hospital,SOUTH HILL,VA,4,0.9999,0.01,0.01,True,True,5,1.0,Heart failure,1.0,-0.11587400000000316,959,9462974.0,946.2973999998958,2026,2024
490115,TWIN COUNTY REGIONAL HOSPITAL,Twin County Regional Hospital,GALAX,VA,4,0.9955,0.45,0.45,True,True,5,2.0,Pneumonia,0.637904840095303,1.6782540000000012,491,6128009.0,27576.040499999683,2026,2024
490116,LEWISGALE HOSPITAL PULASKI,Lewisgale Hospital Pulaski,PULASKI,VA,3,0.9991,0.09,0.09,True,True,5,2.0,COPD,0.5903202590860002,-0.16758399999999882,344,3575121.0,3217.6089000000425,2026,2024
490145,STONESPRINGS HOSPITAL CENTER,Stonesprings Hospital Center,DULLES,VA,1,0.9965,0.35,0.35,True,True,5,2.0,Hip/knee replacement,0.7963626450658149,0.02052599999999849,540,6009488.0,21033.207999999686,2026,2024
500011,HIGHLINE MEDICAL CENTER,St Anne Hospital,BURIEN,WA,4,0.9995,0.05,0.05,True,True,5,1.0,COPD,1.0,-2.013921999999998,1064,12754316.0,6377.157999999297,2026,2024
500025,SWEDISH MEDICAL CENTER / CHERRY HILL,Swedish Medical Center / Cherry Hill,SEATTLE,WA,2,0.9999,0.01,0.01,True,True,6,1.0,Pneumonia,1.0,-7.867080000000001,2608,80129834.0,8012.983399999118,2026,2024
520100,BELOIT HEALTH SYSTEM,Beloit Memorial Hospital,BELOIT,WI,4,0.9973,0.27,0.27,True,True,6,2.0,Pneumonia,0.7828001721417291,1.8804420000000117,1274,18884036.0,50986.897200000676,2026,2024
520107,HOLY FAMILY MEMORIAL,Froedtert Holy Family Memorial Hospital,MANITOWOC,WI,3,0.998,0.2,0.2,True,True,5,1.0,Pneumonia,1.0,0.19347200000000148,468,4685954.0,9371.908000000009,2026,2024
670034,BAYLOR SCOTT & WHITE MEDICAL CENTER - ROUND ROCK,Scott & White Hospital-Round Rock,ROUND ROCK,TX,1,0.9953,0.47,0.47,True,True,6,3.0,Heart bypass surgery (CABG),0.6149872883983384,-6.137177999999996,3645,48649594.0,228653.09180000183,2026,2024
670076,BAYLOR SCOTT AND WHITE SURGICAL HOSPITAL AT SHERMA,Baylor Scott And White Surgical Hospital At Sherma,SHERMAN,TX,1,0.97,3.0,3.0,True,True,4,1.0,Hip/knee replacement,1.0,,92,961474.0,28844.220000000027,2026,2024
670098,RESOLUTE HEALTH HOSPITAL,Resolute Health Hospital,NEW BRAUNFELS,TX,1,0.9924,0.76,0.76,True,True,5,3.0,Heart failure,0.486718611202761,4.050488,1186,9893272.0,75188.8672000005,2026,2024
670309,TEXAS HEALTH HOSPITAL MANSFIELD,Texas Health Hospital Mansfield,MANSFIELD,TX,1,0.9993,0.07,0.07,True,True,5,1.0,Pneumonia,1.0,,267,2832587.0,1982.8109000000961,2026,2024
010011,ST. VINCENT'S EAST,St Vincent's East,BIRMINGHAM,AL,2,0.9941,0.59,0.59,True,True,6,4.0,Heart bypass surgery (CABG),0.5818254728175914,2.798288999999995,2311,26779885.0,158001.32150000043,2026,2024
010024,JACKSON HOSPITAL & CLINIC INC,Jackson Hospital & Clinic Inc,MONTGOMERY,AL,2,0.9979,0.21,0.21,True,True,6,3.0,Heart failure,0.4648576512455513,1.3683480000000028,1973,18187494.0,38193.73739999983,2026,2024
010131,CRESTWOOD MEDICAL CENTER,Crestwood Medical Center,HUNTSVILLE,AL,1,0.9912,0.88,0.88,True,True,5,3.0,Pneumonia,0.49362902441396744,11.099243000000001,2246,19491655.0,171526.5640000006,2026,2024
020017,ALASKA REGIONAL HOSPITAL,Alaska Regional Hospital,ANCHORAGE,AK,5,0.988,1.2,1.2,True,True,6,5.0,Hip/knee replacement,0.5943824248819164,12.157959999999996,2872,52671465.0,632057.5800000005,2026,2024
030036,CHANDLER REGIONAL MEDICAL CENTER,Chandler Regional Medical Center,CHANDLER,AZ,2,0.9974,0.26,0.26,True,True,6,2.0,Heart attack,0.9663249559082882,-15.972269000000004,7490,98136131.0,255153.94060000457,2026,2024
030055,KINGMAN REGIONAL MEDICAL CENTER,Kingman Regional Medical Center,KINGMAN,AZ,4,0.9985,0.15,0.15,True,True,5,2.0,Pneumonia,0.8237400869787678,1.1179239999999937,1673,22854721.0,34282.08149999876,2026,2024
030084,CHINLE COMPREHENSIVE HEALTH CARE FACILITY,Chinle Comprehensive Health Care Facility,CHINLE,AZ,5,0.9965,0.35,0.35,True,True,4,2.0,Pneumonia,0.9154123036649215,0.4540339999999993,437,5419302.0,18967.556999999717,2026,2024
030089,BANNER THUNDERBIRD MEDICAL CENTER,Banner Thunderbird Medical Center,GLENDALE,AZ,4,0.999,0.1,0.11,True,True,6,3.0,Pneumonia,0.5110704483074121,-4.878573999999993,3580,52606254.0,52606.254000000044,2026,2024
040010,MERCY HOSPITAL NORTHWEST ARKANSAS,Mercy Hospital Northwest Arkansas,ROGERS,AR,1,0.9974,0.26,0.26,True,True,6,2.0,Pneumonia,0.8068685444457904,-1.2905620000000066,3650,41764549.0,108587.82740000194,2026,2024
040137,ST VINCENT MEDICAL CENTER/NORTH,St Vincent Medical Center/North,SHERWOOD,AR,1,0.9997,0.03,0.03,True,True,4,1.0,Pneumonia,1.0,0.12955800000000012,1024,13121863.0,3936.5588999995666,2026,2024
050047,CALIFORNIA PACIFIC MEDICAL CENTER- VAN NESS CAMPUS,California Pacific Medical Center- Van Ness Campus,SAN FRANCISCO,CA,5,0.9965,0.35,0.35,True,True,5,2.0,Pneumonia,0.5866069015854091,8.036172000000004,3781,132564345.0,463975.20749999303,2026,2024
050110,LOMPOC VALLEY MEDICAL CENTER,Lompoc Valley Medical Center,LOMPOC,CA,5,0.9936,0.64,0.64,True,True,5,3.0,Hip/knee replacement,0.47350131749844127,2.1061660000000018,903,14983666.0,95895.46239999942,2026,2024
050115,PALOMAR HEALTH DOWNTOWN CAMPUS,Palomar Health Downtown Campus,ESCONDIDO,CA,4,0.9966,0.34,0.34,True,True,6,3.0,Heart failure,0.7033919637074312,-3.564699999999997,4025,55198547.0,187675.05979999772,2026,2024
050124,USC VERDUGO HILLS HOSPITAL,Usc Verdugo Hills Hospital,GLENDALE,CA,5,0.9964,0.36,0.36,True,True,5,2.0,Heart failure,0.7344768383718244,5.685776000000002,2028,27996032.0,100785.71520000133,2026,2024
050238,USC ARCADIA HOSPITAL,Usc Arcadia Hospital,ARCADIA,CA,5,0.9987,0.13,0.13,True,True,6,2.0,Hip/knee replacement,0.5471668332719529,-6.788067000000016,4180,61326222.0,79724.08859999802,2026,2024
050239,GLENDALE ADVENTIST MEDICAL CENTER,Glendale Adventist Medical Center,GLENDALE,CA,5,0.9865,1.35,1.35,True,True,6,4.0,Pneumonia,0.6361671783910531,54.43472300000002,6353,124873379.0,1685790.6164999946,2026,2024
050382,EMANATE HEALTH INTER-COMMUNITY HOSPITAL,Emanate Health Inter-Community Hospital,COVINA,CA,5,0.988,1.2,1.2,True,True,6,5.0,Pneumonia,0.4360611758967479,12.278424000000006,3993,65968276.0,791619.3120000007,2026,2024
050580,LA PALMA INTERCOMMUNITY HOSPITAL,La Palma Intercommunity Hospital,LA PALMA,CA,5,0.9971,0.29,0.29,True,True,5,3.0,Pneumonia,0.6328568376353715,1.838664000000002,951,13432035.0,38952.90150000018,2026,2024
050689,SAN RAMON REGIONAL MEDICAL CENTER,San Ramon Regional Medical Center,SAN RAMON,CA,2,0.9988,0.12,0.12,True,True,6,2.0,Pneumonia,0.5395496876105139,-0.915151000000003,1347,24941876.0,29930.25119999947,2026,2024
050755,SHERMAN OAKS HOSPITAL,Sherman Oaks Hospital,SHERMAN OAKS,CA,5,0.9875,1.25,1.25,True,True,5,4.0,Pneumonia,0.5668303415954962,15.407095999999996,2233,35993045.0,449913.0624999984,2026,2024
050758,MONTCLAIR HOSPITAL MEDICAL CENTER,Montclair Hospital Medical Center,MONTCLAIR,CA,5,0.9831,1.69,1.69,True,True,4,1.0,Pneumonia,1.0,4.826947999999998,651,10786814.0,182297.15660000028,2026,2024
050770,LOMA LINDA UNIVERSITY MEDICAL CENTER-MURRIETA,Loma Linda University Medical Center-Murrieta,MURRIETA,CA,4,0.995,0.5,0.5,True,True,6,3.0,Heart failure,0.870417227456259,7.699524000000006,2033,39497355.0,197486.77500000017,2026,2024
060024,UNIVERSITY OF COLORADO HOSPITAL AUTHORITY,University Of Colorado Hospital Authority,AURORA,CO,4,0.9998,0.02,0.02,True,True,6,1.0,Heart bypass surgery (CABG),1.0,-13.683779999999999,6646,165405481.0,33081.096199996355,2026,2024
070005,WATERBURY HOSPITAL,Waterbury Hospital,WATERBURY,CT,3,0.9963,0.37,0.37,True,True,6,2.0,Pneumonia,0.7932001954510357,2.719265000000011,2068,33049498.0,122283.14260000121,2026,2024
070006,STAMFORD HOSPITAL,Stamford Hospital,STAMFORD,CT,2,0.9995,0.05,0.05,True,True,6,2.0,COPD,0.6186386992327711,-12.835580000000009,3875,63997273.0,31998.636499996475,2026,2024
070034,NORWALK HOSPITAL,Norwalk Hospital,NORWALK,CT,2,0.9952,0.48,0.48,True,True,5,2.0,Heart failure,0.9605817068503635,8.637236999999994,3055,47736332.0,229134.39360000126,2026,2024
100002,BETHESDA HOSPITAL EAST,Bethesda Hospital East,BOYNTON BEACH,FL,1,0.9957,0.43,0.43,True,True,6,4.0,Heart attack,0.4597671246202259,5.6151849999999826,5413,66515699.0,286017.50569999806,2026,2024
100029,NORTH SHORE MEDICAL CENTER,North Shore Medical Center,MIAMI,FL,5,0.9978,0.22,0.22,True,True,5,2.0,Heart failure,0.6115360325591188,3.3859259999999995,1423,20292562.0,44643.63639999959,2026,2024
100034,"MOUNT SINAI MEDICAL CENTER OF FLORIDA, INC","Mount Sinai Medical Center Of Florida, Inc",MIAMI BEACH,FL,5,0.9986,0.14,0.14,True,True,6,3.0,Hip/knee replacement,0.5598431811817416,0.0659150000000031,4818,71838496.0,100573.8943999969,2026,2024
100035,MANATEE MEMORIAL HOSPITAL,Manatee Memorial Hospital,BRADENTON,FL,1,0.9961,0.39,0.39,True,True,6,2.0,Heart bypass surgery (CABG),0.9246184196864298,-1.9467959999999784,3969,55712460.0,217278.5940000008,2026,2024
100071,TAMPA GENERAL HOSPITAL BROOKSVILLE,Tampa General Hospital Brooksville,BROOKSVILLE,FL,2,0.9922,0.78,0.78,True,True,5,2.0,Heart failure,0.6931615665211819,5.564383000000001,2093,20361871.0,158822.59380000058,2026,2024
100075,ST JOSEPHS HOSPITAL,St Josephs Hospital,TAMPA,FL,3,0.9937,0.63,0.63,True,True,6,2.0,Heart failure,0.702321654193799,20.832578000000026,9790,122259283.0,770233.4828999966,2026,2024
100113,UF HEALTH SHANDS HOSPITAL,Uf Health Shands Hospital,GAINESVILLE,FL,3,0.9966,0.34,0.34,True,True,6,3.0,Pneumonia,0.8884858452838267,12.84056100000001,9734,201277342.0,684342.9627999917,2026,2024
100125,HOMESTEAD HOSPITAL,Homestead Hospital,HOMESTEAD,FL,5,0.9997,0.03,0.03,True,True,5,1.0,Heart failure,1.0,-0.9989890000000017,882,15308955.0,4592.686499999494,2026,2024
100134,ED FRASER MEMORIAL HOSPITAL,Ed Fraser Memorial Hospital,MACCLENNY,FL,3,0.9995,0.05,0.05,True,True,3,1.0,Pneumonia,1.0,,220,4566717.0,2283.3584999997483,2026,2024
100150,LOWER KEYS MEDICAL CENTER,Lower Keys Medical Center,KEY WEST,FL,2,0.9987,0.13,0.13,True,True,5,1.0,Pneumonia,1.0,-1.3231959999999992,725,10842761.0,14095.589299999652,2026,2024
100177,CAPE CANAVERAL HOSPITAL,Cape Canaveral Hospital,COCOA BEACH,FL,1,0.9999,0.01,0.01,True,True,5,1.0,Hip/knee replacement,1.0,-9.971563999999997,2245,25593903.0,2559.390299999718,2026,2024
100264,HCA FLORIDA OAK HILL HOSPITAL,Hca Florida Oak Hill Hospital,BROOKSVILLE,FL,1,0.9901,0.99,0.99,True,True,6,4.0,Hip/knee replacement,0.5688889192195614,9.897465000000004,4314,51859140.0,513405.486000001,2026,2024
100276,BROWARD HEALTH CORAL SPRINGS,Broward Health Coral Springs,CORAL SPRINGS,FL,3,0.9901,0.99,0.99,True,True,5,4.0,Pneumonia,0.6053281403510142,8.208953000000003,1651,18452454.0,182679.29460000037,2026,2024
100296,DOCTORS HOSPITAL,Doctors Hospital,CORAL GABLES,FL,4,0.9976,0.24,0.24,True,True,5,3.0,Pneumonia,0.48170390951522585,1.9844050000000018,1260,14838821.0,35613.17039999937,2026,2024
100320,HCA FLORIDA POINCIANA HOSPITAL,Hca Florida Poinciana Hospital,KISSIMMEE,FL,3,0.9869,1.31,1.31,True,True,5,3.0,Pneumonia,0.7873165966906497,4.019478999999997,717,7006817.0,91789.3027,2026,2024
110011,TANNER MEDICAL CENTER - CARROLLTON,Tanner Medical Center - Carrollton,CARROLLTON,GA,2,0.9917,0.83,0.83,True,True,6,3.0,Heart failure,0.609682237803335,8.956001999999998,2436,29603860.0,245712.03799999924,2026,2024
110044,PHOEBE SUMTER MEDICAL CENTER,Phoebe Sumter Medical Center,AMERICUS,GA,4,0.9944,0.56,0.56,True,True,5,3.0,Heart failure,0.5291858220051521,1.7124639999999982,553,6537919.0,36612.34640000032,2026,2024
110236,COMMONSPIRIT-MEMORIAL HOSPITAL-NORTH GEORGIA,Chi Memorial Hospital- Georgia,RINGGOLD,GA,1,0.9995,0.05,0.05,True,True,3,1.0,Pneumonia,1.0,,169,1486062.0,743.0309999999182,2026,2024
110252,NORTHSIDE HOSPITAL DULUTH,Northside Hospital Duluth,DULUTH,GA,2,0.9976,0.24,0.24,True,True,5,2.0,COPD,0.5848803097397905,0.8449829999999998,1032,11128647.0,26708.75279999953,2026,2024
120011,KAISER FOUNDATION HOSPITAL,Kaiser Foundation Hospital,HONOLULU,HI,1,0.9989,0.11,0.11,True,True,6,2.0,Pneumonia,0.9748172217709179,,682,9237982.0,10161.780199999906,2026,2024
140068,ROSELAND COMMUNITY HOSPITAL,Roseland Community Hospital,CHICAGO,IL,5,0.9995,0.05,0.05,True,True,4,1.0,COPD,1.0,0.0656139999999996,330,4110421.0,2055.2104999997737,2026,2024
140082,LOUIS A WEISS MEMORIAL HOSPITAL,Louis A Weiss Memorial Hospital,CHICAGO,IL,5,0.9826,1.74,1.74,True,True,5,4.0,Hip/knee replacement,0.8056132912515176,5.368281999999998,889,13286509.0,231185.25659999961,2026,2024
140120,CARLE HEALTH PEKIN HOSPITAL,Carle Health Pekin Hospital,PEKIN,IL,4,0.9997,0.03,0.03,True,True,5,1.0,Heart failure,1.0,-1.0167140000000006,546,4190642.0,1257.1925999998616,2026,2024
140125,GATEWAY REGIONAL MEDICAL CENTER,Gateway Regional Medical Center,GRANITE CITY,IL,5,0.9999,0.01,0.01,True,True,5,1.0,COPD,1.0,0.049691000000000665,432,5001670.0,500.1669999999449,2026,2024
140161,SAINT JAMES HOSPITAL,Saint James Hospital,PONTIAC,IL,4,0.9962,0.38,0.38,True,True,4,2.0,Heart failure,0.6636752992846587,0.6758489999999985,587,6842926.0,26003.118800000175,2026,2024
140162,ST JOSEPH MEDICAL CENTER,St Joseph Medical Center,BLOOMINGTON,IL,3,0.9925,0.75,0.75,True,True,6,5.0,Heart failure,0.6183327597522644,8.469381999999994,2476,26566583.0,199249.3724999987,2026,2024
140174,PRESENCE MERCY MEDICAL CENTER,Presence Mercy Medical Center,AURORA,IL,5,0.9941,0.59,0.59,True,True,6,3.0,Heart failure,0.5243124262058094,4.841573000000001,1376,16738178.0,98755.25020000027,2026,2024
140180,PRESENCE SAINTS MARY AND ELIZABETH MEDICAL CENTER,Presence Saints Mary And Elizabeth Medical Center,CHICAGO,IL,5,0.997,0.3,0.3,True,True,5,3.0,Heart failure,0.539712280478897,2.584566999999999,1629,22961982.0,68885.94600000005,2026,2024
140182,ADVOCATE ILLINOIS MASONIC MEDICAL CENTER,Advocate Illinois Masonic Medical Center,CHICAGO,IL,5,0.9973,0.27,0.27,True,True,6,2.0,Heart failure,0.8656328885683376,5.360419000000005,2117,38002286.0,102606.17220000135,2026,2024
140233,SAINT ANTHONY MEDICAL CENTER,Saint Anthony Medical Center,ROCKFORD,IL,3,0.9866,1.34,1.34,True,True,6,5.0,Hip/knee replacement,0.33971140677884554,13.965677000000001,3930,50913154.0,682236.2635999983,2026,2024
140288,ADVOCATE GOOD SAMARITAN HOSPITAL,Advocate Good Samaritan Hospital,DOWNERS GROVE,IL,2,0.9952,0.48,0.48,True,True,6,3.0,Heart failure,0.5418947368421057,7.725462999999977,4930,61802051.0,296649.84480000165,2026,2024
150026,GOSHEN HOSPITAL,Goshen Hospital,GOSHEN,IN,2,0.9989,0.11,0.11,True,True,5,1.0,Heart attack,1.0,-2.917078,1216,13093355.0,14402.690499999868,2026,2024
150100,ASCENSION ST VINCENT EVANSVILLE,Ascension St Vincent Evansville,EVANSVILLE,IN,3,0.9987,0.13,0.13,True,True,6,2.0,Heart attack,0.756601268623691,-15.323264000000002,3892,53466654.0,69506.65019999829,2026,2024
150112,COLUMBUS REGIONAL HOSPITAL,Columbus Regional Hospital,COLUMBUS,IN,4,0.9973,0.27,0.27,True,True,6,4.0,COPD,0.3460647363103803,-2.4284480000000115,2973,33314714.0,89949.72780000119,2026,2024
150125,COMMUNITY HOSPITAL,Community Hospital,MUNSTER,IN,2,0.9911,0.89,0.89,True,True,6,4.0,Heart failure,0.5995725292308222,38.82941000000001,6133,75892862.0,675446.4718000015,2026,2024
150150,DUPONT HOSPITAL LLC,Dupont Hospital Llc,FORT WAYNE,IN,2,0.9943,0.57,0.57,True,True,5,2.0,Pneumonia,0.9982753259464044,1.0720500000000008,449,5876989.0,33498.837300000225,2026,2024
170175,CENTURA ST. CATHERINE-DODGE CITY,St Catherine Hospital - Dodge City,DODGE CITY,KS,3,0.9978,0.22,0.22,True,True,5,1.0,Pneumonia,1.0,0.3204239999999998,350,4679474.0,10294.842799999906,2026,2024
180018,ST CLAIRE REGIONAL MEDICAL CENTER,St Claire Regional Medical Center,MOREHEAD,KY,4,0.9905,0.95,0.95,True,True,5,4.0,Pneumonia,0.8609152680532148,5.1709320000000005,886,10549013.0,100215.6234999995,2026,2024
180049,BAPTIST HEALTH RICHMOND,Baptist Health Richmond,RICHMOND,KY,3,0.9988,0.12,0.12,True,True,5,1.0,COPD,1.0,-4.416702999999995,872,7623869.0,9148.64279999984,2026,2024
180066,The Medical Center at Russellville,The Medical Center At Russellville,RUSSELLVILLE,KY,2,0.998,0.2,0.2,True,True,4,1.0,Heart failure,1.0,,168,1449619.0,2899.2380000000026,2026,2024
180078,PAINTSVILLE ARH HOSPITAL,Paintsville Arh Hospital,PAINTSVILLE,KY,5,0.9855,1.45,1.45,True,True,4,3.0,Pneumonia,0.8961685323477887,2.9214240000000005,250,1942334.0,28163.842999999917,2026,2024
180130,BAPTIST HEALTH LOUISVILLE,Baptist Health Louisville,LOUISVILLE,KY,1,0.9978,0.22,0.22,True,True,6,3.0,Hip/knee replacement,0.6181682825942348,-23.323532999999994,8353,84614183.0,186151.20259999827,2026,2024
190046,TOURO INFIRMARY,Touro Infirmary,NEW ORLEANS,LA,4,0.9965,0.35,0.35,True,True,6,3.0,Pneumonia,0.8301505537027588,2.3068690000000007,1005,14054027.0,49189.094499999264,2026,2024
190190,"CALDWELL MEMORIAL HOSPITAL, INC","Caldwell Memorial Hospital, Inc",COLUMBIA,LA,5,0.9992,0.08,0.08,True,True,3,1.0,Heart failure,1.0,,77,437326.0,349.86080000001004,2026,2024
190318,ACADIAN MEDICAL CENTER,Acadian Medical Center,EUNICE,LA,5,0.9996,0.04,0.04,True,True,4,1.0,Heart failure,1.0,0.22471400000000027,343,2226650.0,890.6599999999019,2026,2024
220036,BOSTON MEDICAL CENTER-BRIGHTON,St Elizabeth's Medical Center,BRIGHTON,MA,5,0.9802,1.98,1.98,True,True,6,4.0,Heart attack,0.6932058951601355,19.570336999999995,2196,57150612.0,1131582.1176000023,2026,2024
220060,BETH ISRAEL DEACONESS HOSPITAL PLYMOUTH,Beth Israel Deaconess Hospital - Plymouth,PLYMOUTH,MA,3,0.9999,0.01,0.01,True,True,5,1.0,Heart attack,1.0,-12.374701000000002,6106,68578002.0,6857.800199999245,2026,2024
220084,EMERSON HOSPITAL -,Emerson Hospital -,W CONCORD,MA,2,0.9978,0.22,0.22,True,True,5,2.0,Pneumonia,0.6707454202562352,-0.10696599999999368,2433,24894644.0,54768.21679999949,2026,2024
230030,MYMICHIGAN MEDICAL CENTER ALMA,Mymichigan Medical Center Alma,ALMA,MI,4,0.996,0.4,0.4,True,True,5,3.0,Heart failure,0.5723760973274404,1.6585320000000037,836,8750623.0,35002.49200000003,2026,2024
230104,HARPER UNIVERSITY HOSPITAL,Harper University Hospital,DETROIT,MI,5,0.9974,0.26,0.26,True,True,6,2.0,Heart bypass surgery (CABG),0.9326434590765488,-2.2535860000000016,1104,27356441.0,71126.74660000128,2026,2024
230105,MCLAREN NORTHERN MICHIGAN,Mclaren Northern Michigan,PETOSKEY,MI,2,0.9989,0.11,0.11,True,True,6,2.0,Heart bypass surgery (CABG),0.862397309799891,-8.725253000000011,2141,31930287.0,35123.31569999968,2026,2024
230269,"BEAUMONT HOSPITAL, TROY",Corewell Health Beaumont Troy Hospital,TROY,MI,2,0.989,1.1,1.1,True,True,6,4.0,Heart failure,0.49616898847861324,56.524343000000016,9192,89637555.0,986013.1050000009,2026,2024
250040,SINGING RIVER HEALTH SYSTEM,Singing River Health System,PASCAGOULA,MS,2,0.9919,0.81,0.81,True,True,6,5.0,Heart failure,0.5448641676819985,16.233178000000013,2775,29766635.0,241109.7434999999,2026,2024
250094,MERIT HEALTH WESLEY,Merit Health Wesley,HATTIESBURG,MS,3,0.9955,0.45,0.45,True,True,6,4.0,Pneumonia,0.4575465993358864,0.8014829999999956,1444,19718459.0,88733.06549999898,2026,2024
250096,CROSSGATES RIVER OAKS HOSPITAL,Merit Health Rankin,BRANDON,MS,4,0.9969,0.31,0.31,True,True,5,3.0,Pneumonia,0.606321543227786,0.7073560000000001,332,3402974.0,10549.21939999997,2026,2024
250141,BAPTIST MEMORIAL HOSPITAL DESOTO,Baptist Memorial Hospital Desoto,SOUTHAVEN,MS,3,0.9923,0.77,0.77,True,True,5,3.0,Pneumonia,0.677576056054264,20.56342899999997,5079,53197605.0,409621.55850000214,2026,2024
260009,BOTHWELL REGIONAL HEALTH CENTER,Bothwell Regional Health Center,SEDALIA,MO,4,0.9962,0.38,0.39,True,True,5,2.0,COPD,0.5492031141116607,0.12496600000000435,936,9686448.0,36808.502400000245,2026,2024
260065,MERCY HOSPITAL SPRINGFIELD,Mercy Hospital Springfield,SPRINGFIELD,MO,3,0.9972,0.28,0.27,True,True,6,4.0,Heart bypass surgery (CABG),0.5518096078307813,-7.3654009999999825,6070,78379506.0,219462.61680000194,2026,2024
260094,COX MEDICAL CENTER BRANSON,Cox Medical Center Branson,BRANSON,MO,3,0.9988,0.12,0.12,True,True,5,1.0,Heart attack,1.0,-10.218196999999998,1317,13768878.0,16522.65359999971,2026,2024
260108,MISSOURI BAPTIST MEDICAL CENTER,Missouri Baptist Medical Center,SAINT LOUIS,MO,1,0.9967,0.33,0.33,True,True,6,4.0,Heart bypass surgery (CABG),0.4402338096230687,-12.284196000000014,6455,72197633.0,238252.1888999978,2026,2024
260195,CITIZENS MEMORIAL HOSPITAL,Citizens Memorial Hospital,BOLIVAR,MO,4,0.9968,0.32,0.32,True,True,5,1.0,Heart attack,1.0,0.5019839999999991,442,6862604.0,21960.332799999866,2026,2024
280134,KEARNEY REGIONAL MEDICAL CENTER,Kearney Regional Medical Center,KEARNEY,NE,1,0.998,0.2,0.2,True,True,6,2.0,Hip/knee replacement,0.6108911623320603,-3.143088,1530,21270764.0,42541.528000000035,2026,2024
300014,FRISBIE MEMORIAL HOSPITAL,Frisbie Memorial Hospital,ROCHESTER,NH,2,0.9961,0.39,0.39,True,True,4,3.0,Pneumonia,0.6727444403031441,0.5093749999999988,320,2855786.0,11137.565400000041,2026,2024
310041,COMMUNITY MEDICAL CENTER,Community Medical Center,TOMS RIVER,NJ,1,0.9799,2.01,2.01,True,True,5,5.0,Pneumonia,0.4335672318828553,92.582053,8633,101863664.0,2047459.6464000007,2026,2024
310111,CENTRASTATE MEDICAL CENTER,Centrastate Medical Center,FREEHOLD,NJ,2,0.9894,1.06,1.06,True,True,5,4.0,Pneumonia,0.8488908072038798,23.356091999999975,5117,61834315.0,655443.7390000033,2026,2024
320021,PRESBYTERIAN HOSPITAL,Presbyterian Hospital,ALBUQUERQUE,NM,3,0.9997,0.03,0.03,True,True,6,1.0,Hip/knee replacement,1.0,-29.968082000000017,6849,86107698.0,25832.309399997153,2026,2024
330028,RICHMOND UNIVERSITY MEDICAL CENTER,Richmond University Medical Center,STATEN ISLAND,NY,5,0.9887,1.13,1.13,True,True,5,3.0,Pneumonia,0.9231411298564355,11.578977000000002,2112,45910922.0,518793.4185999989,2026,2024
330045,NS/LIJ HS HUNTINGTON HOSPITAL,Huntington Hospital,HUNTINGTON,NY,2,0.9945,0.55,0.55,True,True,5,3.0,Pneumonia,0.9028563237178534,1.2680550000000332,7143,94097193.0,517534.56149999524,2026,2024
330059,MONTEFIORE MEDICAL CENTER,Montefiore Medical Center,BRONX,NY,5,0.9974,0.26,0.26,True,True,6,3.0,Heart attack,0.4521279977263461,-3.41042299999999,10435,261246491.0,679240.8766000122,2026,2024
330065,NIAGARA FALLS MEMORIAL MEDICAL CENTER,Niagara Falls Memorial Medical Center,NIAGARA FALLS,NY,5,0.998,0.2,0.2,True,True,5,2.0,Heart attack,0.6447287129850904,0.35618399999999867,503,5717165.0,11434.33000000001,2026,2024
330135,BON SECOURS COMMUNITY HOSPITAL,Bon Secours Community Hospital,PORT JERVIS,NY,4,0.9929,0.71,0.71,True,True,5,2.0,Heart failure,0.628445424476296,2.3244919999999993,789,8203207.0,58242.76969999996,2026,2024
330157,SAMARITAN MEDICAL CENTER,Samaritan Medical Center,WATERTOWN,NY,5,0.9988,0.12,0.11,True,True,5,2.0,Pneumonia,0.5172170642848738,1.2548630000000034,1447,22956312.0,27547.574399999514,2026,2024
330226,UNITY HOSPITAL,Unity Hospital Of Rochester,ROCHESTER,NY,4,0.9863,1.37,1.37,True,True,5,4.0,Pneumonia,0.3898761235610534,17.221261999999992,2439,31333671.0,429271.29270000145,2026,2024
330350,SUNY/DOWNSTATE UNIVERSITY HOSPITAL OF BROOKLYN,Suny Health Science Center At Brooklyn University,BROOKLYN,NY,5,0.9967,0.33,0.33,True,True,5,2.0,Heart failure,0.7316537300051903,2.570245999999997,1015,25807834.0,85165.85219999922,2026,2024
330394,"UNITED HEALTH SERVICES HOSPITALS, INC","United Health Services Hospitals, Inc",BINGHAMTON,NY,4,0.9988,0.12,0.12,True,True,6,3.0,Pneumonia,0.7493575867063291,-1.6117729999999975,3572,60511336.0,72613.60319999872,2026,2024
340069,"WAKEMED, RALEIGH CAMPUS",Wakemed,RALEIGH,NC,3,0.9997,0.03,0.03,True,True,6,1.0,COPD,1.0,-15.526606000000017,6849,102537992.0,30761.397599996613,2026,2024
340114,REX HOSPITAL,Rex Hospital,RALEIGH,NC,1,0.9988,0.12,0.12,True,True,6,2.0,Hip/knee replacement,0.7496592007534767,-11.226294000000003,7863,96003236.0,115203.88319999797,2026,2024
340126,WILSON MEDICAL CENTER,Wilson Medical Center,WILSON,NC,5,0.991,0.9,0.9,True,True,5,2.0,Pneumonia,0.8927068948221069,6.9106930000000135,1128,13819824.0,124378.41600000011,2026,2024
340171,NOVANT HEALTH MATTHEWS MEDICAL CENTER,Novant Health Matthews Medical Center,MATTHEWS,NC,1,0.9967,0.33,0.33,True,True,5,2.0,Heart attack,0.5503211991434687,-6.58241600000001,2132,19642626.0,64820.665799999406,2026,2024
340173,"WAKEMED, CARY HOSPITAL",Wakemed,CARY,NC,1,0.9996,0.04,0.04,True,True,5,1.0,COPD,1.0,-7.791027999999997,3464,31244225.0,12497.689999998624,2026,2024
350002,CHI ST ALEXIUS HEALTH,Chi St Alexius Health,BISMARCK,ND,2,0.9999,0.01,0.01,True,True,6,1.0,Hip/knee replacement,1.0,-3.8167500000000025,1960,26693865.0,2669.386499999706,2026,2024
360001,MERCY HEALTH-ANDERSON HOSPITAL,Mercy Health-Anderson Hospital,CINCINNATI,OH,2,0.9945,0.55,0.55,True,True,6,2.0,Heart bypass surgery (CABG),0.6152526913717634,-5.360477999999996,2640,25805350.0,141929.4249999987,2026,2024
360003,"UNIVERSITY OF CINCINNATI MEDICAL CENTER, LLC","University Of Cincinnati Medical Center, Llc",CINCINNATI,OH,4,0.9984,0.16,0.16,True,True,6,3.0,Pneumonia,0.8496066552129491,-0.34999600000000197,4455,87518635.0,140029.816000004,2026,2024
360017,GRANT MEDICAL CENTER,Grant Medical Center,COLUMBUS,OH,4,0.9977,0.23,0.23,True,True,6,2.0,Heart failure,0.5354938528340191,5.751761999999992,4199,67361116.0,154930.5667999979,2026,2024
360029,WOOD COUNTY HOSPITAL,Wood County Hospital,BOWLING GREEN,OH,1,0.9862,1.38,1.38,True,True,5,3.0,Hip/knee replacement,0.828397829411888,0.007653000000000021,536,4938118.0,68146.02840000017,2026,2024
360039,GENESIS HOSPITAL,Genesis Hospital,ZANESVILLE,OH,4,0.9998,0.02,0.02,True,True,6,1.0,COPD,1.0,-15.377556000000007,3327,50397470.0,10079.49399999889,2026,2024
360072,FAIRFIELD MEDICAL CENTER,Fairfield Medical Center,LANCASTER,OH,3,0.9879,1.21,1.2,True,True,6,6.0,Hip/knee replacement,0.3830433100696628,5.2414679999999905,2448,28119470.0,340245.587,2026,2024
360118,OHIOHEALTH MANSFIELD HOSPITAL,Ohiohealth Mansfield Hospital,MANSFIELD,OH,3,0.9957,0.43,0.43,True,True,6,2.0,Heart attack,0.9866835905315432,0.6357829999999947,3401,37346830.0,160591.3689999989,2026,2024
360123,UH ST JOHN MEDICAL CENTER,Uh St John Medical Center,WESTLAKE,OH,2,0.997,0.3,0.3,True,True,5,3.0,Pneumonia,0.7654380389227249,2.854605999999998,2202,37264034.0,111792.1020000001,2026,2024
370020,MERCY HOSPITAL ADA,Mercy Hospital Ada,ADA,OK,5,0.9929,0.71,0.71,True,True,5,3.0,Pneumonia,0.7190273456689042,6.0859599999999965,1515,16032864.0,113833.33439999992,2026,2024
370149,SSM HEALTH ST ANTHONY HOSPITAL - SHAWNEE,Ssm Health St Anthony Hospital - Shawnee,SHAWNEE,OK,4,0.9979,0.21,0.21,True,True,5,2.0,Pneumonia,0.9641198083213457,-1.3475789999999952,1155,12943729.0,27181.83089999988,2026,2024
370158,PURCELL MUNICIPAL HOSPITAL,Purcell Municipal Hospital,PURCELL,OK,4,0.9975,0.25,0.25,True,True,3,2.0,Pneumonia,0.7892487092266307,,94,693238.0,1733.094999999963,2026,2024
370180,CHICKASAW NATION MEDICAL CENTER,Chickasaw Nation Medical Center,ADA,OK,2,0.9997,0.03,0.03,True,True,5,1.0,COPD,1.0,,354,4758170.0,1427.4509999998427,2026,2024
370228,"BAILEY MEDICAL CENTER, LLC","Bailey Medical Center, Llc",OWASSO,OK,2,0.9997,0.03,0.03,True,True,4,1.0,Heart failure,1.0,,190,1530033.0,459.0098999999494,2026,2024
370237,"SAINT FRANCIS HOSPITAL VINITA, INC","Saint Francis Hospital Vinita, Inc",VINITA,OK,4,0.9893,1.07,1.08,True,True,3,1.0,Pneumonia,1.0,1.4120969999999993,310,2908425.0,31120.147500000123,2026,2024
380021,HILLSBORO MEDICAL CENTER,Hillsboro Medical Center,HILLSBORO,OR,4,0.9995,0.05,0.05,True,True,5,1.0,Pneumonia,1.0,-0.8603670000000009,997,15878952.0,7939.475999999126,2026,2024
390058,UPMC CARLISLE,Upmc Carlisle,CARLISLE,PA,3,0.9973,0.27,0.27,True,True,5,2.0,Heart failure,0.985207835849118,0.6666239999999918,1447,12543469.0,33867.366300000445,2026,2024
390068,UPMC LITITZ,Upmc Lititz,LITITZ,PA,1,0.9968,0.32,0.32,True,True,5,2.0,Heart failure,0.5139231499051232,0.6193990000000008,693,7471164.0,23907.724799999854,2026,2024
390114,MAGEE WOMENS HOSPITAL OF UPMC HEALTH SYSTEM,Magee Womens Hospital Of Upmc Health System,PITTSBURGH,PA,4,0.9896,1.04,1.04,True,True,5,1.0,Hip/knee replacement,1.0,,760,9686387.0,100738.42479999966,2026,2024
390115,JEFFERSON HEALTH- NORTHEAST,Jefferson Health-Northeast,PHILADELPHIA,PA,5,0.9847,1.53,1.53,True,True,6,6.0,Heart failure,0.5323873521128716,52.174692000000015,5495,73076852.0,1118075.8355999985,2026,2024
390133,LEHIGH VALLEY HOSPITAL,Lehigh Valley Hospital,ALLENTOWN,PA,2,0.9897,1.03,1.03,True,True,6,5.0,Hip/knee replacement,0.36355341112980566,70.98925899999998,16641,244830532.0,2521754.479599994,2026,2024
390201,LEHIGH VALLEY HOSPITAL - POCONO,Lehigh Valley Hospital - Pocono,EAST STROUDSBURG,PA,3,0.9916,0.84,0.84,True,True,6,5.0,Hip/knee replacement,0.4191689241783776,0.011247000000001117,2149,24316983.0,204262.6571999991,2026,2024
390222,RIDDLE MEMORIAL HOSPITAL,Riddle Memorial Hospital,MEDIA,PA,2,0.9868,1.32,1.32,True,True,5,3.0,Hip/knee replacement,0.9674645480700422,-2.1439589999999797,3866,39441090.0,520622.38799999957,2026,2024
390231,JEFFERSON ABINGTON HOSPITAL,Jefferson Abington Hospital,ABINGTON,PA,2,0.9904,0.96,0.96,True,True,6,4.0,Heart failure,0.529104794955028,49.42671499999997,9301,117934017.0,1132166.5632000063,2026,2024
390267,FORBES HOSPITAL,Forbes Hospital,MONROEVILLE,PA,2,0.9942,0.58,0.58,True,True,6,4.0,Pneumonia,0.552795290105919,3.991677000000005,2471,28191037.0,163508.01460000078,2026,2024
390334,AHN WEXFORD HOSPITAL,Ahn Wexford Hospital,WEXFORD,PA,1,0.999,0.1,0.1,True,True,5,1.0,Heart failure,1.0,-0.6353709999999997,1287,9986575.0,9986.575000000008,2026,2024
420030,COLLETON MEDICAL CENTER,Colleton Medical Center,WALTERBORO,SC,5,0.9956,0.44,0.44,True,True,5,3.0,Hip/knee replacement,0.5515993429419712,1.1432790000000006,641,7639246.0,33612.68239999969,2026,2024
420065,BON SECOURS-ST FRANCIS XAVIER HOSPITAL,Bon Secours-St Francis Xavier Hospital,CHARLESTON,SC,2,0.9995,0.05,0.05,True,True,5,1.0,Heart failure,1.0,-0.2714700000000115,2187,24273497.0,12136.748499998663,2026,2024
440151,SAINT THOMAS RIVER PARK HOSPITAL,Ascension Saint Thomas River Park Hospital,MCMINNVILLE,TN,4,0.9977,0.23,0.23,True,True,5,1.0,Heart failure,1.0,-0.05190900000000054,601,6244936.0,14363.352799999804,2026,2024
440197,TRISTAR SOUTHERN HILLS MEDICAL CENTER,Tristar Southern Hills Medical Center,NASHVILLE,TN,3,0.9989,0.11,0.11,True,True,5,1.0,Heart failure,1.0,-0.37140899999999843,904,12601607.0,13861.767699999873,2026,2024
450023,CITIZENS MEDICAL CENTER,Citizens Medical Center,VICTORIA,TX,1,0.9895,1.05,1.05,True,True,6,4.0,Heart failure,0.49630092660685454,9.264455000000002,1950,19419511.0,203904.8654999991,2026,2024
450029,LAREDO MEDICAL CENTER,Laredo Medical Center,LAREDO,TX,5,0.9996,0.04,0.04,True,True,6,1.0,Heart attack,1.0,-2.673901999999998,2104,27316314.0,10926.525599998797,2026,2024
450054,BAYLOR SCOTT & WHITE MEDICAL CENTER - TEMPLE,Baylor Scott & White Medical  Center - Temple,TEMPLE,TX,1,0.9988,0.12,0.12,True,True,6,5.0,Hip/knee replacement,0.5669341894060997,-9.90312200000001,6078,100283034.0,120339.64079999788,2026,2024
450133,MIDLAND MEMORIAL HOSPITAL,Midland Memorial Hospital,MIDLAND,TX,2,0.9961,0.39,0.39,True,True,6,3.0,Heart bypass surgery (CABG),0.43497063334705016,0.20429199999999792,2285,30008204.0,117031.99560000043,2026,2024
450403,MEDICAL CENTER OF MCKINNEY,Medical City Mckinney,MCKINNEY,TX,1,0.988,1.2,1.2,True,True,6,3.0,Hip/knee replacement,0.4987753825425849,11.283574000000003,3096,34664924.0,415979.0880000004,2026,2024
450617,HCA HOUSTON HEALTHCARE CLEAR LAKE,Hca Houston Healthcare Clear Lake,WEBSTER,TX,2,0.9938,0.62,0.62,True,True,6,2.0,Pneumonia,0.5780635578072799,14.737229999999995,4579,64885289.0,402288.7917999989,2026,2024
450675,MEDICAL CITY ARLINGTON,Medical City Arlington,ARLINGTON,TX,2,0.9907,0.93,0.93,True,True,6,4.0,Pneumonia,0.5700145233776512,9.669070000000001,2617,37663319.0,350268.8666999991,2026,2024
450774,TOPS SURGICAL SPECIALTY HOSPITAL,Tops Surgical Specialty Hospital,HOUSTON,TX,1,0.9948,0.52,0.52,True,True,1,1.0,Hip/knee replacement,1.0,,111,1971061.0,10249.517199999966,2026,2024
450801,CHRISTUS ST MICHAEL HEALTH SYSTEM,Christus St Michael Health System,TEXARKANA,TX,2,0.9953,0.47,0.47,True,True,6,3.0,Heart attack,0.6667854028226446,2.0822979999999984,4328,52282499.0,245727.74530000196,2026,2024
450820,HOUSTON METHODIST SUGARLAND HOSPITAL,Houston Methodist Sugarland Hospital,SUGAR LAND,TX,1,0.9952,0.48,0.48,True,True,6,5.0,Heart failure,0.5327467743575132,12.376701999999973,5784,73491502.0,352759.2096000019,2026,2024
450848,MEMORIAL HERMANN SUGAR LAND HOSPITAL,Memorial Hermann Sugar Land Hospital,SUGAR LAND,TX,2,0.9948,0.52,0.52,True,True,5,3.0,Pneumonia,0.5573362177117027,5.319266999999996,1740,21863201.0,113688.64519999962,2026,2024
490007,SENTARA NORFOLK GENERAL HOSPITAL,Sentara Norfolk General Hospital,NORFOLK,VA,3,0.9998,0.02,0.02,True,True,5,2.0,Heart attack,0.7587816680899534,-8.06205200000002,6806,145720807.0,29144.16139999679,2026,2024
490019,UVA HEALTH CULPEPER MEDICAL CENTER,Uva Health Culpeper Medical Center,CULPEPER,VA,3,0.9937,0.63,0.63,True,True,5,3.0,Pneumonia,0.8921056289726578,3.0410350000000013,1220,12784526.0,80542.51379999965,2026,2024
490067,BON SECOURS SOUTHSIDE MEDICAL CENTER,Bon Secours Southside Medical Center,PETERSBURG,VA,3,0.9877,1.23,1.23,True,True,5,2.0,Pneumonia,0.5725361092507749,20.214895999999996,2822,28577535.0,351503.6804999994,2026,2024
490114,LONESOME PINE HOSPITAL,Lonesome Pine Hospital,BIG STONE GAP,VA,4,0.9959,0.41,0.41,True,True,5,2.0,Pneumonia,0.9791415843267295,1.5781349999999998,699,7860043.0,32226.17629999994,2026,2024
500007,ISLAND HOSPITAL,Island Hospital,ANACORTES,WA,1,0.9991,0.09,0.09,True,True,5,1.0,Hip/knee replacement,1.0,-0.24612000000000087,708,10748991.0,9674.091900000129,2026,2024
500015,MULTICARE AUBURN MEDICAL CENTER,Multicare Auburn Medical Center,AUBURN,WA,4,0.9988,0.12,0.12,True,True,5,2.0,Pneumonia,0.5538780295851325,0.5598409999999984,1310,16949370.0,20339.243999999642,2026,2024
510055,"CABELL HUNTINGTON HOSPITAL, INC","Cabell Huntington Hospital, Inc",HUNTINGTON,WV,3,0.9994,0.06,0.06,True,True,5,2.0,Heart failure,0.8862866375940389,-0.8635120000000018,2112,29812734.0,17887.64040000134,2026,2024
520008,WAUKESHA MEMORIAL HOSPITAL,Prohealth Waukesha Memorial Hospital,WAUKESHA,WI,2,0.9989,0.11,0.11,True,True,6,2.0,Heart attack,0.760086744665472,-7.572346000000011,3036,33469602.0,36816.56219999966,2026,2024
520113,AURORA MEDICAL CENTER BAY AREA,Aurora Medical Center Bay Area,MARINETTE,WI,4,0.988,1.2,1.2,True,True,5,2.0,Heart failure,0.7194622675243182,6.346510000000002,727,7472447.0,89669.36400000007,2026,2024
530012,BANNER WYOMING MEDICAL CENTER,Wyoming Medical Center,CASPER,WY,2,0.9998,0.02,0.02,True,True,6,2.0,Heart bypass surgery (CABG),0.6848195195572933,-15.566166,3496,58680624.0,11736.124799998708,2026,2024
670023,METHODIST MANSFIELD MEDICAL CENTER,Methodist Mansfield Medical Center,MANSFIELD,TX,1,0.9986,0.14,0.14,True,True,6,3.0,Heart bypass surgery (CABG),0.6256719335396645,-1.9199249999999926,2682,31242313.0,43739.238199998654,2026,2024
670108,BAYLOR SCOTT & WHITE MEDICAL CENTER - MARBLE FALLS,Baylor Scott & White Medical Center - Marble Falls,MARBLE FALLS,TX,1,0.9981,0.19,0.18,True,True,5,1.0,Hip/knee replacement,1.0,-3.339262999999999,768,7099105.0,13488.29950000009,2026,2024
670122,HOUSTON METHODIST THE WOODLANDS HOSPITAL,Houston Methodist The Woodlands Hospital,THE WOODLANDS,TX,1,0.9979,0.21,0.21,True,True,6,3.0,Heart bypass surgery (CABG),0.9201051223865018,-5.3168619999999995,5217,58711013.0,123293.12729999945,2026,2024
010001,SOUTHEAST HEALTH MEDICAL CENTER,Southeast Health Medical Center,DOTHAN,AL,2,0.9988,0.12,0.11,True,True,6,1.0,Heart failure,1.0,-1.4972549999999822,4299,52228590.0,62674.3079999989,2026,2024
010019,HELEN KELLER HOSPITAL,Helen Keller Memorial Hospital,SHEFFIELD,AL,1,0.9962,0.38,0.38,True,True,5,3.0,Hip/knee replacement,0.5392891436002516,-3.451859999999995,1396,10065328.0,38248.24640000026,2026,2024
010029,THE EAST ALABAMA HEALTHCARE AUTHORITY,East Alabama Medical Center,OPELIKA,AL,1,0.9976,0.24,0.24,True,True,6,2.0,Heart attack,0.5400324149108585,-2.2181259999999963,2491,27518079.0,66043.38959999883,2026,2024
010045,FAYETTE MEDICAL CENTER,Fayette Medical Center,FAYETTE,AL,3,0.9986,0.14,0.14,True,True,3,3.0,COPD,0.46368489162083687,,197,1972801.0,2761.9213999999147,2026,2024
010046,RIVERVIEW REGIONAL MEDICAL CENTER,Riverview Regional Medical Center,GADSDEN,AL,2,0.9856,1.44,1.44,True,True,6,5.0,Pneumonia,0.593804482519996,13.237105999999992,1851,16900605.0,243368.71199999948,2026,2024
010112,WHITFIELD REGIONAL HOSPITAL,Whitfield Regional Hospital,DEMOPOLIS,AL,4,0.9987,0.13,0.13,True,True,5,1.0,Heart failure,1.0,0.36709799999999965,297,3340023.0,4342.029899999892,2026,2024
010148,EVERGREEN MEDICAL CENTER,Evergreen Medical Center,EVERGREEN,AL,2,0.9976,0.24,0.24,True,True,4,1.0,Pneumonia,1.0,0.2161600000000007,252,1578477.0,3788.3447999999335,2026,2024
030130,BANNER IRONWOOD MEDICAL CENTER,Banner Ironwood Medical Center,QUEEN CREEK,AZ,2,0.9971,0.29,0.29,True,True,5,2.0,Pneumonia,0.6521480344955297,0.12338300000000024,774,8554472.0,24807.96880000012,2026,2024
040088,SOUTH ARKANSAS REGIONAL HOSPITAL LLC,South Arkansas Regional Hospital Llc,EL DORADO,AR,3,0.9997,0.03,0.03,True,True,5,1.0,Heart attack,1.0,-3.086879999999998,812,7916147.0,2374.8440999997383,2026,2024
040118,"BAPTIST MEMORIAL HOSPITAL JONESBORO, INC.",Nea Baptist Memorial Hospital,JONESBORO,AR,2,0.991,0.9,0.9,True,True,6,5.0,Heart failure,0.5793352760444035,17.53374000000001,3600,34141531.0,307273.7790000003,2026,2024
040134,"ARKANSAS HEART HOSPITAL, LLC","Arkansas Heart Hospital, Llc",LITTLE ROCK,AR,1,0.9951,0.49,0.49,True,True,5,2.0,Heart failure,0.6647556900511589,8.755637000000002,2134,30619137.0,150033.77130000046,2026,2024
050036,BAKERSFIELD MEMORIAL HOSPITAL,Bakersfield Memorial Hospital,BAKERSFIELD,CA,5,0.9977,0.23,0.23,True,True,6,3.0,Pneumonia,0.5938817305230821,6.450909999999998,3299,66939690.0,153961.28699999792,2026,2024
050069,PROVIDENCE ST. JOSEPH HOSPITAL,Providence St. Joseph Hospital,ORANGE,CA,4,0.9998,0.02,0.02,True,True,6,3.0,Hip/knee replacement,0.8294268605645855,-4.7246289999999975,4054,83813380.0,16762.675999998155,2026,2024
050078,PROVIDENCE LITTLE CO OF MARY MED CTR SAN PEDRO,Providence Little Co Of Mary Med Ctr San Pedro,SAN PEDRO,CA,5,1.0,0.0,0.0,True,False,5,1.0,COPD,1.0,-1.280764000000004,938,12205665.0,0.0,2026,2024
050100,SHARP MEMORIAL HOSPITAL,Sharp Memorial Hospital,SAN DIEGO,CA,4,0.9991,0.09,0.09,True,True,6,3.0,Hip/knee replacement,0.850155384407514,-1.8903469999999958,5313,98851072.0,88965.96480000118,2026,2024
050112,SANTA MONICA - UCLA MED CTR & ORTHOPAEDIC HOSPITAL,Santa Monica - Ucla Med Ctr & Orthopaedic Hospital,SANTA MONICA,CA,5,0.9937,0.63,0.63,True,True,5,3.0,Pneumonia,0.8565770054459427,15.694752,4356,122244002.0,770137.2125999966,2026,2024
050283,STANFORD HEALTH CARE TRI-VALLEY,Stanford Health Care Tri-Valley,PLEASANTON,CA,4,0.9985,0.15,0.15,True,True,6,2.0,Hip/knee replacement,0.7843396371660972,-8.586068000000008,2636,67272608.0,100908.91199999636,2026,2024
050289,AHMC SETON MEDICAL CENTER,Ahmc Seton Medical Center,DALY CITY,CA,5,0.998,0.2,0.2,True,True,6,2.0,Heart failure,0.6825723933087585,1.3854470000000025,673,14098415.0,28196.830000000024,2026,2024
050367,NORTHBAY MEDICAL CENTER,Northbay Medical Center,FAIRFIELD,CA,5,0.9975,0.25,0.25,True,True,6,4.0,Heart failure,0.668870144334757,6.529486999999998,3406,73938480.0,184846.19999999605,2026,2024
050551,UCI HEALTH - LOS ALAMITOS,Uci Health-Los Alamitos,LOS ALAMITOS,CA,3,0.9966,0.34,0.34,True,True,5,3.0,Hip/knee replacement,0.6590827023630462,-2.8248080000000084,2547,38076719.0,129460.84459999843,2026,2024
050570,UCI HEALTH - FOUNTAIN VALLEY,Uci Health-Fountain Valley,FOUNTAIN VALLEY,CA,5,0.9973,0.27,0.27,True,True,6,4.0,Heart failure,0.6615462441130591,5.074100999999995,3072,53683626.0,144945.7902000019,2026,2024
050588,SAN DIMAS COMMUNITY HOSPITAL,San Dimas Community Hospital,SAN DIMAS,CA,5,0.981,1.9,1.9,True,True,5,3.0,Pneumonia,0.931129001497328,7.751089000000002,785,12477718.0,237076.6420000002,2026,2024
050603,MEMORIALCARE SADDLEBACK MEDICAL CENTER,Memorialcare Saddleback Medical Center,LAGUNA HILLS,CA,2,0.9997,0.03,0.03,True,True,6,2.0,Heart bypass surgery (CABG),0.9258160237388744,-6.987961000000002,2480,39044595.0,11713.37849999871,2026,2024
050701,SOUTHWEST HEALTHCARE RANCHO SPRINGS HOSPITAL,Southwest Healthcare Rancho Springs Hospital,MURRIETA,CA,4,0.9978,0.22,0.22,True,True,5,1.0,Heart failure,1.0,-0.22715099999999755,2381,38122935.0,83870.45699999922,2026,2024
050745,CHAPMAN GLOBAL MEDICAL CENTER,Chapman Global Medical Center,ORANGE,CA,5,0.9969,0.31,0.31,True,True,5,1.0,Pneumonia,1.0,0.5846979999999994,359,4660292.0,14446.905199999961,2026,2024
050766,SUTTER SURGICAL HOSPITAL - NORTH VALLEY,Sutter Surgical Hospital - North Valley,YUBA CITY,CA,3,0.97,3.0,3.0,True,True,1,1.0,Hip/knee replacement,1.0,,113,3287481.0,98624.43000000008,2026,2024
050775,TEMECULA VALLEY HOSPITAL,Temecula Valley Hospital,TEMECULA,CA,3,0.9975,0.25,0.25,True,True,6,4.0,Pneumonia,0.6738158090567973,-0.22703200000000315,2199,48051401.0,120128.50249999744,2026,2024
050779,"MARTIN LUTHER KING, JR. COMMUNITY HOSPITAL","Martin Luther King, Jr. Community Hospital",LOS ANGELES,CA,5,0.9985,0.15,0.15,True,True,4,2.0,Pneumonia,0.9520164011003274,0.44222299999999726,1140,22795627.0,34193.44049999877,2026,2024
060104,CENTURA HEALTH-ST ANTHONY NORTH HEALTH CAMPUS,St Anthony North Hospital,WESTMINSTER,CO,3,0.9998,0.02,0.02,True,True,5,1.0,COPD,1.0,-2.654658,1539,19973840.0,3994.76799999956,2026,2024
070010,BRIDGEPORT HOSPITAL,Bridgeport Hospital,BRIDGEPORT,CT,3,0.9907,0.93,0.93,True,True,6,3.0,Pneumonia,0.9483515958099206,19.928263999999977,4926,80923311.0,752586.792299998,2026,2024
100030,ORLANDO HEALTH-HEALTH CENTRAL HOSPITAL,Orlando Health-Health Central Hospital,OCOEE,FL,3,0.9954,0.46,0.46,True,True,5,4.0,Heart failure,0.36415152293968983,-0.31492199999999215,2627,26869559.0,123599.9714000013,2026,2024
100110,HCA FLORIDA OSCEOLA HOSPITAL,Hca Florida Osceola Hospital,KISSIMMEE,FL,3,0.9937,0.63,0.63,True,True,6,4.0,Heart attack,0.4489942660061301,8.134541999999998,2565,42702844.0,269027.9171999988,2026,2024
100121,BARTOW REGIONAL MEDICAL CENTER,Bartow Regional Medical Center,BARTOW,FL,3,0.9966,0.34,0.34,True,True,5,3.0,Heart failure,0.5735004192254525,0.1854269999999969,681,7415185.0,25211.62899999969,2026,2024
100175,DESOTO MEMORIAL HOSPITAL,Desoto Memorial Hospital,ARCADIA,FL,2,0.998,0.2,0.2,True,True,5,2.0,Pneumonia,0.8207321438664587,0.09448400000000012,252,3501586.0,7003.172000000006,2026,2024
100200,BROWARD HEALTH IMPERIAL POINT,Broward Health Imperial Point,FORT LAUDERDALE,FL,3,0.9961,0.39,0.39,True,True,5,1.0,Pneumonia,1.0,1.1189200000000001,921,11034335.0,43033.90650000016,2026,2024
100290,"VILLAGES REGIONAL HOSPITAL, THE",Uf Health Spanish Plaines Hospital,THE VILLAGES,FL,1,0.9971,0.29,0.29,True,True,5,3.0,Pneumonia,0.8467174658104021,0.1593699999999738,5375,48340189.0,140186.54810000065,2026,2024
110054,ATRIUM HEALTH FLOYD MEDICAL CENTER,Atrium Health Floyd Medical Center,ROME,GA,2,0.9947,0.53,0.53,True,True,6,5.0,Heart failure,0.40767096174306783,10.035072000000001,2890,35639763.0,188890.74389999898,2026,2024
110087,NORTHSIDE HOSPITAL GWINNETT,Northside Hospital Gwinnett,LAWRENCEVILLE,GA,1,0.9965,0.35,0.35,True,True,6,2.0,Heart failure,0.9298854659267967,5.926536000000018,4921,87808088.0,307328.3079999954,2026,2024
110095,TIFT REGIONAL MEDICAL CENTER,Tift Regional Medical Center,TIFTON,GA,4,0.9967,0.33,0.33,True,True,5,3.0,Pneumonia,0.7198043015946877,3.1081510000000003,1670,19164681.0,63243.44729999942,2026,2024
120022,STRAUB CLINIC AND HOSPITAL,Straub Clinic And Hospital,HONOLULU,HI,3,0.9987,0.13,0.13,True,True,6,2.0,Heart attack,0.9409856633566412,-5.709243999999994,2197,47433708.0,61663.820399998476,2026,2024
140011,HERRIN HOSPITAL,Herrin Hospital,HERRIN,IL,5,0.9885,1.15,1.16,True,True,5,3.0,Hip/knee replacement,0.6089661799353115,8.353985999999997,2074,19046368.0,219033.23199999915,2026,2024
140084,VISTA MEDICAL CENTER EAST,Vista Medical Center East,WAUKEGAN,IL,5,0.9984,0.16,0.16,True,True,6,2.0,Pneumonia,0.861497385693626,-0.3540899999999909,1006,11584893.0,18535.82880000053,2026,2024
140135,DECATUR MEMORIAL HOSPITAL,Decatur Memorial Hospital,DECATUR,IL,5,1.0,0.0,0.0,True,False,5,1.0,COPD,1.0,-11.646482000000011,3122,33058817.0,0.0,2026,2024
150109,FRANCISCAN HEALTH LAFAYETTE,Franciscan Health Lafayette,LAFAYETTE,IN,3,0.9987,0.13,0.13,True,True,6,3.0,Heart bypass surgery (CABG),0.6641046882670597,-4.818957000000003,2265,28702097.0,37312.726099999076,2026,2024
150157,ASCENSION ST VINCENT CARMEL,Ascension St Vincent Carmel,CARMEL,IN,2,0.9993,0.07,0.07,True,True,5,1.0,Pneumonia,1.0,-0.5541119999999983,1074,11905763.0,8334.034100000405,2026,2024
150158,IU HEALTH WEST HOSPITAL,Iu Health West Hospital,AVON,IN,3,0.9971,0.29,0.29,True,True,5,1.0,Hip/knee replacement,1.0,-6.3408500000000005,2073,22160348.0,64265.009200000306,2026,2024
150173,INDIANA UNIVERSITY HEALTH ARNETT HOSPITAL,Indiana University Health Arnett Hospital,LAFAYETTE,IN,3,0.9984,0.16,0.16,True,True,6,2.0,Hip/knee replacement,0.5603783628844023,-8.28536,2909,32872452.0,52595.9232000015,2026,2024
160045,ST LUKES HOSPITAL,St Lukes Hospital,CEDAR RAPIDS,IA,2,0.9956,0.44,0.44,True,True,6,2.0,Pneumonia,0.839834362406182,-1.6273169999999788,3280,36661879.0,161312.2675999985,2026,2024
160112,SPENCER MUNICIPAL HOSPITAL,Spencer Municipal Hospital,SPENCER,IA,2,0.996,0.4,0.4,True,True,5,2.0,Pneumonia,0.820602239957078,1.0399110000000014,720,8657924.0,34631.69600000003,2026,2024
170014,ADVENTHEALTH OTTAWA,Adventhealth Ottawa,OTTAWA,KS,3,0.9869,1.31,1.31,True,True,5,2.0,Pneumonia,0.7473629375963002,3.2800489999999995,477,6653971.0,87167.02010000001,2026,2024
170176,OVERLAND PARK REG MED CTR,Overland Park Reg Med Ctr,OVERLAND PARK,KS,1,0.9916,0.84,0.84,True,True,6,4.0,Hip/knee replacement,0.4988134963073805,4.453533000000002,2903,39320849.0,330295.13159999857,2026,2024
180050,HARLAN ARH HOSPITAL,Harlan Arh Hospital,HARLAN,KY,5,0.9899,1.01,1.01,True,True,4,3.0,Pneumonia,0.8243258888663242,4.0918600000000005,446,4643707.0,46901.44069999999,2026,2024
180088,"NORTON HOSPITALS, INC",Norton Hospital / Norton Healthcare Pavilion / Nor,LOUISVILLE,KY,2,0.9923,0.77,0.77,True,True,6,6.0,Heart attack,0.5635881969453546,39.98076799999993,13956,180094393.0,1386726.8261000072,2026,2024
180154,"PINEVILLE COMMUNITY HEALTH CENTER, INC","Pineville Community Health Center, Inc",PINEVILLE,KY,5,0.9979,0.21,0.21,True,True,3,1.0,Pneumonia,1.0,,62,352925.0,741.1424999999967,2026,2024
190019,CHRISTUS ST FRANCES CABRINI HOSPITAL,Christus St Frances Cabrini Hospital,ALEXANDRIA,LA,4,0.9981,0.19,0.19,True,True,6,3.0,Heart bypass surgery (CABG),0.6551284858376955,-4.858150999999987,4082,43922146.0,83452.07740000056,2026,2024
190045,ST TAMMANY PARISH HOSPITAL,St Tammany Parish Hospital,COVINGTON,LA,1,0.994,0.6,0.6,True,True,6,3.0,Heart bypass surgery (CABG),0.892967416527626,-6.942898999999986,2771,28862302.0,173173.81200000015,2026,2024
190088,SPRINGHILL MEDICAL CENTER,Springhill Medical Center,SPRINGHILL,LA,3,0.9998,0.02,0.02,True,True,4,1.0,Pneumonia,1.0,-0.05268799999999946,192,1528538.0,305.7075999999663,2026,2024
220008,STURDY MEMORIAL HOSPITAL,Sturdy Memorial Hospital,ATTLEBORO,MA,4,0.9748,2.52,2.52,True,True,5,4.0,Pneumonia,0.4253176923497364,31.262024999999973,3339,35205126.0,887169.1752,2026,2024
220033,NORTHEAST HOSPITAL CORPORATION,Beverly Hospital Corporation,BEVERLY,MA,4,0.9972,0.28,0.28,True,True,5,3.0,Heart failure,0.6837047195784656,7.586765000000006,6511,69365058.0,194222.16240000172,2026,2024
230015,THREE RIVERS HEALTH,Three Rivers Health,THREE RIVERS,MI,3,0.9977,0.23,0.23,True,True,5,2.0,Pneumonia,0.914937292849886,,230,2095837.0,4820.425099999935,2026,2024
230055,DICKINSON COUNTY MEMORIAL HOSPITAL,Marshfield Medical Center,IRON MOUNTAIN,MI,4,0.9987,0.13,0.13,True,True,5,1.0,Heart failure,1.0,-0.07538800000000145,535,6052125.0,7867.762499999805,2026,2024
230097,MUNSON MEDICAL CENTER,Munson Medical Center,TRAVERSE CITY,MI,2,0.9994,0.06,0.06,True,True,6,1.0,Hip/knee replacement,1.0,-20.298227999999995,4945,80645224.0,48387.134400003626,2026,2024
230132,HURLEY MEDICAL CENTER,Hurley Medical Center,FLINT,MI,5,0.9983,0.17,0.17,True,True,5,1.0,Heart failure,1.0,0.3511630000000008,1954,29808987.0,50675.27790000104,2026,2024
230244,GARDEN CITY HOSPITAL,Garden City Hospital,GARDEN CITY,MI,5,0.9887,1.13,1.13,True,True,5,4.0,Pneumonia,0.6817589448920034,8.405104000000001,1384,17873759.0,201973.4766999996,2026,2024
230259,CHELSEA HOSPITAL,Chelsea Hospital,CHELSEA,MI,1,0.9938,0.62,0.63,True,True,5,2.0,Hip/knee replacement,0.9331734538578609,-2.5866749999999934,1248,10174942.0,63084.64039999983,2026,2024
240002,ESSENTIA HEALTH ST MARY'S MEDICAL CENTER,Essentia Health St Mary's Medical Center,DULUTH,MN,4,0.9999,0.01,0.01,True,True,6,1.0,Pneumonia,1.0,-3.7250809999999994,5673,89132873.0,8913.287299999018,2026,2024
240036,CENTRACARE - ST. CLOUD HOSPITAL,St Cloud Hospital,SAINT CLOUD,MN,3,0.9999,0.01,0.01,True,True,6,1.0,COPD,1.0,-22.765668000000016,6552,131399775.0,13139.977499998553,2026,2024
240053,PARK NICOLLET METHODIST HOSPITAL,Park Nicollet Methodist Hospital,SAINT LOUIS PARK,MN,2,0.99,1.0,1.0,True,True,6,6.0,Hip/knee replacement,0.2777629432974934,17.118906999999986,5631,65994226.0,659942.2600000006,2026,2024
240080,M HEALTH FAIRVIEW UNIVERSITY OF MN MEDICAL CENTER,M Health Fairview University Of Mn Medical Center,MINNEAPOLIS,MN,4,1.0,0.0,0.01,True,False,6,1.0,COPD,1.0,-4.798149000000002,4282,137300081.0,0.0,2026,2024
250007,Memorial Hospital Biloxi,Merit Health Biloxi,BILOXI,MS,3,0.9939,0.61,0.61,True,True,5,2.0,Pneumonia,0.713548952284063,1.9115290000000003,508,5886806.0,35909.516599999966,2026,2024
250036,GEORGE REGIONAL HEALTH SYSTEM,George Regional Health System,LUCEDALE,MS,3,0.9983,0.17,0.17,True,True,3,1.0,Heart failure,1.0,,194,1865967.0,3172.143900000065,2026,2024
250044,BAPTIST MEMORIAL HOSPITAL BOONEVILLE,Baptist Memorial Hospital Booneville,BOONEVILLE,MS,3,0.9996,0.04,0.04,True,True,3,1.0,COPD,1.0,-0.7733369999999999,286,3169571.0,1267.8283999998603,2026,2024
250097,SOUTHWEST MS REGIONAL MEDICAL CENTER,Southwest Ms Regional Medical Center,MCCOMB,MS,5,0.9947,0.53,0.53,True,True,6,4.0,Pneumonia,0.5022042456941581,4.591672000000004,1180,10659985.0,56497.920499999695,2026,2024
260034,BATES COUNTY MEMORIAL HOSPITAL,Bates County Memorial Hospital,BUTLER,MO,4,0.9991,0.09,0.09,True,True,5,1.0,Pneumonia,1.0,,145,1841725.0,1657.5525000000218,2026,2024
260070,PEMISCOT COUNTY MEMORIAL HOSPITAL,Pemiscot County Memorial Hospital,HAYTI,MO,5,0.9964,0.36,0.36,True,True,4,1.0,Pneumonia,1.0,,69,671650.0,2417.940000000032,2026,2024
260085,ST JOSEPH MEDICAL CENTER,St Joseph Medical Center,KANSAS CITY,MO,3,0.9942,0.58,0.58,True,True,6,3.0,Pneumonia,0.6692677447595767,1.6096679999999957,1502,15255422.0,88481.44760000042,2026,2024
260096,NKC HEALTH,North Kansas City Hospital,NORTH KANSAS CITY,MO,2,0.9979,0.21,0.21,True,True,6,3.0,Pneumonia,0.6805959805959811,-10.538878999999989,5316,62881816.0,132051.8135999994,2026,2024
280139,GRAND ISLAND REGIONAL MEDICAL CENTER,Grand Island Regional Medical Center,GRAND ISLAND,NE,2,0.9956,0.44,0.44,True,True,5,3.0,Pneumonia,0.6759277794217482,1.2210510000000003,749,9623384.0,42342.88959999961,2026,2024
290007,UNIVERSITY MEDICAL CENTER,University Medical Center,LAS VEGAS,NV,2,0.9965,0.35,0.35,True,True,6,3.0,Heart failure,0.4363653555219362,5.063266000000009,2940,63036191.0,220626.6684999967,2026,2024
290054,CENTENNIAL HILLS HOSPITAL MEDICAL CENTER,Centennial Hills Hospital Medical Center,LAS VEGAS,NV,1,0.9945,0.55,0.55,True,True,5,3.0,Pneumonia,0.7782134968545245,4.53004899999999,3330,41956031.0,230758.17049999788,2026,2024
310027,TRINITAS REGIONAL MEDICAL CENTER,Trinitas Regional Medical Center,ELIZABETH,NJ,5,0.9952,0.48,0.48,True,True,5,3.0,Pneumonia,0.726959408988139,4.029209999999999,1281,23957633.0,114996.63840000064,2026,2024
310075,MONMOUTH MEDICAL CENTER,Monmouth Medical Center,LONG BRANCH,NJ,2,0.997,0.3,0.3,True,True,5,3.0,Pneumonia,0.7881705104949467,1.8759929999999996,2870,44327761.0,132983.2830000001,2026,2024
310108,JFK UNIVERSITY MEDICAL CENTER,Jfk University Medical Center,EDISON,NJ,3,0.9975,0.25,0.25,True,True,5,2.0,Pneumonia,0.810939916896667,5.0477459999999725,5327,79559648.0,198899.11999999575,2026,2024
320006,EASTERN NEW MEXICO MEDICAL CENTER,Eastern New Mexico Medical Center,ROSWELL,NM,4,0.9956,0.44,0.44,True,True,5,3.0,Heart attack,0.5147672892612386,1.5677840000000023,1101,9743442.0,42871.14479999961,2026,2024
320017,LOVELACE WOMEN'S HOSPITAL,Lovelace Women's Hospital,ALBUQUERQUE,NM,2,0.9995,0.05,0.05,True,True,5,1.0,Pneumonia,1.0,,609,5787331.0,2893.6654999996813,2026,2024
330107,PECONIC BAY MEDICAL CENTER,Peconic Bay Medical Center,RIVERHEAD,NY,3,0.9962,0.38,0.38,True,True,5,2.0,Heart failure,0.8334259161949944,-1.5788429999999947,4501,55833477.0,212167.21260000143,2026,2024
330151,ST JAMES HOSPITAL,St James Hospital,HORNELL,NY,4,0.9939,0.61,0.61,True,True,4,3.0,Pneumonia,0.6419879263373053,0.43955999999999873,308,3813130.0,23260.09299999998,2026,2024
330182,ST FRANCIS HOSPITAL - THE HEART CENTER,"St Francis Hospital, Roslyn",ROSLYN,NY,1,0.9956,0.44,0.44,True,True,6,2.0,Heart attack,0.5749634757887256,-20.041897999999975,11252,191426096.0,842274.8223999923,2026,2024
330239,UPMC CHAUTAUQUA AT WCA,Upmc Chautauqua At Wca,JAMESTOWN,NY,5,0.999,0.1,0.1,True,True,5,2.0,Pneumonia,0.8444366741506868,0.13377300000000225,1101,11731872.0,11731.87200000001,2026,2024
330332,CHSLI ST JOSEPH HOSPITAL,St Joseph Hospital,BETHPAGE,NY,4,0.9979,0.21,0.21,True,True,5,2.0,Pneumonia,0.8826321768609346,-1.5873500000000031,3117,35950029.0,75495.06089999966,2026,2024
340028,CAPE FEAR VALLEY MEDICAL CENTER,Cape Fear Valley Medical Center,FAYETTEVILLE,NC,5,0.9943,0.57,0.57,True,True,6,4.0,Pneumonia,0.5212420018242785,25.92352799999995,5431,73023479.0,416233.8303000028,2026,2024
340060,UNC ROCKINGHAM,Unc Rockingham,EDEN,NC,4,0.9971,0.29,0.29,True,True,5,3.0,Pneumonia,0.6075217946170893,0.4135989999999997,281,2604918.0,7554.262200000036,2026,2024
340097,HUGH CHATHAM MEMORIAL HOSPITAL,Hugh Chatham Memorial Hospital,ELKIN,NC,3,0.9908,0.92,0.92,True,True,5,4.0,Hip/knee replacement,0.6540061493941034,0.6866619999999973,495,4745529.0,43658.86679999993,2026,2024
360071,VAN WERT COUNTY HOSPITAL,Van Wert County Hospital,VAN WERT,OH,2,0.9995,0.05,0.05,True,True,5,1.0,Heart failure,1.0,,302,4482267.0,2241.133499999753,2026,2024
360076,ATRIUM MEDICAL CENTER,Atrium Medical Center,FRANKLIN,OH,3,0.995,0.5,0.5,True,True,6,3.0,Heart attack,0.42243917557725147,0.2530899999999955,2145,22043600.0,110218.0000000001,2026,2024
360080,EAST OHIO REGIONAL HOSPITAL,East Ohio Regional Hospital,MARTINS FERRY,OH,4,0.9888,1.12,1.12,True,True,5,2.0,Pneumonia,0.7996957805485594,2.3162549999999995,349,2462644.0,27581.61279999997,2026,2024
360087,LUTHERAN HOSPITAL,Lutheran Hospital,CLEVELAND,OH,5,0.9981,0.19,0.19,True,True,5,2.0,Hip/knee replacement,0.8494572198574412,,595,9023181.0,17144.043900000117,2026,2024
360095,BLANCHARD VALLEY HOSPITAL,Blanchard Valley Hospital,FINDLAY,OH,2,0.9975,0.25,0.25,True,True,6,3.0,Heart bypass surgery (CABG),0.5124927499971571,-10.823814000000008,2105,19443841.0,48609.60249999896,2026,2024
360107,BELLEVUE HOSPITAL,Bellevue Hospital,BELLEVUE,OH,2,0.9951,0.49,0.49,True,True,3,1.0,Pneumonia,1.0,0.32934799999999886,309,2147785.0,10524.146500000033,2026,2024
360152,DOCTORS HOSPITAL,Doctors Hospital,COLUMBUS,OH,4,0.9969,0.31,0.31,True,True,5,2.0,Pneumonia,0.8688677462037677,-0.9400220000000037,1590,20682782.0,64116.624199999824,2026,2024
360189,MADISON HEALTH,Madison Health,LONDON,OH,3,0.9967,0.33,0.33,True,True,5,2.0,Heart failure,0.8481651712947319,0.3554400000000001,188,2435819.0,8038.202699999926,2026,2024
370022,JACKSON COUNTY MEMORIAL HOSPITAL AUTHORITY,Jackson County Memorial Hospital Authority,ALTUS,OK,4,0.9998,0.02,0.02,True,True,5,1.0,COPD,1.0,-1.6472219999999993,739,8345748.0,1669.1495999998162,2026,2024
370049,STILLWATER MEDICAL CENTER,Stillwater Medical Center,STILLWATER,OK,2,0.9955,0.45,0.45,True,True,5,3.0,Heart failure,0.8522336331897752,2.3833290000000096,2078,22508244.0,101287.09799999883,2026,2024
370078,OKLAHOMA STATE UNIVERSITY MEDICAL CENTER,Oklahoma State University Medical Center,TULSA,OK,5,0.9964,0.36,0.36,True,True,6,4.0,Heart bypass surgery (CABG),0.4166269033379992,1.9395820000000028,1383,24031559.0,86513.61240000115,2026,2024
370113,INTEGRIS GROVE HOSPITAL,Integris Grove Hospital,GROVE,OK,4,0.9997,0.03,0.03,True,True,5,1.0,Heart failure,1.0,-0.5219109999999998,424,4273203.0,1281.9608999998588,2026,2024
370183,HILLCREST HOSPITAL HENRYETTA,Hillcrest Hospital Henryetta,HENRYETTA,OK,5,0.9971,0.29,0.29,True,True,4,1.0,Pneumonia,1.0,,106,927241.0,2688.998900000013,2026,2024
380103,KAISER FOUNDATION HOSPITAL WESTSIDE,Kaiser Foundation Hospital Westside,HILLSBORO,OR,2,0.9998,0.02,0.02,True,True,4,1.0,Pneumonia,1.0,,307,3200441.0,640.0881999999295,2026,2024
390001,GEISINGER-COMMUNITY MEDICAL CENTER,Geisinger Community Medical Center,SCRANTON,PA,4,0.9951,0.49,0.49,True,True,6,4.0,Pneumonia,0.7508659886300089,4.2953129999999975,5045,63798862.0,312614.423800001,2026,2024
390100,LANCASTER GENERAL HOSPITAL,Lancaster General Hospital,LANCASTER,PA,2,0.9963,0.37,0.37,True,True,6,2.0,Heart bypass surgery (CABG),0.5381379136039092,-45.885271999999986,7747,104766123.0,387634.6551000038,2026,2024
390211,SHARON REGIONAL MEDICAL CENTER,Sharon Regional Health System,SHARON,PA,4,0.9979,0.21,0.21,True,True,6,1.0,Heart failure,1.0,1.3184279999999966,750,7367222.0,15471.166199999932,2026,2024
390219,EXCELA HEALTH LATROBE HOSPITAL,Independence Health System Latrobe Hospital,LATROBE,PA,3,0.9999,0.01,0.01,True,True,5,2.0,Heart failure,0.8724645734926492,-1.031305,1033,10571370.0,1057.1369999998835,2026,2024
390226,PENNSYLVANIA HOSPITAL,Pennsylvania Hospital,PHILADELPHIA,PA,5,0.9995,0.05,0.05,True,True,5,2.0,Heart failure,0.7817975952984317,2.841040000000012,3173,56570564.0,28285.281999996885,2026,2024
390233,UPMC HANOVER,Upmc Hanover,HANOVER,PA,1,0.9978,0.22,0.22,True,True,5,2.0,Heart attack,0.9807588704979571,-4.152713999999993,2132,22581212.0,49678.66639999954,2026,2024
390265,JEFFERSON HOSPITAL,Jefferson Hospital,JEFFERSON HILLS,PA,2,0.9916,0.84,0.83,True,True,6,5.0,Heart attack,0.46835504333930533,-0.701535000000014,2079,22302986.0,187345.08239999917,2026,2024
390266,GROVE CITY MEDICAL CENTER,Grove City Hospital,GROVE CITY,PA,3,0.9991,0.09,0.09,True,True,5,1.0,Heart failure,1.0,,243,2227126.0,2004.4134000000265,2026,2024
420015,PRISMA HEALTH BAPTIST EASLEY HOSPITAL,Prisma Health Baptist Easley Hospital,EASLEY,SC,4,0.9994,0.06,0.06,True,True,5,1.0,COPD,1.0,-3.5869139999999953,1263,10780452.0,6468.271200000485,2026,2024
420027,ANMED HEALTH,Anmed Health,ANDERSON,SC,4,0.9995,0.05,0.05,True,True,6,1.0,Pneumonia,1.0,-2.9137080000000046,4332,63458869.0,31729.434499996507,2026,2024
420103,PELHAM MEDICAL CENTER,Pelham Medical Center,GREER,SC,2,0.9992,0.08,0.08,True,True,5,1.0,Heart failure,1.0,-0.5953909999999969,964,8878083.0,7102.466400000203,2026,2024
420109,MCLEOD HEALTH CLARENDON,Mcleod Health Clarendon,MANNING,SC,5,0.9996,0.04,0.04,True,True,5,1.0,Pneumonia,1.0,0.21561600000000053,551,6160919.0,2464.3675999997286,2026,2024
430015,AVERA ST MARY'S HOSPITAL,Avera St Mary's Hospital,PIERRE,SD,1,0.9997,0.03,0.03,True,True,5,1.0,Heart failure,1.0,-0.6902970000000002,532,6945495.0,2083.6484999997706,2026,2024
440072,DYERSBURG REGIONAL MEDICAL CENTER,West Tennessee Healthcare Dyersburg Hospital,DYERSBURG,TN,4,0.9971,0.29,0.29,True,True,4,2.0,Pneumonia,0.7197362286018782,-1.3346729999999989,739,7301850.0,21175.3650000001,2026,2024
440081,LECONTE MEDICAL CENTER,Leconte Medical Center,SEVIERVILLE,TN,1,0.9999,0.01,0.01,True,True,5,1.0,Heart failure,1.0,-0.7044099999999998,741,7040760.0,704.0759999999225,2026,2024
440110,FORT LOUDOUN MEDICAL CENTER,Fort Loudon Medical Center,LENOIR CITY,TN,1,0.9957,0.43,0.43,True,True,4,3.0,Pneumonia,0.631091639943995,1.0015380000000016,542,5043227.0,21685.876099999852,2026,2024
440120,PHYSICIANS REGIONAL MEDICAL CENTER,Tennova Healthcare North Knoxville Medical Center,POWELL,TN,2,0.9863,1.37,1.37,True,True,6,4.0,Heart bypass surgery (CABG),0.9233177344102599,3.796529999999993,3522,39614140.0,542713.7180000019,2026,2024
440132,WEST TENNESSEE HEALTHCARE HENRY COUNTY HOSPITAL,West Tennessee Healthcare Henry County Hospital,PARIS,TN,2,0.9991,0.09,0.09,True,True,5,2.0,Heart failure,0.9218362675499242,-1.928552,562,5377621.0,4839.858900000064,2026,2024
450002,THE HOSPITALS OF PROVIDENCE - MEMORIAL CAMPUS,The Hospitals Of Providence Memorial Campus,EL PASO,TX,4,0.999,0.1,0.1,True,True,5,2.0,Pneumonia,0.9851506151887998,0.4049400000000003,882,10990029.0,10990.02900000001,2026,2024
450018,UNIVERSITY OF TEXAS MEDICAL BRANCH GALVESTON,University Of Texas Medical Branch,GALVESTON,TX,1,0.9908,0.92,0.92,True,True,6,4.0,Heart failure,0.5090019201870096,23.973006000000026,5342,97595226.0,897876.0791999986,2026,2024
450051,METHODIST DALLAS MEDICAL CENTER,Methodist Dallas Medical Center,DALLAS,TX,3,0.9998,0.02,0.02,True,True,5,1.0,COPD,1.0,-0.8585039999999953,2436,45193845.0,9038.768999999005,2026,2024
450107,LAS PALMAS MEDICAL CENTER A CAMPUS OF LPDS HEALTHC,Las Palmas Medical Center A Campus Of Lpds Healthc,EL PASO,TX,4,0.9937,0.63,0.63,True,True,6,4.0,Pneumonia,0.6715614889196252,8.951654000000003,3035,43524358.0,274203.4553999988,2026,2024
450147,DE TAR HOSPITAL NAVARRO,Detar Healthcare System,VICTORIA,TX,2,0.9969,0.31,0.31,True,True,6,2.0,Heart attack,0.9528543027548996,-2.870460000000006,1734,18409444.0,57069.27639999985,2026,2024
450289,HARRIS HEALTH,Harris Health,HOUSTON,TX,4,0.9995,0.05,0.05,True,True,6,1.0,Heart failure,1.0,0.4038660000000007,959,125361175.0,62680.5874999931,2026,2024
450422,BAYLOR SCOTT AND WHITE MEDICAL CENTER UPTOWN,Baylor Scott And White Medical Center Uptown,DALLAS,TX,1,0.999,0.1,0.1,True,True,1,1.0,Hip/knee replacement,1.0,,93,1330568.0,1330.5680000000011,2026,2024
450469,WILSON N JONES REGIONAL MEDICAL CENTER,Wilson N Jones Regional Medical Center,SHERMAN,TX,2,0.9967,0.33,0.33,True,True,5,1.0,Heart failure,1.0,1.1107900000000006,328,3147061.0,10385.301299999905,2026,2024
450584,WILBARGER GENERAL HOSPITAL,Wilbarger General Hospital,VERNON,TX,2,0.9997,0.03,0.03,True,True,5,1.0,Pneumonia,1.0,,242,3061719.0,918.5156999998989,2026,2024
450669,MEDICAL CITY LEWISVILLE,Medical City Lewisville,LEWISVILLE,TX,1,0.996,0.4,0.4,True,True,6,3.0,Pneumonia,0.7000711120835844,1.0686010000000006,1348,17361074.0,69444.29600000006,2026,2024
450747,PALESTINE REGIONAL MEDICAL CENTER,Palestine Regional Medical Center,PALESTINE,TX,3,0.9959,0.41,0.41,True,True,5,3.0,Pneumonia,0.4744317180616753,1.0730060000000006,495,4551419.0,18660.817899999965,2026,2024
460009,UNIVERSITY OF UTAH HOSPITAL AND CLINICS,University Of Utah Hospital And Clinics,SALT LAKE CITY,UT,3,0.9988,0.12,0.12,True,True,6,2.0,Heart attack,0.7244773808207055,-21.029069000000007,6643,164678950.0,197614.73999999653,2026,2024
460047,ST MARK'S HOSPITAL,St Mark's Hospital,SALT LAKE CITY,UT,2,0.9968,0.32,0.32,True,True,6,1.0,Heart bypass surgery (CABG),1.0,-8.903267,2632,36409610.0,116510.7519999993,2026,2024
490023,FAUQUIER HOSPITAL,Fauquier Hospital,WARRENTON,VA,1,0.9945,0.55,0.55,True,True,5,2.0,Heart failure,0.9179945548342763,1.6724610000000006,968,8608980.0,47349.38999999956,2026,2024
490077,SENTARA MARTHA JEFFERSON HOSPITAL,Sentara Martha Jefferson Hospital,CHARLOTTESVILLE,VA,1,1.0,0.0,0.0,True,False,5,1.0,COPD,1.0,-16.239231999999983,3013,28703156.0,0.0,2026,2024
490112,CJW MEDICAL CENTER,Cjw Medical Center,RICHMOND,VA,2,0.9976,0.24,0.25,True,True,6,3.0,Heart attack,0.5492879861636756,-2.408048000000023,9229,108103524.0,259448.45759999542,2026,2024
500033,SAMARITAN HOSPITAL,Samaritan Hospital,MOSES LAKE,WA,4,0.9998,0.02,0.02,True,True,5,1.0,Heart failure,1.0,0.13784500000000274,681,8123081.0,1624.616199999821,2026,2024
500036,YAKIMA VALLEY MEMORIAL,Yakima Valley Memorial,YAKIMA,WA,4,0.9998,0.02,0.02,True,True,5,1.0,COPD,1.0,-8.41575799999999,2987,37069350.0,7413.869999999183,2026,2024
500044,DEACONESS MEDICAL CENTER,Multicare Deaconess Hospital,SPOKANE,WA,3,0.999,0.1,0.1,True,True,6,2.0,Heart attack,0.9536634810309875,-10.37595800000001,2590,43948689.0,43948.68900000004,2026,2024
500053,TRIOS HEALTH,Trios,KENNEWICK,WA,4,0.9968,0.32,0.32,True,True,5,3.0,Heart attack,0.9037958799539887,0.42863399999999885,1494,18681071.0,59779.42719999964,2026,2024
500150,LEGACY SALMON CREEK MEDICAL CENTER,Legacy Salmon Creek Medical Center,VANCOUVER,WA,3,0.9964,0.36,0.36,True,True,5,3.0,Heart failure,0.6517059741611024,0.7086790000000044,2069,29570032.0,106452.11520000141,2026,2024
510023,"WEIRTON MEDICAL CENTER, INC","Weirton Medical Center, Inc",WEIRTON,WV,2,0.9972,0.28,0.28,True,True,5,4.0,Pneumonia,0.5509623569960338,1.3953090000000197,2415,18297019.0,51231.65320000045,2026,2024
520011,MARSHFIELD MEDICAL CENTER - RICE LAKE,Marshfield Medical Center - Rice Lake,RICE LAKE,WI,5,0.993,0.7,0.7,True,True,4,2.0,Heart failure,0.5867285290449947,2.440530999999998,444,4627553.0,32392.87100000003,2026,2024
520038,AURORA MEDICAL CTR WASHINGTON COUNTY,Aurora Medical Ctr Washington County,HARTFORD,WI,2,0.9992,0.08,0.08,True,True,5,1.0,Pneumonia,1.0,,327,3374965.0,2699.9720000000775,2026,2024
520089,UNITYPOINT HEALTH - MERITER,Unitypoint Health - Meriter,MADISON,WI,4,0.9969,0.31,0.31,True,True,5,2.0,Pneumonia,0.7859495471217894,3.100885999999983,3573,40877452.0,126720.10119999966,2026,2024
520096,ASCENSION ALL SAINTS HOSPITAL,Ascension All Saints Hospital,RACINE,WI,5,0.9961,0.39,0.39,True,True,6,3.0,Heart attack,0.45581366780094096,1.7857350000000076,1516,16521113.0,64432.34070000024,2026,2024
520138,AURORA ST LUKES MEDICAL CENTER,Aurora St Lukes Medical Center,MILWAUKEE,WI,5,0.9979,0.21,0.21,True,True,6,2.0,Pneumonia,0.9365234948439173,0.16745999999996553,7506,122708371.0,257687.57909999887,2026,2024
520208,SSM HEALTH ST MARY'S HOSPITAL - JANESVILLE,Ssm Health St Mary's Hospital - Janesville,JANESVILLE,WI,2,0.9992,0.08,0.08,True,True,5,2.0,Heart failure,0.6923957637629979,0.11756800000000377,896,7570547.0,6056.437600000174,2026,2024
670055,METHODIST HOSPITAL  STONE OAK,Methodist Hospital  Stone Oak,SAN ANTONIO,TX,1,0.9972,0.28,0.28,True,True,6,2.0,Pneumonia,0.6258498759940099,-2.501755000000019,4838,55075207.0,154210.57960000137,2026,2024
670060,BAYLOR SCOTT AND WHITE MEDICAL CENTER SUNNYVALE,Baylor Scott And White Medical Center Sunnyvale,SUNNYVALE,TX,3,0.9948,0.52,0.52,True,True,5,2.0,Pneumonia,0.9060971200460435,1.8851799999999963,945,9194052.0,47809.07039999984,2026,2024
010059,LAWRENCE MEDICAL CENTER,Lawrence Medical Center,MOULTON,AL,2,0.9976,0.24,0.24,True,True,4,1.0,Pneumonia,1.0,,79,613775.0,1473.059999999974,2026,2024
390326,ST LUKE'S HOSPITAL - ANDERSON CAMPUS,St Luke's Hospital - Anderson Campus,EASTON,PA,2,0.9989,0.11,0.11,True,True,5,3.0,Heart attack,0.6823022028631188,-0.5379950000000248,4432,54057957.0,59463.75269999945,2026,2024
100092,ORLANDO HEALTH ROCKLEDGE HOSPITAL,Orlando Health Rockledge Hospital,ROCKLEDGE,FL,2,0.9977,0.23,0.23,True,True,6,2.0,Heart attack,0.9140046442896349,-4.259499999999998,1598,18328413.0,42155.349899999426,2026,2024
010005,MARSHALL MEDICAL CENTERS,Marshall Medical Centers South Campus,BOAZ,AL,2,0.9995,0.05,0.05,True,True,5,1.0,Heart failure,1.0,-7.027451999999999,1344,11507258.0,5753.628999999366,2026,2024
010006,NORTH ALABAMA MEDICAL CENTER,North Alabama Medical Center,FLORENCE,AL,1,0.9988,0.12,0.12,True,True,6,3.0,COPD,0.5597440603144689,-3.8969119999999977,3497,36036917.0,43244.300399999236,2026,2024
010012,DEKALB REGIONAL MEDICAL CENTER,Dekalb Regional Medical Center,FORT PAYNE,AL,2,0.9922,0.78,0.78,True,True,5,3.0,Heart failure,0.49802389006446324,1.926244,541,5488594.0,42811.03320000016,2026,2024
010033,UNIVERSITY OF ALABAMA HOSPITAL,University Of Alabama Hospital,BIRMINGHAM,AL,2,0.9895,1.05,1.05,True,True,6,4.0,Heart bypass surgery (CABG),0.6466266353113085,22.630419000000003,8647,188332780.0,1977494.1899999913,2026,2024
010035,CULLMAN REGIONAL MEDICAL CENTER,Cullman Regional Medical Center,CULLMAN,AL,2,0.9987,0.13,0.13,True,True,5,3.0,COPD,0.760242396126301,-1.0403249999999993,2326,21082651.0,27407.446299999323,2026,2024
010061,HIGHLANDS MEDICAL CENTER,Highlands Medical Center,SCOTTSBORO,AL,2,0.9998,0.02,0.02,True,True,5,1.0,COPD,1.0,-0.6460399999999987,527,4514818.0,902.9635999999006,2026,2024
010079,ATHENS LIMESTONE HOSPITAL,Athens Limestone Hospital,ATHENS,AL,1,0.9913,0.87,0.87,True,True,5,3.0,Pneumonia,0.5266640066581264,1.625072000000002,1007,9638200.0,83852.34000000039,2026,2024
010097,ELMORE COMMUNITY HOSPITAL,Elmore Community Hospital,WETUMPKA,AL,1,0.9984,0.16,0.16,True,True,4,1.0,Pneumonia,1.0,,151,1187292.0,1899.6672000000544,2026,2024
020012,FAIRBANKS MEMORIAL HOSPITAL,Fairbanks Memorial Hospital,FAIRBANKS,AK,5,0.9992,0.08,0.08,True,True,5,2.0,Hip/knee replacement,0.6598359724651827,-3.099335999999997,1475,36395038.0,29116.030400000833,2026,2024
030092,HONORHEALTH DEER VALLEY MEDICAL CENTER,Honorhealth Deer Valley Medical Center,PHOENIX,AZ,2,0.9943,0.57,0.57,True,True,6,5.0,Heart bypass surgery (CABG),0.42609909328394824,2.630041999999997,3537,51114804.0,291354.38280000194,2026,2024
030101,WESTERN ARIZONA REGIONAL MEDICAL CENTER,Western Arizona Regional Medical Center,BULLHEAD CITY,AZ,2,0.9991,0.09,0.09,True,True,5,1.0,COPD,1.0,-1.57558,1299,13799488.0,12419.539200000165,2026,2024
030105,BANNER HEART HOSPITAL,Banner Heart Hospital,MESA,AZ,1,0.9923,0.77,0.77,True,True,5,1.0,Heart bypass surgery (CABG),1.0,-6.443438000000002,1682,30907948.0,237991.19960000124,2026,2024
030111,BANNER-UNIVERSITY MEDICAL CENTER SOUTH CAMPUS,Banner-University Medical Center South Campus,TUCSON,AZ,5,0.9996,0.04,0.04,True,True,4,1.0,Heart attack,1.0,-0.7740299999999978,893,14061170.0,5624.4679999993805,2026,2024
040017,NORTH ARKANSAS REGIONAL MEDICAL CENTER,North Arkansas Regional Medical Center,HARRISON,AR,3,0.9967,0.33,0.33,True,True,5,2.0,Pneumonia,0.7335499357748576,0.5748329999999978,665,6245942.0,20611.60859999981,2026,2024
050009,PROVIDENCE QUEEN OF THE VALLEY MEDICAL CENTER,Providence Queen Of The Valley Medical Center,NAPA,CA,5,0.9998,0.02,0.02,True,True,6,1.0,Heart bypass surgery (CABG),1.0,-5.976021000000001,2221,41290837.0,8258.16739999909,2026,2024
050058,GLENDALE MEM HOSPITAL & HLTH CENTER,Glendale Mem Hospital & Hlth Center,GLENDALE,CA,5,0.992,0.8,0.8,True,True,6,2.0,Pneumonia,0.7113845916159022,12.679799999999998,2137,38547452.0,308379.6160000003,2026,2024
050077,SCRIPPS MERCY HOSPITAL,Scripps Mercy Hospital,SAN DIEGO,CA,5,0.9966,0.34,0.34,True,True,6,5.0,Pneumonia,0.8066326108124008,8.737269000000005,4563,90852970.0,308900.0979999962,2026,2024
050102,PARKVIEW COMMUNITY HOSPITAL MEDICAL CENTER,"Doctors Hospital Of Riverside, Llc",RIVERSIDE,CA,5,0.9985,0.15,0.15,True,True,5,2.0,Heart failure,0.9276723432446122,0.5537810000000019,1040,15835310.0,23752.96499999914,2026,2024
050127,WOODLAND MEMORIAL HOSPITAL,Woodland Memorial Hospital,WOODLAND,CA,5,0.9987,0.13,0.13,True,True,5,1.0,Pneumonia,1.0,0.6977979999999987,758,13416165.0,17441.01449999957,2026,2024
050180,JOHN MUIR MEDICAL CENTER - WALNUT CREEK CAMPUS,John Muir Medical Center - Walnut Creek Campus,WALNUT CREEK,CA,3,0.9987,0.13,0.13,True,True,5,2.0,Pneumonia,0.9558733826579308,-14.948012000000013,6787,141394730.0,183813.14899999546,2026,2024
050230,GARDEN GROVE HOSPITAL & MEDICAL CENTER,Garden Grove Hospital & Medical Center,GARDEN GROVE,CA,5,0.9828,1.72,1.72,True,True,5,2.0,Pneumonia,0.9995696208191737,9.18018,1113,18338116.0,315415.59519999987,2026,2024
050236,ADVENTIST HEALTH SIMI VALLEY,Adventist Health Simi Valley,SIMI VALLEY,CA,4,0.9869,1.31,1.31,True,True,5,4.0,Pneumonia,0.49616908909124263,13.576401000000004,2506,35648221.0,466991.6951,2026,2024
050262,RONALD REAGAN UCLA MEDICAL CENTER,Ronald Reagan Ucla Medical Center,LOS ANGELES,CA,5,0.9999,0.01,0.01,True,True,6,1.0,Heart bypass surgery (CABG),1.0,-10.362596000000002,5415,253038907.0,25303.890699997213,2026,2024
050394,COMMUNITY MEMORIAL HOSPITAL - VENTURA,Community Memorial Hospital - Ventura,VENTURA,CA,3,0.9999,0.01,0.01,True,True,6,1.0,Heart attack,1.0,-1.6629990000000023,3330,62768857.0,6276.885699999309,2026,2024
050586,CHINO VALLEY MEDICAL CENTER,Chino Valley Medical Center,CHINO,CA,5,0.9999,0.01,0.01,True,True,5,1.0,Heart failure,1.0,0.44484900000000227,874,13947482.0,1394.7481999998463,2026,2024
060071,DELTA COUNTY MEMORIAL HOSPITAL,Delta County Memorial Hospital,DELTA,CO,1,0.9995,0.05,0.05,True,True,5,1.0,Heart failure,1.0,,397,3402662.0,1701.3309999998125,2026,2024
060116,GOOD SAMARITAN MEDICAL CENTER LLC,Intermountain Health Good Samaritan Hospital,LAFAYETTE,CO,1,0.9992,0.08,0.08,True,True,5,2.0,Pneumonia,0.8243522946256522,0.03124999999999986,1065,13206385.0,10565.108000000302,2026,2024
060119,MEDICAL CENTER OF THE ROCKIES,Medical Center Of The Rockies,LOVELAND,CO,1,0.9997,0.03,0.03,True,True,6,1.0,Pneumonia,1.0,-10.978163999999992,3328,60613334.0,18184.000199997998,2026,2024
070003,DAY KIMBALL HOSPITAL,Day Kimball Hospital,PUTNAM,CT,3,0.9872,1.28,1.28,True,True,5,3.0,Heart failure,0.5052173873678114,5.021843000000001,798,9261257.0,118544.08960000031,2026,2024
070008,JOHNSON MEMORIAL HOSPITAL,Johnson Memorial Hospital,STAFFORD SPRINGS,CT,1,0.9982,0.18,0.18,True,True,4,2.0,Heart failure,0.6737044145873328,0.14955000000000052,285,2905655.0,5230.179000000069,2026,2024
070033,DANBURY HOSPITAL,Danbury Hospital,DANBURY,CT,1,0.9967,0.33,0.33,True,True,6,1.0,Pneumonia,1.0,0.7618690000000051,5540,97965971.0,323287.704299997,2026,2024
080004,"BAYHEALTH MEDICAL CENTER, KENT CAMPUS","Bayhealth Medical Center, Kent Campus",DOVER,DE,2,0.9923,0.77,0.77,True,True,6,5.0,Pneumonia,0.45597378654545173,8.588154000000007,4798,68452331.0,527082.9487000027,2026,2024
100053,HIALEAH HOSPITAL,Hialeah Hospital,HIALEAH,FL,5,0.9955,0.45,0.45,True,True,4,3.0,Heart failure,0.7388346655537167,3.2320080000000004,699,9098747.0,40944.36149999953,2026,2024
100073,HOLY CROSS HOSPITAL,Holy Cross Hospital,FT LAUDERDALE,FL,1,0.9952,0.48,0.48,True,True,6,2.0,Pneumonia,0.9484998742770933,0.599386000000006,4592,59550974.0,285844.67520000157,2026,2024
100109,ADVENTHEALTH SEBRING,Adventhealth Sebring,SEBRING,FL,1,0.9984,0.16,0.16,True,True,5,3.0,COPD,0.5668502263358087,-7.47177799999999,3539,40091407.0,64146.25120000184,2026,2024
100122,NORTH OKALOOSA MEDICAL CENTER,North Okaloosa Medical Center,CRESTVIEW,FL,3,0.9986,0.14,0.14,True,True,6,3.0,Heart attack,0.410046011222916,-2.7754529999999984,1832,18167392.0,25434.348799999218,2026,2024
100131,HCA FLORIDA AVENTURA HOSPITAL,Hca Florida Aventura Hospital,AVENTURA,FL,4,0.9948,0.52,0.52,True,True,6,2.0,Heart attack,0.5632344195394048,1.2787609999999794,3501,53113544.0,276190.42879999906,2026,2024
100191,HCA FLORIDA TRINITY HOSPITAL,Hca Florida Trinity Hospital,TRINITY,FL,2,0.9912,0.88,0.88,True,True,6,5.0,Hip/knee replacement,0.28923124522058524,8.243269000000012,2596,30599199.0,269272.95120000094,2026,2024
100244,CAPE CORAL HOSPITAL,Cape Coral Hospital,CAPE CORAL,FL,1,0.9982,0.18,0.18,True,True,5,2.0,Hip/knee replacement,0.729048364989229,-6.5242500000000145,4902,49989049.0,89980.28820000119,2026,2024
100246,HCA FLORIDA LAWNWOOD HOSPITAL,Hca Florida Lawnwood Hospital,FORT PIERCE,FL,2,0.9867,1.33,1.33,True,True,6,5.0,Heart bypass surgery (CABG),0.37973395857439834,21.768617000000006,4660,63186747.0,840383.7350999987,2026,2024
100284,KERALTY HOSPITAL,Keralty Hospital,MIAMI,FL,5,0.9946,0.54,0.54,True,True,5,2.0,Pneumonia,0.8512679609836044,3.1647000000000007,1116,10525803.0,56839.33619999958,2026,2024
110016,WELLSTAR WEST GEORGIA MEDICAL CENTER,Wellstar West Georgia Medical Center,LAGRANGE,GA,2,0.997,0.3,0.3,True,True,5,2.0,Heart failure,0.7947484033165305,0.6543090000000045,1615,18448157.0,55344.47100000005,2026,2024
110018,PIEDMONT NEWTON HOSPITAL,Piedmont Newton Hospital,COVINGTON,GA,2,0.9973,0.27,0.27,True,True,5,3.0,Pneumonia,0.76177354087535,0.9158560000000057,1167,12439350.0,33586.24500000045,2026,2024
110075,EAST GEORGIA REGIONAL MEDICAL CENTER,East Georgia Regional Medical Center,STATESBORO,GA,3,0.9977,0.23,0.23,True,True,5,3.0,Pneumonia,0.49951799419952225,0.6022009999999952,1683,17267419.0,39715.06369999946,2026,2024
120019,KONA COMMUNITY HOSPITAL,Kona Community Hospital,KEALAKEKUA,HI,3,0.999,0.1,0.1,True,True,5,2.0,Pneumonia,0.565104244862829,0.15054999999999968,554,13372534.0,13372.534000000012,2026,2024
140008,LOYOLA GOTTLIEB MEMORIAL HOSPITAL,Loyola Gottlieb Memorial Hospital,MELROSE PARK,IL,5,0.9936,0.64,0.64,True,True,5,3.0,Pneumonia,0.44608928744312143,6.961298999999991,1470,15968908.0,102201.01119999938,2026,2024
140030,ADVOCATE SHERMAN HOSPITAL,Advocate Sherman Hospital,ELGIN,IL,3,0.9932,0.68,0.68,True,True,6,5.0,Heart failure,0.2958463096107757,9.270832000000013,4064,45262602.0,307785.6936000013,2026,2024
140046,GOOD SAMARITAN REGIONAL HLTH CENTER,Good Samaritan Regional Hlth Center,MOUNT VERNON,IL,5,0.9973,0.27,0.27,True,True,5,2.0,Heart attack,0.9091444736683313,-0.2947499999999943,2548,26315097.0,71050.76190000094,2026,2024
140113,OSF HEART OF MARY MEDICAL CENTER,Osf Heart Of Mary Medical Center,URBANA,IL,5,0.9944,0.56,0.56,True,True,6,4.0,Heart bypass surgery (CABG),0.47873016309107186,1.0890260000000027,804,10374306.0,58096.11360000051,2026,2024
140148,MEMORIAL MEDICAL CENTER,Memorial Medical Center,SPRINGFIELD,IL,4,0.998,0.2,0.2,True,True,6,2.0,Heart attack,0.5009221689413499,-0.012844999999995999,6218,84310777.0,168621.55400000015,2026,2024
140160,FHN MEMORIAL HOSPITAL,Fhn Memorial Hospital,FREEPORT,IL,4,0.9999,0.01,0.01,True,True,5,1.0,COPD,1.0,-4.505683,867,8440054.0,844.005399999907,2026,2024
140177,JACKSON PARK HOSPITAL,Jackson Park Hospital,CHICAGO,IL,5,0.9987,0.13,0.13,True,True,3,2.0,COPD,0.6585806726007843,0.711699,468,5217772.0,6783.103599999832,2026,2024
140181,SOUTH SHORE HOSPITAL,South Shore Hospital,CHICAGO,IL,5,0.9984,0.16,0.16,True,True,4,1.0,Pneumonia,1.0,,402,3943126.0,6309.001600000181,2026,2024
140200,ELMHURST MEMORIAL HOSPITAL,Elmhurst Memorial Hospital,ELMHURST,IL,2,0.9869,1.31,1.31,True,True,6,5.0,Heart failure,0.37751863243601935,31.89061000000002,5696,63938381.0,837592.7911,2026,2024
140202,ADVOCATE CONDELL MEDICAL CENTER,Advocate Condell Medical Center,LIBERTYVILLE,IL,3,0.9931,0.69,0.69,True,True,6,2.0,Pneumonia,0.9560513013326649,7.110185000000003,5556,64213197.0,443071.0593000011,2026,2024
140223,ADVOCATE LUTHERAN GENERAL HOSPITAL,Advocate Lutheran General Hospital,PARK RIDGE,IL,4,0.995,0.5,0.5,True,True,6,4.0,Pneumonia,0.6593217441085331,-12.220381000000012,7855,129967542.0,649837.7100000005,2026,2024
150006,NORTHWEST HEALTH-LA PORTE,Northwest Health-La Porte,LA PORTE,IN,3,0.9865,1.35,1.35,True,True,5,4.0,Pneumonia,0.6793771405791658,10.044167999999997,1389,14843385.0,200385.69749999934,2026,2024
150057,FRANCISCAN HEALTH MOORESVILLE,Franciscan Health Mooresville,MOORESVILLE,IN,2,0.9961,0.39,0.39,True,True,5,2.0,Pneumonia,0.929548585290927,0.6815719999999998,668,8637244.0,33685.25160000013,2026,2024
150059,RIVERVIEW HEALTH,Riverview Health,NOBLESVILLE,IN,2,0.995,0.5,0.5,True,True,5,2.0,Pneumonia,0.7382256025611362,0.538729000000006,1034,10925674.0,54628.370000000046,2026,2024
150089,INDIANA UNIVERSITY HEALTH BALL MEMORIAL HOSPITAL,Indiana University Health Ball Memorial Hospital,MUNCIE,IN,4,0.9941,0.59,0.59,True,True,6,2.0,Heart failure,0.704296076481241,3.460903000000025,3949,49908451.0,294459.86090000084,2026,2024
150146,PARKVIEW NOBLE HOSPITAL,Parkview Noble Hospital,KENDALLVILLE,IN,3,0.9914,0.86,0.86,True,True,5,2.0,Pneumonia,0.8587626922351802,1.246951,350,4234434.0,36416.13240000022,2026,2024
160028,CHI HEALTH MERCY COUNCIL BLUFFS,Chi Health Mercy Council Bluffs,COUNCIL BLUFFS,IA,4,0.9987,0.13,0.13,True,True,5,2.0,Heart failure,0.8340744628997787,-0.37779400000000085,1211,12488190.0,16234.646999999599,2026,2024
160030,MARY GREELEY MEDICAL CENTER,Mary Greeley Medical Center,AMES,IA,1,0.9989,0.11,0.11,True,True,5,1.0,Heart failure,1.0,-3.3548050000000047,2767,24321657.0,26753.822699999753,2026,2024
160057,SOUTHEAST IOWA REGIONAL MEDICAL CENTER,Southeast Iowa Regional Medical Center,WEST BURLINGTON,IA,3,0.9982,0.18,0.18,True,True,5,1.0,Hip/knee replacement,1.0,-10.634339000000008,2307,29225278.0,52605.500400000696,2026,2024
160153,MERCYONE SIOUXLAND MEDICAL CENTER,Mercyone Siouxland Medical Center,SIOUX CITY,IA,3,0.9966,0.34,0.34,True,True,6,3.0,Pneumonia,0.7568838759760717,2.7966550000000048,1795,24087249.0,81896.646599999,2026,2024
170074,"STORMONT VAIL HEALTH FLINT HILLS, LLC","Stormont Vail Health Flint Hills, Llc",JUNCTION CITY,KS,2,0.9931,0.69,0.69,True,True,5,2.0,Pneumonia,0.9547450361264374,0.7174300000000003,316,1688848.0,11653.051200000029,2026,2024
170122,"ASCENSION VIA CHRISTI HOSPITALS WICHITA, INC.","Ascension Via Christi Hospitals Wichita, Inc.",WICHITA,KS,3,0.9997,0.03,0.03,True,True,6,1.0,COPD,1.0,-17.54574199999999,6793,107135300.0,32140.58999999646,2026,2024
180115,"ROCKCASTLE COUNTY HOSPITAL, INC.",Rockcastle Regional Hospital & Respiratory Care Ct,MOUNT VERNON,KY,4,0.9997,0.03,0.03,True,True,4,1.0,Heart failure,1.0,,210,1601033.0,480.3098999999471,2026,2024
190007,NATCHITOCHES REGIONAL MEDICAL CENTER,Natchitoches Regional Medical Center,NATCHITOCHES,LA,4,0.9977,0.23,0.23,True,True,4,1.0,Pneumonia,1.0,0.4574039999999993,444,4941645.0,11365.783499999845,2026,2024
190086,NORTHERN LOUISIANA MEDICAL CENTER,Northern Louisiana Medical Center,RUSTON,LA,4,0.998,0.2,0.2,True,True,5,3.0,Pneumonia,0.6592556608356468,-0.7094520000000015,788,6229079.0,12458.15800000001,2026,2024
190111,WILLIS KNIGHTON MEDICAL CENTER,"Willis Knighton Medical Center, Inc",SHREVEPORT,LA,3,0.9931,0.69,0.69,True,True,6,4.0,Heart bypass surgery (CABG),0.5251559886452762,14.560790000000008,8562,98265313.0,678030.6597000017,2026,2024
190125,FMOL HEALTH ST FRANCIS,St Francis Medical Center,MONROE,LA,4,0.9998,0.02,0.02,True,True,6,1.0,Heart failure,1.0,-1.9119850000000032,4008,45888927.0,9177.78539999899,2026,2024
190184,CITIZENS MEDICAL CENTER,Citizens Medical Center,COLUMBIA,LA,4,0.9943,0.57,0.57,True,True,3,2.0,Pneumonia,0.6808940672928304,0.6622719999999995,238,2019197.0,11509.422900000078,2026,2024
190316,THE GENERAL,The General,BATON ROUGE,LA,5,0.9994,0.06,0.06,True,True,4,1.0,Heart failure,1.0,,271,2162198.0,1297.318800000097,2026,2024
220019,UMASS MEMORIAL HEALTH - HARRINGTON HOSPITAL,Umass Memorial Healh - Harrington Hospital,SOUTHBRIDGE,MA,5,0.9876,1.24,1.24,True,True,5,3.0,Pneumonia,0.5146524582223301,10.645785999999998,1407,14303423.0,177362.44519999952,2026,2024
220046,BERKSHIRE MEDICAL CENTER,Berkshire Medical Center Inc - 1,PITTSFIELD,MA,5,0.9993,0.07,0.07,True,True,5,1.0,Heart failure,1.0,3.489910000000023,4862,80997819.0,56698.47330000275,2026,2024
220077,BAYSTATE MEDICAL CENTER,Baystate Medical Center,SPRINGFIELD,MA,5,0.9811,1.89,1.9,True,True,6,5.0,Heart attack,0.3838837931207893,83.74120099999999,11686,223351061.0,4221335.052900006,2026,2024
230020,BEAUMONT HOSPITAL - DEARBORN,Corewell Health Dearborn Hospital,DEARBORN,MI,5,0.9912,0.88,0.88,True,True,6,5.0,Heart failure,0.39560526298479887,31.638740999999982,4284,56925946.0,500948.3248000017,2026,2024
230022,INSIGHT HOSPITAL AND MEDICAL CENTER COLDWATER,Promedica Coldwater Regional Hospital,COLDWATER,MI,4,0.9939,0.61,0.61,True,True,5,2.0,Pneumonia,0.8201083654040916,1.8800399999999993,495,4479910.0,27327.450999999975,2026,2024
230066,TRINITY HEALTH MUSKEGON HOSPITAL,Trinity Health Muskegon Hospital,MUSKEGON,MI,4,0.9992,0.08,0.08,True,True,6,1.0,Hip/knee replacement,1.0,-30.136557999999987,2660,42543217.0,34034.57360000098,2026,2024
230080,MCLAREN CENTRAL MICHIGAN,Mclaren Central Michigan,MOUNT PLEASANT,MI,4,0.9942,0.58,0.58,True,True,4,4.0,Heart failure,0.5197109308041444,1.524638,348,4036956.0,23414.34480000011,2026,2024
230099,PROMEDICA MONROE REGIONAL HOSPITAL,Promedica Monroe Regional Hospital,MONROE,MI,4,0.9885,1.15,1.15,True,True,5,4.0,Heart failure,0.4860006309952945,11.223518000000002,1358,15395976.0,177053.7239999993,2026,2024
240020,CAMBRIDGE MEDICAL CENTER,Cambridge Medical Center,CAMBRIDGE,MN,3,0.9988,0.12,0.12,True,True,5,1.0,Pneumonia,1.0,-0.20947299999999816,470,4692381.0,5630.857199999901,2026,2024
240038,ALLINA UNITED HOSPITAL,United Hospital,SAINT PAUL,MN,4,0.9931,0.69,0.69,True,True,6,3.0,Hip/knee replacement,0.5891126635061366,10.23001800000001,5011,73240864.0,505361.96160000126,2026,2024
250025,NORTH MISSISSIPPI MEDICAL CENTER-GILMORE AMORY,North Mississippi Medical Center-Gilmore Amory,AMORY,MS,3,0.9952,0.48,0.48,True,True,3,2.0,Heart failure,0.5182579725081783,1.437281999999998,668,5456314.0,26190.307200000145,2026,2024
250077,WAYNE GENERAL HOSPITAL,Wayne General Hospital,WAYNESBORO,MS,4,0.9961,0.39,0.39,True,True,4,3.0,Heart failure,0.4095646506907574,0.4674980000000002,359,3637512.0,14186.296800000053,2026,2024
250099,GREENWOOD LEFLORE HOSPITAL,Greenwood Leflore Hospital,GREENWOOD,MS,5,0.9979,0.21,0.21,True,True,5,1.0,Hip/knee replacement,1.0,-0.07003299999999818,272,2316263.0,4864.152299999979,2026,2024
250117,HIGHLAND COMMUNITY  HOSPITAL,Highland Community  Hospital,PICAYUNE,MS,3,0.9903,0.97,0.97,True,True,3,2.0,Pneumonia,0.7040773809523809,1.6468350000000012,343,2579161.0,25017.861700000107,2026,2024
250172,HIGHLAND HILLS MEDICAL CENTER,Highland Hills Medical Center,SENATOBIA,MS,2,0.9984,0.16,0.16,True,True,4,1.0,Pneumonia,1.0,,129,849186.0,1358.6976000000388,2026,2024
260068,BOONE HOSPITAL CENTER,Boone Hospital Center,COLUMBIA,MO,1,0.9974,0.26,0.26,True,True,6,2.0,Heart attack,0.5553002782357022,-14.213086000000008,4598,53197068.0,138312.37680000247,2026,2024
260078,OZARKS HEALTHCARE,Ozarks Healthcare,WEST PLAINS,MO,5,0.9999,0.01,0.01,True,True,6,1.0,Heart attack,1.0,-4.006674999999995,1011,9942706.0,994.2705999998905,2026,2024
260119,POPLAR BLUFF REGIONAL MEDICAL CENTER,Poplar Bluff Regional Medical Center,POPLAR BLUFF,MO,5,0.9989,0.11,0.11,True,True,5,2.0,Heart failure,0.6951561623340194,-1.7964039999999806,2457,26096174.0,28705.791399999736,2026,2024
260193,ST MARY'S MEDICAL CENTER,St Mary's Medical Center,BLUE SPRINGS,MO,2,0.9861,1.39,1.39,True,True,5,3.0,Pneumonia,0.8317397693190283,4.859942999999998,822,7314814.0,101675.91460000018,2026,2024
260214,BELTON REGIONAL MEDICAL CENTER,Belton Regional Medical Center,BELTON,MO,3,0.992,0.8,0.8,True,True,5,4.0,Pneumonia,0.669008396574063,2.1026620000000005,710,6045735.0,48365.88000000004,2026,2024
270014,ST. PATRICK HOSPITAL,St Patrick Hospital,MISSOULA,MT,2,0.9986,0.14,0.14,True,True,6,2.0,Heart bypass surgery (CABG),0.9285421799632165,-7.132420000000001,4017,68476759.0,95867.46259999704,2026,2024
270023,COMMUNITY MEDICAL CENTER,Community Medical Center,MISSOULA,MT,2,0.9987,0.13,0.13,True,True,5,1.0,Heart failure,1.0,0.07394599999999751,949,11331685.0,14731.190499999635,2026,2024
280003,BRYAN MEDICAL CENTER,Bryan Medical Center,LINCOLN,NE,2,0.9988,0.12,0.12,True,True,6,2.0,Hip/knee replacement,0.5189387497266688,-27.185533999999993,9154,126978704.0,152374.44479999732,2026,2024
280040,THE NEBRASKA METHODIST HOSPITAL,Methodist Hospital,OMAHA,NE,1,1.0,0.0,0.0,True,False,6,1.0,COPD,1.0,-12.387874999999989,5882,75534123.0,0.0,2026,2024
310052,OCEAN MEDICAL CENTER,Ocean University Medical Center,BRICK,NJ,1,0.9979,0.21,0.21,True,True,5,3.0,Hip/knee replacement,0.39781820557206865,-19.989595999999985,6588,87686983.0,184142.6642999992,2026,2024
310084,MONMOUTH MEDICAL CENTER-SOUTHERN CAMPUS,Monmouth Medical Center-Southern Campus,LAKEWOOD,NJ,4,0.9793,2.07,2.07,True,True,5,3.0,Pneumonia,0.8533587361450304,18.630878000000017,1847,22155042.0,458609.36940000113,2026,2024
310113,SOUTHERN OCEAN MEDICAL CENTER,Southern Ocean Medical Center,MANAHAWKIN,NJ,1,0.9979,0.21,0.21,True,True,5,2.0,COPD,0.7601729007183016,2.633005000000006,3697,36512350.0,76675.93499999966,2026,2024
320059,NORTHERN NAVAJO MEDICAL CENTER,Northern Navajo Medical Center,SHIPROCK,NM,5,0.9992,0.08,0.08,True,True,4,1.0,Heart failure,1.0,,463,5885660.0,4708.528000000135,2026,2024
330056,BROOKLYN HOSPITAL CENTER - DOWNTOWN CAMPUS,Brooklyn Hospital Center - Downtown Campus,BROOKLYN,NY,5,0.9957,0.43,0.43,True,True,5,5.0,Pneumonia,0.5664650647082052,4.0432200000000025,1352,31815207.0,136805.39009999906,2026,2024
330119,LENOX HILL HOSPITAL,Lenox Hill Hospital,NEW YORK,NY,5,0.9999,0.01,0.01,True,True,6,1.0,COPD,1.0,-8.278298,5353,133939142.0,13393.914199998524,2026,2024
330240,HARLEM HOSPITAL CENTER,Harlem Hospital Center,NEW YORK,NY,5,0.9979,0.21,0.21,True,True,4,3.0,Pneumonia,0.5110223169638035,1.7044560000000026,818,25760545.0,54097.14449999976,2026,2024
340014,NOVANT HEALTH FORSYTH MEDICAL CENTER,Novant Health Forsyth Medical Center,WINSTON-SALEM,NC,2,0.9998,0.02,0.02,True,True,6,1.0,Heart bypass surgery (CABG),1.0,-36.511771999999986,7555,98786012.0,19757.202399997823,2026,2024
340020,CENTRAL CAROLINA HOSPITAL,Central Carolina Hospital,SANFORD,NC,4,0.9945,0.55,0.55,True,True,5,2.0,Heart failure,0.8684589534325489,2.1210679999999957,650,6736755.0,37052.15249999966,2026,2024
340119,STANLY REGIONAL MEDICAL CENTER,Atrium Health Stanly,ALBEMARLE,NC,4,0.9989,0.11,0.11,True,True,5,1.0,COPD,1.0,-0.598484000000008,830,7657562.0,8423.318199999923,2026,2024
360048,UNIVERSITY OF TOLEDO MEDICAL CENTER,University Of Toledo Medical Center,TOLEDO,OH,4,0.998,0.2,0.2,True,True,6,4.0,Heart bypass surgery (CABG),0.5167938931297708,0.9196410000000039,2057,30311538.0,60623.07600000005,2026,2024
360239,KETTERING HEALTH MIAMISBURG,Kettering Health Miamisburg,MIAMISBURG,OH,4,0.9942,0.58,0.58,True,True,5,3.0,Heart failure,0.8722482433657127,6.011327999999994,1364,12542081.0,72744.06980000035,2026,2024
370006,INTEGRIS HEALTH PONCA CITY,Integris Health Ponca City,PONCA CITY,OK,4,0.9999,0.01,0.01,True,True,5,1.0,Hip/knee replacement,1.0,-0.11520000000000209,535,5478530.0,547.8529999999397,2026,2024
370034,MCALESTER REGIONAL HEALTH CENTER,Mcalester Regional Health Center,MCALESTER,OK,4,0.998,0.2,0.2,True,True,5,3.0,COPD,0.5578038813606925,-1.7021699999999997,931,10568411.0,21136.82200000002,2026,2024
370047,"MERCY HOSPITAL ARDMORE, INC","Mercy Hospital Ardmore, Inc",ARDMORE,OK,4,0.9953,0.47,0.48,True,True,5,3.0,Pneumonia,0.5112254263352287,5.8787179999999974,2191,23648381.0,111147.39070000089,2026,2024
370091,"SAINT FRANCIS HOSPITAL, INC","Saint Francis Hospital, Inc",TULSA,OK,3,0.9996,0.04,0.04,True,True,6,1.0,COPD,1.0,-18.505867000000027,10281,142108798.0,56843.51919999374,2026,2024
370166,WAGONER COMMUNITY HOSPITAL,Wagoner Community Hospital,WAGONER,OK,5,0.9996,0.04,0.04,True,True,5,1.0,Pneumonia,1.0,,201,1671066.0,668.4263999999264,2026,2024
370235,ASCENSION ST JOHN BROKEN ARROW,Ascension St John Broken Arrow,BROKEN ARROW,OK,1,0.999,0.1,0.1,True,True,5,1.0,Pneumonia,1.0,,498,4367968.0,4367.9680000000035,2026,2024
390006,GEISINGER MEDICAL CENTER,Geisinger Medical Center,DANVILLE,PA,3,0.9958,0.42,0.42,True,True,6,3.0,Pneumonia,0.4712603366804487,11.782230000000014,6168,117113927.0,491878.4933999978,2026,2024
390174,THOMAS JEFFERSON UNIVERSITY HOSPITAL,Thomas Jefferson University Hospital,PHILADELPHIA,PA,4,0.9917,0.83,0.84,True,True,6,5.0,Hip/knee replacement,0.6101290652325063,24.82718300000001,8039,194683470.0,1615872.8009999949,2026,2024
390199,PUNXSUTAWNEY AREA HOSPITAL,Punxsutawney Area Hospital,PUNXSUTAWNEY,PA,4,0.9995,0.05,0.05,True,True,5,1.0,Pneumonia,1.0,,206,2045273.0,1022.6364999998874,2026,2024
420082,AIKEN REGIONAL MEDICAL CENTER,Aiken Regional Medical Center,AIKEN,SC,4,0.9996,0.04,0.04,True,True,6,1.0,Heart failure,1.0,-0.9945870000000018,2380,24050772.0,9620.30879999894,2026,2024
420105,MCLEOD LORIS  HOSPITAL,Mcleod Loris  Hospital,LORIS,SC,2,0.9965,0.35,0.35,True,True,5,2.0,Heart failure,0.8326874807345108,5.735446000000018,4099,37093967.0,129828.88449999805,2026,2024
440011,BLOUNT MEMORIAL HOSPITAL,Blount Memorial Hospital,MARYVILLE,TN,2,0.9968,0.32,0.32,True,True,5,2.0,Pneumonia,0.8340081576548987,-0.7885190000000009,2007,19600630.0,62722.01599999962,2026,2024
440012,WELLMONT BRISTOL REGIONAL MEDICAL CENTER,Bristol Regional Medical Center,BRISTOL,TN,2,0.989,1.1,1.1,True,True,6,4.0,Heart failure,0.4639660227967907,19.592468000000014,3164,30545341.0,335998.7510000003,2026,2024
440187,LIVINGSTON REGIONAL HOSPITAL,Livingston Regional Hospital,LIVINGSTON,TN,5,0.9894,1.06,1.06,True,True,4,2.0,Pneumonia,0.9835823830121904,2.0282579999999983,436,3879202.0,41119.54120000021,2026,2024
440194,TRISTAR HENDERSONVILLE MEDICAL CENTER,Tristar Hendersonville Medical Center,HENDERSONVILLE,TN,1,0.9973,0.27,0.27,True,True,5,2.0,Heart failure,0.7712024462631525,-0.4690570000000044,1827,17917883.0,48378.28410000064,2026,2024
450010,UNITED REGIONAL HEALTH CARE SYSTEM,United Regional Health Care System,WICHITA FALLS,TX,2,0.9937,0.63,0.63,True,True,6,3.0,Heart failure,0.402214514203208,6.692918000000011,5565,66852036.0,421167.8267999982,2026,2024
450044,UT OF TEXAS  SOUTHWESTERN UNIVERSITY HOSPITAL - WILLIAM P. CLEMENTS JR.,Ut Southwestern University Hospital,DALLAS,TX,1,0.9976,0.24,0.24,True,True,6,4.0,Pneumonia,0.3848468888721694,7.887003,8601,174335553.0,418405.3271999926,2026,2024
450196,PARIS REGIONAL MEDICAL CENTER,Paris Regional Health,PARIS,TX,3,0.9962,0.38,0.38,True,True,5,2.0,COPD,0.6888395180845251,1.3839949999999945,2856,29203378.0,110972.83640000074,2026,2024
450203,MEDICAL CITY WEATHERFORD,Medical City Weatherford,WEATHERFORD,TX,1,0.9906,0.94,0.94,True,True,6,5.0,Pneumonia,0.4715988245036341,7.474161000000001,1946,23211512.0,218188.21279999916,2026,2024
450272,CHRISTUS SANTA ROSA HOSPITAL-SAN MARCOS,Christus Santa Rosa Hospital-San Marcos,SAN MARCOS,TX,1,0.996,0.4,0.4,True,True,5,3.0,Pneumonia,0.7520210710474963,-1.6262309999999944,921,10055624.0,40222.496000000036,2026,2024
450346,BAPTIST BEAUMONT HOSPITAL,Baptist Beaumont Hospital,BEAUMONT,TX,2,0.9957,0.43,0.43,True,True,6,3.0,Pneumonia,0.8346867041036325,3.13376900000001,2891,36704309.0,157828.52869999892,2026,2024
450431,ST DAVID'S MEDICAL CENTER,St David's Medical Center,AUSTIN,TX,1,0.9962,0.38,0.38,True,True,6,2.0,Pneumonia,0.8778995347458732,4.737987000000038,6192,94746602.0,360037.0876000024,2026,2024
450563,BAYLOR SCOTT & WHITE MEDICAL CENTER  GRAPEVINE,Baylor Scott & White Medical Center  Grapevine,GRAPEVINE,TX,1,0.9987,0.13,0.13,True,True,5,4.0,Hip/knee replacement,0.45265636046909963,-3.7211359999999996,4214,37559908.0,48827.880399998794,2026,2024
450844,HOUSTON METHODIST WILLOWBROOK HOSPITAL,Houston Methodist Willowbrook Hospital,HOUSTON,TX,1,0.9915,0.85,0.85,True,True,6,5.0,Pneumonia,0.43546150545405293,23.199647000000013,4718,63456698.0,539381.9329999969,2026,2024
450885,BAYLOR SCOTT &  WHITE MEDICAL CENTER - CENTENNIAL,Baylor Scott &  White Medical Center - Centennial,FRISCO,TX,1,0.9989,0.11,0.11,True,True,5,3.0,Heart failure,0.3949020221515131,0.33401599999999976,1158,11893398.0,13082.737799999879,2026,2024
460003,HOLY CROSS HOSPITAL - SALT LAKE,Holy Cross Hospital - Salt Lake,SALT LAKE CITY,UT,3,0.9905,0.95,0.95,True,True,6,2.0,Hip/knee replacement,0.9853790979454551,,204,3832012.0,36404.11399999982,2026,2024
470011,BRATTLEBORO MEMORIAL HOSPITAL,Brattleboro Memorial Hospital,BRATTLEBORO,VT,3,1.0,0.0,0.0,True,False,5,1.0,COPD,1.0,-1.860196000000002,632,5242366.0,0.0,2026,2024
490041,MARY IMMACULATE HOSPITAL,Bon Secours Mary Immaculate Hospital,NEWPORT NEWS,VA,1,0.9899,1.01,1.01,True,True,5,3.0,Hip/knee replacement,0.6795149431799821,1.6613679999999957,1108,11696508.0,118134.73079999998,2026,2024
490119,SENTARA PRINCESS ANNE HOSPITAL,Sentara Princess Anne Hospital,VIRGINIA BEACH,VA,1,0.996,0.4,0.4,True,True,5,3.0,Heart failure,0.6818198307572877,5.60861800000002,4267,45295745.0,181182.98000000016,2026,2024
490120,CHESAPEAKE GENERAL HOSPITAL,Chesapeake General Hospital,CHESAPEAKE,VA,2,0.9997,0.03,0.03,True,True,6,2.0,COPD,0.8369835444536539,-1.7424960000000054,4608,50903806.0,15271.141799998319,2026,2024
490141,SPOTSYLVANIA REGIONAL MEDICAL CENTER,Spotsylvania Regional Medical Center,FREDERICKSBURG,VA,2,0.9883,1.17,1.17,True,True,5,3.0,Heart failure,0.6657770711487142,10.764622999999998,1641,16687419.0,195242.80230000074,2026,2024
500072,OLYMPIC MEDICAL CENTER,Olympic Medical Center,PORT ANGELES,WA,2,0.9988,0.12,0.12,True,True,5,2.0,Heart failure,0.7920921356590453,-1.681256999999999,1766,20864648.0,25037.57759999956,2026,2024
500152,SWEDISH ISSAQUAH,Swedish Issaquah,ISSAQUAH,WA,2,0.9999,0.01,0.01,True,True,5,1.0,COPD,1.0,-7.350928000000004,1674,21227720.0,2122.771999999766,2026,2024
510072,WETZEL COUNTY HOSPITAL,Wetzel County Hospital,NEW MARTINSVILLE,WV,3,0.9969,0.31,0.31,True,True,4,1.0,Heart failure,1.0,0.36150099999999924,213,1477852.0,4581.341199999988,2026,2024
670047,THE HOSPITALS OF PROVIDENCE - EAST CAMPUS,The Hospitals Of Providence East Campus,EL PASO,TX,4,0.9952,0.48,0.48,True,True,5,2.0,Pneumonia,0.8272660422946075,-0.014348000000004912,1516,20699053.0,99355.45440000054,2026,2024
670054,FOUNDATION SURGICAL HOSPITAL OF SAN ANTONIO,Foundation Surgical Hospital Of San Antonio,SAN ANTONIO,TX,1,0.9957,0.43,0.43,True,True,1,1.0,Hip/knee replacement,1.0,,124,1516275.0,6519.9824999999555,2026,2024
010101,CITIZENS BAPTIST MEDICAL CENTER,Citizens Baptist Medical Center,TALLADEGA,AL,4,0.9937,0.63,0.63,True,True,4,1.0,Pneumonia,1.0,0.9841999999999996,324,3117925.0,19642.927499999914,2026,2024
010104,GRANDVIEW MEDICAL CENTER,Grandview Medical Center,BIRMINGHAM,AL,1,0.995,0.5,0.49,True,True,6,3.0,Heart bypass surgery (CABG),0.5705199238917267,-1.181368000000012,5320,57372980.0,286864.90000000026,2026,2024
020024,CENTRAL PENINSULA GENERAL HOSPITAL,Central Peninsula General Hospital,SOLDOTNA,AK,4,0.9884,1.16,1.16,True,True,5,3.0,Heart failure,0.7511760707907998,10.253554,1136,26686211.0,309560.04760000145,2026,2024
030012,YAVAPAI REGIONAL MEDICAL CENTER,Yavapai Regional Medical Center,PRESCOTT,AZ,1,0.9936,0.64,0.64,True,True,6,3.0,Pneumonia,0.3989011235786836,2.087773000000003,4248,55215016.0,353376.1023999979,2026,2024
030123,HONORHEALTH SCOTTSDALE THOMPSON PEAK MED CTR,Honorhealth Scottsdale Thompson Peak Med Ctr,SCOTTSDALE,AZ,1,0.9928,0.72,0.72,True,True,5,3.0,Hip/knee replacement,0.6832781052048819,3.4680370000000025,3246,38229419.0,275251.8167999994,2026,2024
030139,DIGNITY HEALTH ARIZONA GENERAL HOSPITAL,Dignity Health Arizona General Hospital,MESA,AZ,2,0.9999,0.01,0.01,True,True,3,1.0,COPD,1.0,-0.8900170000000023,639,5473629.0,547.3628999999397,2026,2024
050038,SANTA CLARA VALLEY MEDICAL CENTER,Santa Clara Valley Medical Center,SAN JOSE,CA,5,0.9994,0.06,0.06,True,True,6,4.0,Pneumonia,0.5379054503947476,2.0570979999999963,5227,160263202.0,96157.9212000072,2026,2024
050129,ST BERNARDINE MEDICAL CENTER,St Bernardine Medical Center,SAN BERNARDINO,CA,5,0.9947,0.53,0.53,True,True,6,6.0,Heart bypass surgery (CABG),0.345078229527892,4.306318000000001,2093,41317429.0,218982.37369999883,2026,2024
050135,SOUTHERN CALIFORNIA HOSPITAL AT HOLLYWOOD,Southern California Hospital At Hollywood,HOLLYWOOD,CA,5,0.9948,0.52,0.51,True,True,5,2.0,Pneumonia,0.9006928752076384,14.772280999999994,6502,106865346.0,555699.7991999981,2026,2024
050150,SIERRA NEVADA MEMORIAL HOSPITAL,Sierra Nevada Memorial Hospital,GRASS VALLEY,CA,4,0.9962,0.38,0.38,True,True,5,3.0,Hip/knee replacement,0.814688753127244,-0.9676930000000016,1891,28092263.0,106750.59940000072,2026,2024
050169,PIH HEALTH HOSPITAL-WHITTIER,Pih Health Hospital-Whittier,WHITTIER,CA,5,0.9951,0.49,0.49,True,True,6,2.0,Pneumonia,0.8486034273377407,10.334162999999988,3530,59230286.0,290228.4014000009,2026,2024
050197,SEQUOIA HOSPITAL,Sequoia Hospital,REDWOOD CITY,CA,1,0.9982,0.18,0.18,True,True,6,1.0,Heart bypass surgery (CABG),1.0,-1.9321859999999982,1566,38415445.0,69147.80100000091,2026,2024
050226,AHMC ANAHEIM REGIONAL MEDICAL CENTER,Ahmc Anaheim Regional Medical Center,ANAHEIM,CA,5,0.9959,0.41,0.41,True,True,6,3.0,Pneumonia,0.6800253550175489,2.8823270000000014,1094,20101397.0,82415.72769999984,2026,2024
050280,MERCY MEDICAL CENTER REDDING,Mercy Medical Center Redding,REDDING,CA,5,0.9964,0.36,0.36,True,True,6,2.0,Heart bypass surgery (CABG),0.9383857436143048,-7.178027000000024,5503,107084208.0,385503.1488000051,2026,2024
050336,ADVENTIST HEALTH LODI MEMORIAL,Adventist Health Lodi Memorial,LODI,CA,5,0.9913,0.87,0.87,True,True,5,2.0,Pneumonia,0.5186586671861705,12.429009999999991,2213,32450725.0,282321.30750000133,2026,2024
050352,BARTON MEMORIAL HOSPITAL,Barton Memorial Hospital,SOUTH LAKE TAHOE,CA,4,0.9996,0.04,0.04,True,True,5,1.0,Heart failure,1.0,,465,10494962.0,4197.984799999537,2026,2024
050517,VICTOR VALLEY GLOBAL MEDICAL CENTER,Victor Valley Global Medical Center,VICTORVILLE,CA,5,0.9949,0.51,0.51,True,True,5,2.0,Pneumonia,0.9564619858619146,1.6980579999999983,784,12675747.0,64646.30969999992,2026,2024
050549,LOS ROBLES HOSPITAL & MEDICAL CENTER,Los Robles Hospital & Medical Center,THOUSAND OAKS,CA,1,0.9941,0.59,0.59,True,True,6,5.0,Pneumonia,0.5334864178070975,11.408662999999988,6434,114922388.0,678042.0892000019,2026,2024
050590,METHODIST HOSPITAL OF SACRAMENTO,Methodist Hospital Of Sacramento,SACRAMENTO,CA,5,0.9966,0.34,0.34,True,True,5,2.0,Pneumonia,0.9313532097165077,3.017594,1456,24161804.0,82150.133599999,2026,2024
050663,LOS ANGELES COMMUNITY HOSPITAL,Los Angeles Community Hospital,LOS ANGELES,CA,5,0.9989,0.11,0.11,True,True,5,1.0,Pneumonia,1.0,-1.4388899999999951,3807,58594252.0,64453.67719999941,2026,2024
050674,KAISER FOUNDATION HOSP SO SACRAMENTO,Kaiser Foundation Hosp So Sacramento,SACRAMENTO,CA,4,0.9992,0.08,0.08,True,True,4,2.0,Heart attack,0.5789525112370518,0.3005099999999982,921,18248634.0,14598.907200000418,2026,2024
050737,GARFIELD MEDICAL CENTER,Garfield Medical Center,MONTEREY PARK,CA,5,0.9923,0.77,0.77,True,True,6,3.0,Pneumonia,0.47447435449233366,3.764021999999994,1655,29706819.0,228742.5063000012,2026,2024
060003,LONGMONT UNITED HOSPITAL,Longmont United Hospital,LONGMONT,CO,3,0.9978,0.22,0.22,True,True,5,2.0,Pneumonia,0.921440830780595,0.0035100000000031217,555,6515794.0,14334.746799999868,2026,2024
060076,STERLING REGIONAL MEDCENTER,Sterling Regional Medcenter,STERLING,CO,3,0.9984,0.16,0.16,True,True,4,2.0,Heart failure,0.5691633682811096,,280,4495304.0,7192.486400000206,2026,2024
070024,WILLIAM W BACKUS HOSPITAL,William W Backus Hospital,NORWICH,CT,2,0.9986,0.14,0.14,True,True,5,1.0,COPD,1.0,-6.4695350000000005,2781,36474669.0,51064.53659999843,2026,2024
080007,BEEBE MEDICAL CENTER,Beebe Medical Center,LEWES,DE,1,0.9982,0.18,0.18,True,True,6,4.0,Heart bypass surgery (CABG),0.5523549288723878,-15.136740000000001,5525,60015714.0,108028.28520000142,2026,2024
090005,SIBLEY MEMORIAL HOSPITAL,Sibley Memorial Hospital,WASHINGTON,DC,1,0.9993,0.07,0.07,True,True,5,1.0,Hip/knee replacement,1.0,-7.370268000000005,3749,45663838.0,31964.68660000155,2026,2024
100022,JACKSON HEALTH SYSTEM,Jackson Memorial Hospital,MIAMI,FL,5,0.999,0.1,0.1,True,True,6,1.0,Heart failure,1.0,6.693864000000003,6142,156678522.0,156678.52200000014,2026,2024
100028,PARRISH MEDICAL CENTER,Parrish Medical Center,TITUSVILLE,FL,2,0.9956,0.44,0.44,True,True,5,1.0,Heart failure,1.0,0.294311999999997,1366,15055784.0,66245.4495999994,2026,2024
100156,HCA FLORIDA LAKE CITY HOSPITAL,Hca Florida Lake City Hospital,LAKE CITY,FL,4,0.9844,1.56,1.57,True,True,5,4.0,Pneumonia,0.7351242314117058,19.872903000000008,2359,28018020.0,437081.1119999985,2026,2024
100213,HCA FLORIDA BLAKE HOSPITAL,Hca Florida Blake Hospital,BRADENTON,FL,1,0.9925,0.75,0.75,True,True,6,3.0,Pneumonia,0.49551809031451505,9.500733000000002,3742,52749758.0,395623.18499999744,2026,2024
100223,HCA FLORIDA FORT WALTON-DESTIN HOSPITAL,Hca Florida Fort Walton-Destin Hospital,FORT WALTON BEACH,FL,1,0.9821,1.79,1.79,True,True,6,5.0,Heart bypass surgery (CABG),0.3229080693971593,30.249850000000002,4178,51829062.0,927740.2098000014,2026,2024
100291,ORLANDO HEALTH MELBOURNE HOSPITAL,Orlando Health Melbourne Hospital,MELBOURNE,FL,1,0.9974,0.26,0.26,True,True,5,4.0,Heart failure,0.3547941795469456,0.7789870000000053,1062,12528936.0,32575.233600000585,2026,2024
110015,TANNER MEDICAL CENTER VILLA RICA,Tanner Medical Center Villa Rica,VILLA RICA,GA,1,0.9854,1.46,1.46,True,True,5,4.0,Pneumonia,0.43774338756461983,5.844321000000002,832,10124371.0,147815.81659999947,2026,2024
110038,ARCHBOLD MEMORIAL HOSPITAL,Archbold Memorial,THOMASVILLE,GA,3,0.9991,0.09,0.09,True,True,5,2.0,Hip/knee replacement,0.7481283770587848,-5.947277000000004,1615,19677270.0,17709.543000000234,2026,2024
110041,NORTHEAST GEORGIA MEDICAL CENTER HABERSHAM,Northeast Georgia Medical Center Habersham,DEMOREST,GA,1,0.9976,0.24,0.24,True,True,5,1.0,Pneumonia,1.0,0.255675000000001,460,3718861.0,8925.266399999842,2026,2024
110046,PIEDMONT WALTON HOSPITAL,"Piedmont Walton Hospital, Inc",MONROE,GA,2,0.9975,0.25,0.25,True,True,5,1.0,Heart failure,1.0,0.49336800000000314,1127,11237777.0,28094.4424999994,2026,2024
120005,HILO BENIOFF MEDICAL CENTER,Hilo Benioff Medical Center,HILO,HI,5,0.9976,0.24,0.24,True,True,5,2.0,Heart attack,0.9131871763798609,-2.7589699999999944,1815,33500620.0,80401.48799999859,2026,2024
120014,WILCOX MEMORIAL HOSPITAL,Wilcox Memorial Hospital,LIHUE,HI,3,0.9923,0.77,0.76,True,True,5,1.0,Heart failure,1.0,3.451140000000001,673,12080165.0,93017.27050000048,2026,2024
130028,PORTNEUF MEDICAL CENTER,Portneuf Medical Center,POCATELLO,ID,3,0.9979,0.21,0.21,True,True,6,3.0,Heart bypass surgery (CABG),0.6004921503395557,-4.204346999999999,1977,36473247.0,76593.81869999967,2026,2024
140029,COPLEY MEMORIAL HOSPITAL,Rush Copley Medical Center,AURORA,IL,4,0.9983,0.17,0.17,True,True,6,2.0,Heart attack,0.8424924178530935,-7.766929999999998,3476,39009200.0,66315.64000000135,2026,2024
140114,SWEDISH HOSPITAL,Swedish Hospital,CHICAGO,IL,5,0.999,0.1,0.1,True,True,6,2.0,Heart attack,0.5546772431395264,-1.2044569999999917,2004,28143635.0,28143.635000000024,2026,2024
140145,ST JOSEPHS HOSPITAL,St Josephs Hospital,BREESE,IL,3,0.9993,0.07,0.07,True,True,5,1.0,Pneumonia,1.0,-0.6529000000000015,353,3723842.0,2606.689400000126,2026,2024
140185,MEMORIAL HOSPITAL,Memorial Hospital,BELLEVILLE,IL,4,0.9965,0.35,0.35,True,True,6,4.0,Heart attack,0.31606526801351187,-1.3288990000000267,4168,43125036.0,150937.62599999775,2026,2024
140294,DEACONESS ILLINOIS CROSSROADS,Deaconess Illinois Crossroads,MOUNT VERNON,IL,5,0.9984,0.16,0.16,True,True,5,2.0,Pneumonia,0.9966824929382779,0.31569399999999986,294,4416054.0,7065.686400000202,2026,2024
150045,PARKVIEW DEKALB HOSPITAL,Parkview Dekalb Hospital,AUBURN,IN,2,0.9951,0.49,0.49,True,True,5,3.0,Heart failure,0.5941288712755024,0.5256979999999996,309,3001864.0,14709.133600000046,2026,2024
150086,ST ELIZABETH DEARBORN HOSPITAL,St Elizabeth Dearborn Hospital,LAWRENCEBURG,IN,4,0.9983,0.17,0.17,True,True,5,3.0,COPD,0.6959108958615481,1.322455000000005,991,8985721.0,15275.725700000314,2026,2024
150181,ASCENSION ST VINCENT FISHERS,Ascension St Vincent Fishers,FISHERS,IN,2,0.9995,0.05,0.05,True,True,4,1.0,Heart failure,1.0,,219,2359864.0,1179.93199999987,2026,2024
160104,TRINITY - BETTENDORF,Trinity Bettendorf,BETTENDORF,IA,2,0.9962,0.38,0.38,True,True,5,2.0,Hip/knee replacement,0.8325249925764618,-0.9437929999999985,679,6348638.0,24124.82440000016,2026,2024
170006,"MERCY HOSPITAL PITTSBURG, INC","Mercy Hospital Pittsburg, Inc",PITTSBURG,KS,3,0.9987,0.13,0.13,True,True,5,2.0,Hip/knee replacement,0.9464088756244721,-1.1752409999999986,664,8243583.0,10716.657899999735,2026,2024
170137,LMH,Lmh,LAWRENCE,KS,1,0.9991,0.09,0.09,True,True,5,2.0,Heart attack,0.7703711106669338,-2.2470410000000007,2273,27297297.0,24567.567300000326,2026,2024
170146,PROVIDENCE MEDICAL CENTER,Providence Medical Center,KANSAS CITY,KS,3,0.9917,0.83,0.83,True,True,5,3.0,Pneumonia,0.890217255731662,5.236340999999989,1219,13850386.0,114958.20379999964,2026,2024
180029,HAZARD ARH REGIONAL MEDICAL CENTER,Hazard Arh Regional Medical Center,HAZARD,KY,4,0.9925,0.75,0.75,True,True,6,3.0,Pneumonia,0.6799116122197258,5.490498000000002,964,12739867.0,95549.00249999938,2026,2024
180103,BAPTIST HEALTH LEXINGTON,Baptist Health Lexington,LEXINGTON,KY,1,0.9957,0.43,0.43,True,True,6,2.0,Heart bypass surgery (CABG),0.9382130646032033,-13.471918000000002,4836,54301115.0,233494.7944999984,2026,2024
190050,BEAUREGARD MEMORIAL HOSPITAL,Beauregard Memorial Hospital,DERIDDER,LA,4,0.9992,0.08,0.08,True,True,4,1.0,Heart failure,1.0,-0.3531910000000005,362,3443451.0,2754.7608000000787,2026,2024
190176,EAST JEFFERSON GENERAL HOSPITAL,East Jefferson General Hospital,METAIRIE,LA,3,0.9964,0.36,0.36,True,True,6,5.0,Heart attack,0.5794867095396994,3.167556000000002,3881,54795044.0,197262.1584000026,2026,2024
190298,CHRISTUS CENTRAL LOUISIANA SURGICAL HOSPITAL,Christus Central Louisiana Surgical Hospital,ALEXANDRIA,LA,1,0.97,3.0,3.0,True,True,1,1.0,Hip/knee replacement,1.0,3.005636999999999,143,2036072.0,61082.160000000054,2026,2024
220017,CARNEY HOSPITAL,Carney Hospital,BOSTON,MA,5,0.9999,0.01,0.01,True,True,5,1.0,Pneumonia,1.0,0.11628799999999956,237,2956418.0,295.6417999999674,2026,2024
220073,BROWN UNIVERSITY HEALTH MORTON HOSPITAL,Brown University Health Morton Hospital,TAUNTON,MA,5,0.97,3.0,3.0,True,True,5,4.0,Hip/knee replacement,0.6215792765415454,27.470693,2738,28211011.0,846330.3300000008,2026,2024
220080,HOLY FAMILY HOSPITAL,Holy Family Hospital,METHUEN,MA,5,0.9859,1.41,1.41,True,True,5,5.0,Hip/knee replacement,0.6204266118072815,16.567227,2580,27670970.0,390160.677,2026,2024
220105,WINCHESTER HOSPITAL,Winchester Hospital,WINCHESTER,MA,2,0.97,3.0,3.0,True,True,5,5.0,Pneumonia,0.35335881012947457,61.64642,4503,44611678.0,1338350.3400000012,2026,2024
230046,UNIVERSITY OF MICHIGAN HEALTH SYSTEM,University Of Michigan Health,ANN ARBOR,MI,3,0.9985,0.15,0.15,True,True,6,2.0,Pneumonia,0.9436873394125651,-3.059311000000011,8255,194120295.0,291180.44249998947,2026,2024
230070,COVENANT MEDICAL CENTER,Covenant Medical Center,SAGINAW,MI,4,0.9934,0.66,0.66,True,True,6,3.0,Pneumonia,0.4568594635800463,21.312956000000018,4529,51584389.0,340456.9674000026,2026,2024
240104,ST FRANCIS REGIONAL MEDICAL CENTER,St Francis Regional Medical Center,SHAKOPEE,MN,3,0.9987,0.13,0.13,True,True,5,1.0,Pneumonia,1.0,0.18629400000000174,1240,12554723.0,16321.139899999596,2026,2024
250009,MAGNOLIA REGIONAL HEALTH CENTER,Magnolia Regional Health Center,CORINTH,MS,3,0.9874,1.26,1.26,True,True,6,3.0,Hip/knee replacement,0.7640957088844564,0.6006139999999938,2649,28639265.0,360854.73899999843,2026,2024
250069,OCHSNER RUSH HOSPITAL,Ochsner Rush Hospital,MERIDIAN,MS,4,0.9999,0.01,0.01,True,True,5,1.0,Pneumonia,1.0,-0.7920279999999947,1321,15811287.0,1581.1286999998258,2026,2024
250072,MERIT HEALTH CENTRAL,Merit Health Central,JACKSON,MS,5,0.9993,0.07,0.07,True,True,6,1.0,Pneumonia,1.0,0.289788,358,3908951.0,2736.2657000001327,2026,2024
250082,DELTA HEALTH SYSTEM - THE MEDICAL CENTER,Delta Health System - The Medical Center,GREENVILLE,MS,5,0.995,0.5,0.5,True,True,5,3.0,Pneumonia,0.6063899995368727,3.334195000000002,792,9023000.0,45115.000000000044,2026,2024
250085,MARION GENERAL HOSPITAL,Marion General Hospital,COLUMBIA,MS,5,0.9996,0.04,0.04,True,True,3,1.0,Heart failure,1.0,0.014773000000000654,150,1127054.0,450.82159999995037,2026,2024
260091,SSM HEALTH ST MARY'S HOSPITAL - ST LOUIS,Ssm Health St Mary's Hospital - St Louis,SAINT LOUIS,MO,5,0.997,0.3,0.3,True,True,5,3.0,Heart failure,0.7295861476744033,5.620283999999996,2003,28794690.0,86384.07000000008,2026,2024
260113,MISSOURI DELTA MEDICAL CENTER,Missouri Delta Medical Center,SIKESTON,MO,5,0.9997,0.03,0.03,True,True,5,1.0,Heart failure,1.0,-0.2687329999999966,947,11148050.0,3344.4149999996316,2026,2024
260180,CHRISTIAN HOSPITAL NORTHEAST,Christian Hospital Northeast-Northwest,SAINT LOUIS,MO,5,0.9991,0.09,0.09,True,True,6,3.0,Hip/knee replacement,0.5294737766845269,-1.9373859999999918,2469,33876062.0,30488.455800000404,2026,2024
260183,SAINT FRANCIS MEDICAL CENTER,Saint Francis Medical Center,CAPE GIRARDEAU,MO,4,0.9991,0.09,0.09,True,True,6,2.0,Heart bypass surgery (CABG),0.8417947801215604,-17.583921999999998,2809,36741526.0,33067.37340000044,2026,2024
260186,LAKE REGIONAL HEALTH SYSTEM,Lake Regional Health System,OSAGE BEACH,MO,3,0.9976,0.24,0.24,True,True,6,1.0,Heart attack,1.0,-3.011267999999992,1372,16983473.0,40760.33519999928,2026,2024
260190,LEE'S SUMMIT MEDICAL CENTER,Lee's Summit Medical Center,LEES SUMMIT,MO,2,0.9967,0.33,0.33,True,True,5,4.0,Pneumonia,0.7639551175632553,1.6778729999999993,1652,14851455.0,49009.80149999955,2026,2024
260191,BARNES-JEWISH ST PETERS HOSPITAL,Barnes-Jewish St Peters Hospital,SAINT PETERS,MO,1,0.9953,0.47,0.47,True,True,5,3.0,Heart failure,0.6699989089239725,1.4906979999999923,1982,17597680.0,82709.09600000066,2026,2024
270003,ST PETERS HEALTH,St Peters Health,HELENA,MT,2,0.9994,0.06,0.06,True,True,5,1.0,Hip/knee replacement,1.0,-4.978750999999997,1906,19577788.0,11746.67280000088,2026,2024
290057,HENDERSON HOSPITAL,Henderson Hospital,HENDERSON,NV,1,0.994,0.6,0.6,True,True,5,4.0,Heart failure,0.49106985873529885,11.339585999999994,3477,42642103.0,255852.61800000022,2026,2024
310008,HOLY NAME MEDICAL CENTER,Holy Name Medical Center,TEANECK,NJ,4,0.9975,0.25,0.25,True,True,5,3.0,Pneumonia,0.9194467954143268,-4.033697999999989,3460,43707496.0,109268.73999999768,2026,2024
310060,ST LUKE'S WARREN HOSPITAL,St Luke's Warren Hospital,PHILLIPSBURG,NJ,3,0.9897,1.03,1.03,True,True,5,4.0,Heart failure,0.5321328304031044,11.129255,1789,23949282.0,246677.6045999994,2026,2024
310070,SAINT PETER'S UNIVERSITY HOSPITAL,Saint Peter's University Hospital,NEW BRUNSWICK,NJ,2,0.9949,0.51,0.51,True,True,5,3.0,Pneumonia,0.8031522644241229,5.092483000000016,2234,35083602.0,178926.37019999977,2026,2024
310119,THE UNIVERSITY HOSPITAL,University Hospital,NEWARK,NJ,5,0.9995,0.05,0.05,True,True,5,2.0,Pneumonia,0.842019543973941,0.4321640000000002,1579,51975841.0,25987.920499997137,2026,2024
320009,LOVELACE MEDICAL CENTER,Lovelace Medical Center,ALBUQUERQUE,NM,2,0.9967,0.33,0.33,True,True,6,2.0,Heart bypass surgery (CABG),0.7464958134801316,-10.695567999999998,3230,47070754.0,155333.48819999857,2026,2024
320033,LOS ALAMOS MEDICAL CENTER,Los Alamos Medical Center,LOS ALAMOS,NM,1,0.997,0.3,0.3,True,True,4,1.0,Pneumonia,1.0,0.1737959999999993,261,4222845.0,12668.53500000001,2026,2024
330043,NS/LIJ HS SOUTHSIDE HOSPITAL,South Shore University  Hospital,BAY SHORE,NY,4,0.9964,0.36,0.36,True,True,6,4.0,Pneumonia,0.4237744380469085,-7.151598999999996,5725,110266824.0,396960.56640000525,2026,2024
330046,MOUNT SINAI WEST,Mount Sinai West,NEW YORK,NY,5,0.9929,0.71,0.71,True,True,6,3.0,Hip/knee replacement,0.747240541478653,12.642280000000023,6254,153420727.0,1089287.1616999994,2026,2024
330125,ROCHESTER GENERAL HOSPITAL,Rochester General Hospital,ROCHESTER,NY,5,0.9956,0.44,0.44,True,True,6,6.0,Heart failure,0.3520417119044057,12.385965000000002,3776,72551596.0,319227.02239999705,2026,2024
330184,MONTEFIORE NEW ROCHELLE HOSPITAL,Montefiore New Rochelle Hospital,NEW ROCHELLE,NY,5,0.9966,0.34,0.34,True,True,5,3.0,Pneumonia,0.49395316754198304,4.096382,1517,24373272.0,82869.12479999899,2026,2024
330304,WHITE PLAINS HOSPITAL CENTER,White Plains Hospital Center,WHITE PLAINS,NY,3,0.9983,0.17,0.17,True,True,6,3.0,Pneumonia,0.817558072249318,-4.682865999999987,7707,118303554.0,201116.0418000041,2026,2024
340004,HIGH POINT REGIONAL HEALTH SYSTEM,High Point Regional Hospital,HIGH POINT,NC,4,0.9973,0.27,0.27,True,True,6,3.0,Pneumonia,0.5381994922646299,3.2185739999999994,2089,21563776.0,58222.19520000077,2026,2024
340021,ATRIUM HEALTH CLEVELAND,Atrium Health Cleveland,SHELBY,NC,4,0.9978,0.22,0.22,True,True,5,2.0,Heart failure,0.7440791936087555,-2.0365610000000167,2495,23094909.0,50808.799799999535,2026,2024
340064,WILKES REGIONAL MEDICAL CENTER,Wilkes Regional Medical Center,NORTH WILKESBORO,NC,4,0.9981,0.19,0.19,True,True,5,2.0,Pneumonia,0.5769256188263521,0.15680400000000244,879,8023367.0,15244.397300000102,2026,2024
340151,ECU HEALTH NORTH HOSPITAL,Ecu Health North Hospital,ROANOKE RAPIDS,NC,5,0.9954,0.46,0.46,True,True,5,2.0,Pneumonia,0.8827298205929689,2.2591240000000035,1015,10864504.0,49976.71840000053,2026,2024
350063,P H S INDIAN HOSP AT BELCOURT-QUENTIN N BURDICK,P H S Indian Hosp At Belcourt-Quentin N Burdick,BELCOURT,ND,4,0.9973,0.27,0.27,True,True,3,1.0,COPD,1.0,,185,2250572.0,6076.544400000081,2026,2024
360064,MH ST ELIZABETH YOUNGSTOWN HOSPITAL,Mh St Elizabeth Youngstown Hospital,YOUNGSTOWN,OH,4,0.9948,0.52,0.52,True,True,6,4.0,Heart failure,0.6259497739120105,12.644053,3861,48880130.0,254176.67599999913,2026,2024
360070,MERCY MEDICAL CENTER,Mercy Medical Center,CANTON,OH,3,0.9939,0.61,0.61,True,True,6,3.0,Heart failure,0.6071759807953264,3.863473999999999,2877,30332062.0,185025.5781999998,2026,2024
360084,AULTMAN HOSPITAL,Aultman Hospital,CANTON,OH,2,0.9996,0.04,0.04,True,True,6,1.0,Heart attack,1.0,-13.273045999999997,3358,39025535.0,15610.213999998281,2026,2024
360086,SPRINGFIELD REGIONAL MEDICAL CENTER,Mercy Health - Springfield Regional Medical Center,SPRINGFIELD,OH,4,0.9969,0.31,0.31,True,True,6,3.0,Heart attack,0.6667767866974995,0.7225269999999953,2262,24929016.0,77279.94959999979,2026,2024
360364,CLEVELAND CLINIC AVON HOSPITAL,Cleveland Clinic Avon Hospital,AVON,OH,1,0.9971,0.29,0.29,True,True,5,3.0,Pneumonia,0.8473144236572122,-1.686560999999988,2678,20748973.0,60172.02170000028,2026,2024
370014,ALLIANCEHEALTH DURANT,Alliancehealth Durant,DURANT,OK,5,0.9717,2.83,2.83,True,True,5,5.0,Pneumonia,0.5512491110862867,31.809462999999994,1946,16773528.0,474690.84239999985,2026,2024
370015,HILLCREST HOSPITAL PRYOR,Hillcrest Hospital Pryor,PRYOR,OK,4,0.9997,0.03,0.03,True,True,4,1.0,Heart failure,1.0,,139,1353329.0,405.9986999999553,2026,2024
370100,CHOCTAW MEMORIAL HOSPITAL,Choctaw Memorial Hospital,HUGO,OK,5,0.9976,0.24,0.24,True,True,3,2.0,Heart failure,0.8613779851770523,0.4944959999999999,158,1143535.0,2744.4839999999517,2026,2024
370114,ASCENSION ST JOHN MEDICAL CENTER,Ascension St John Medical Center,TULSA,OK,3,0.9993,0.07,0.07,True,True,6,2.0,Heart attack,0.8542351651792714,-12.466805999999993,5775,87070912.0,60949.63840000296,2026,2024
370171,CHEROKEE NATION W W HASTINGS INDIAN HOSPITAL,W W Hastings Indian Hospital,TAHLEQUAH,OK,3,0.9979,0.21,0.21,True,True,4,4.0,Heart failure,0.5791142500145531,0.40193599999999824,655,7667983.0,16102.76429999993,2026,2024
370215,"OKLAHOMA HEART HOSPITAL, LLC","Oklahoma Heart Hospital, Llc",OKLAHOMA CITY,OK,1,0.9938,0.62,0.62,True,True,5,3.0,Heart attack,0.5818078122384714,-0.556246999999988,2479,41633372.0,258126.9063999993,2026,2024
380017,LEGACY GOOD SAMARITAN MEDICAL CENTER,Legacy Good Samaritan Medical Center,PORTLAND,OR,4,0.9992,0.08,0.08,True,True,5,2.0,Pneumonia,0.5399999999999971,0.7486929999999956,1549,26671270.0,21337.01600000061,2026,2024
380089,LEGACY MERIDIAN PARK MEDICAL CENTER,Legacy Meridian Park Medical Center,TUALATIN,OR,2,0.9962,0.38,0.38,True,True,5,3.0,Hip/knee replacement,0.9580145663749309,-1.401637000000002,1574,19685750.0,74805.8500000005,2026,2024
390004,PENN STATE HEALTH HOLY SPIRIT MEDICAL CENTER,Penn State Health Holy Spirit Medical Center,CAMP HILL,PA,2,0.996,0.4,0.4,True,True,6,4.0,Heart attack,0.6117384237546621,2.5481260000000088,2675,27196656.0,108786.6240000001,2026,2024
390016,UPMC JAMESON,Upmc Jameson,NEW CASTLE,PA,4,0.9968,0.32,0.32,True,True,5,2.0,Pneumonia,0.9865821573786178,-1.1754959999999968,1094,10216084.0,32691.468799999802,2026,2024
390049,ST LUKES HOSPITAL,St Luke's Hospital Bethlehem,BETHLEHEM,PA,4,0.9935,0.65,0.66,True,True,6,4.0,Heart failure,0.515666611337894,29.47521400000002,7979,131474345.0,854583.2424999934,2026,2024
390139,BRYN MAWR HOSPITAL,"Bryn Mawr Hospital, The",BRYN MAWR,PA,1,0.9889,1.11,1.11,True,True,6,4.0,Hip/knee replacement,0.5254402182568537,12.105710999999994,4939,55920967.0,620722.7337,2026,2024
390198,LECOM MEDICAL CENTER AND BEHAVIORAL HEALTH PAV,Millcreek Community Hospital,ERIE,PA,5,0.9992,0.08,0.08,True,True,5,2.0,Pneumonia,0.7747798197831269,,247,2456054.0,1964.8432000000562,2026,2024
410007,RHODE ISLAND HOSPITAL,Rhode Island Hospital,PROVIDENCE,RI,4,0.9987,0.13,0.13,True,True,6,2.0,Heart attack,0.5766626957608152,-4.922315999999995,6369,129658147.0,168555.59109999583,2026,2024
410011,LANDMARK MEDICAL CENTER,Landmark Medical Center,WOONSOCKET,RI,4,0.9877,1.23,1.23,True,True,4,4.0,Pneumonia,0.3922008574677622,7.3431269999999955,1129,14082939.0,173220.1496999997,2026,2024
420036,MUSC HEALTH LANCASTER MEDICAL CENTER,Musc Health Lancaster Medical Center,LANCASTER,SC,4,0.9991,0.09,0.09,True,True,5,1.0,Heart failure,1.0,0.07723199999999897,1182,13776319.0,12398.687100000165,2026,2024
420087,ROPER HOSPITAL,Roper Hospital,CHARLESTON,SC,2,0.9987,0.13,0.13,True,True,6,2.0,Hip/knee replacement,0.9945187717333653,-5.380258000000013,4846,60615990.0,78800.78699999805,2026,2024
430005,"PRAIRIE LAKES HEALTHCARE SYSTEM, INC",Prairie Lakes Hospital,WATERTOWN,SD,1,0.9997,0.03,0.03,True,True,5,1.0,Heart failure,1.0,0.1397499999999999,1038,11102916.0,3330.874799999633,2026,2024
440049,METHODIST HOSPITALS OF MEMPHIS,Methodist Hospitals Of Memphis,MEMPHIS,TN,4,0.9993,0.07,0.07,True,True,6,3.0,Heart bypass surgery (CABG),0.5089243933417992,-27.032013000000035,9538,139538657.0,97677.05990000474,2026,2024
440161,TRISTAR CENTENNIAL MEDICAL CENTER,Tristar Centennial Medical Center,NASHVILLE,TN,2,0.9981,0.19,0.19,True,True,6,2.0,Heart bypass surgery (CABG),0.6515610844843037,-6.111568999999985,5247,94034177.0,178664.9363000012,2026,2024
440200,STONES RIVER HOSPITAL,Ascension Saint Thomas Stones River Hospital,WOODBURY,TN,4,0.9972,0.28,0.28,True,True,3,1.0,Pneumonia,1.0,,62,712116.0,1993.9248000000175,2026,2024
450015,PARKLAND HEALTH & HOSPITAL SYSTEM,Parkland Health And Hospital System,DALLAS,TX,4,0.9989,0.11,0.11,True,True,5,3.0,Heart attack,0.4995548537736643,-1.0510139999999968,2062,119114759.0,131026.23489999879,2026,2024
450092,FORT DUNCAN MEDICAL CENTER,Fort Duncan Medical Center,EAGLE PASS,TX,5,0.9992,0.08,0.08,True,True,4,1.0,Heart failure,1.0,0.07861400000000285,396,4794143.0,3835.31440000011,2026,2024
450097,HCA HOUSTON HEALTHCARE SOUTHEAST,Hca Houston Healthcare Southeast,PASADENA,TX,3,0.9982,0.18,0.18,True,True,6,3.0,Heart attack,0.49961229727516054,-0.039122999999997354,1343,23361773.0,42051.191400000556,2026,2024
450148,TEXAS HEALTH HARRIS METHODIST HOSPITAL CLEBURNE,Texas Health Harris Methodist Hospital Cleburne,CLEBURNE,TX,2,0.9993,0.07,0.07,True,True,5,1.0,COPD,1.0,-2.4355879999999988,601,6415637.0,4490.945900000218,2026,2024
450176,MISSION REGIONAL MEDICAL CENTER,Mission Regional Medical Center,MISSION,TX,5,0.9958,0.42,0.42,True,True,5,4.0,Pneumonia,0.6697745520651146,3.594006000000007,1028,11252485.0,47260.436999999794,2026,2024
450194,UT HEALTH EAST TEXAS JACKSONVILLE HOSPITAL,Ut Health East Texas Jacksonville Hospital,JACKSONVILLE,TX,2,0.998,0.2,0.2,True,True,5,2.0,Pneumonia,0.8201186187756015,,198,2608131.0,5216.262000000004,2026,2024
450213,UNIVERSITY HEALTH SYSTEM,University Health System,SAN ANTONIO,TX,2,0.9995,0.05,0.05,True,True,6,2.0,Heart failure,0.7714332609924668,0.7430960000000033,4436,132831125.0,66415.56249999268,2026,2024
450653,SCENIC MOUNTAIN MEDICAL CENTER,"Scenic Mountain Medical Center, A Steward Family H",BIG SPRING,TX,3,0.9955,0.45,0.45,True,True,4,1.0,Pneumonia,1.0,0.3971,159,2169333.0,9761.998499999889,2026,2024
450869,DOCTORS HOSPTAL AT RENAISSANCE,Doctors Hosptal At Renaissance,EDINBURG,TX,5,0.9982,0.18,0.18,True,True,6,2.0,Hip/knee replacement,0.7463847757234506,-2.0705500000000003,1852,31023604.0,55842.48720000074,2026,2024
460006,LDS HOSPITAL,Lds Hospital,SALT LAKE CITY,UT,3,1.0,0.0,0.0,True,False,5,1.0,Heart failure,1.0,-1.094279999999999,1005,16640332.0,0.0,2026,2024
470001,CENTRAL VERMONT MEDICAL CENTER,Central Vermont Medical Center,BARRE,VT,4,0.9906,0.94,0.94,True,True,5,4.0,Heart failure,0.6624903430200266,9.137736000000006,1737,10525172.0,98936.61679999963,2026,2024
490033,WARREN MEMORIAL HOSPITAL,Warren Memorial Hospital,FRONT ROYAL,VA,2,0.9968,0.32,0.32,True,True,5,3.0,Heart failure,0.7644155342617833,1.0724939999999967,791,7522544.0,24072.140799999856,2026,2024
490053,JOHNSTON MEMORIAL HOSPITAL,Johnston Memorial Hospital,ABINGDON,VA,3,0.9978,0.22,0.22,True,True,6,2.0,Heart attack,0.9834845022139698,-3.5820820000000033,1626,16949254.0,37288.35879999966,2026,2024
490084,VCU HEALTH TAPPAHANNOCK HOSPITAL,Vcu Health Tappahannock Hospital,TAPPAHANNOCK,VA,3,0.9966,0.34,0.34,True,True,5,1.0,Heart failure,1.0,0.539678000000002,693,7823553.0,26600.080199999677,2026,2024
500003,SKAGIT VALLEY HOSPITAL,Skagit Valley Hospital,MOUNT VERNON,WA,2,0.9974,0.26,0.26,True,True,5,4.0,Heart attack,0.47061524504267715,-2.496152999999998,2079,28017345.0,72845.0970000013,2026,2024
500108,ST JOSEPH MEDICAL CENTER,St Joseph Medical Center,TACOMA,WA,4,0.9998,0.02,0.02,True,True,6,2.0,COPD,0.8779920785259199,-11.825508000000001,4031,75181034.0,15036.206799998345,2026,2024
500139,CAPITAL MEDICAL CENTER,Multicare Capital Medical Center,OLYMPIA,WA,2,0.9917,0.83,0.83,True,True,5,3.0,Heart failure,0.7029945530293681,5.511489,1426,18724346.0,155412.0717999995,2026,2024
520136,ASCENSION SE WISCONSIN HOSPITAL,Ascension Se Wisconsin Hospital - St Joseph Campus,MILWAUKEE,WI,4,0.9985,0.15,0.15,True,True,5,2.0,Heart attack,0.8994065009760644,-5.046087999999996,1858,20412690.0,30619.034999998894,2026,2024
530034,SUMMIT MEDICAL CENTER,Summit Medical Center,CASPER,WY,1,0.9979,0.21,0.21,True,True,2,1.0,Hip/knee replacement,1.0,,29,766227.0,1609.076699999993,2026,2024
670056,ASCENSION  SETON HAYS,Ascension  Seton Hays,KYLE,TX,1,0.9977,0.23,0.23,True,True,6,2.0,Heart attack,0.9326883893096074,-2.3574080000000084,1957,25015648.0,57535.99039999922,2026,2024
670077,HOUSTON METHODIST WEST HOSPITAL,Houston Methodist West Hospital,HOUSTON,TX,1,0.9974,0.26,0.26,True,True,6,2.0,Hip/knee replacement,0.5202156334231807,-1.0283259999999996,3598,47634758.0,123850.37080000223,2026,2024
670260,TEXAS HEALTH HOSPITAL FRISCO,Texas Health Hospital Frisco,FRISCO,TX,1,0.9985,0.15,0.15,True,True,5,3.0,COPD,0.3781800482974225,-0.9285909999999988,1079,9644929.0,14467.393499999478,2026,2024
020026,ALASKA NATIVE MEDICAL CENTER,Alaska Native Medical Center,ANCHORAGE,AK,5,0.9995,0.05,0.05,True,True,5,1.0,Heart failure,1.0,0.2872780000000026,1957,52357993.0,26178.996499997116,2026,2024
030023,FLAGSTAFF MEDICAL CENTER,Flagstaff Medical Center,FLAGSTAFF,AZ,4,0.9982,0.18,0.18,True,True,6,2.0,Pneumonia,0.6023391812865495,0.3992169999999949,3137,83699015.0,150658.227000002,2026,2024
030148,NORTHWEST MEDICAL CENTER SAHUARITA,Northwest Medical Center Sahuarita,SAHUARITA,AZ,1,0.9939,0.61,0.61,True,True,5,3.0,Pneumonia,0.5705681270912485,0.8560879999999987,1198,11551112.0,70461.78319999993,2026,2024
050006,PROVIDENCE ST JOSEPH HOSPITAL,Providence St Joseph Hospital,EUREKA,CA,5,0.9998,0.02,0.02,True,True,6,1.0,Heart bypass surgery (CABG),1.0,-26.898791,3099,60293336.0,12058.667199998672,2026,2024
050022,RIVERSIDE COMMUNITY HOSPITAL,Riverside Community Hospital,RIVERSIDE,CA,5,0.9942,0.58,0.57,True,True,6,6.0,Pneumonia,0.48105496713693635,13.499533,4562,101095513.0,586353.9754000028,2026,2024
050030,OROVILLE HOSPITAL,Oroville Hospital,OROVILLE,CA,5,0.97,3.0,3.0,True,True,5,5.0,Pneumonia,0.7791037825093508,86.57181099999997,3938,59420018.0,1782600.5400000017,2026,2024
050055,CALIFORNIA PACIFIC MEDICAL CENTER - MISSION BERNAL,California Pacific Medical Center - Mission Bernal,SAN FRANCISCO,CA,5,0.9988,0.12,0.12,True,True,5,2.0,Pneumonia,0.8146521786105673,1.6396199999999985,1559,29705624.0,35646.748799999375,2026,2024
050071,KAISER FOUNDATION HOSPITAL-SANTA CLARA,Kaiser Foundation Hospital-Santa Clara,SANTA CLARA,CA,2,0.9993,0.07,0.07,True,True,5,1.0,Heart failure,1.0,,716,14483383.0,10138.36810000049,2026,2024
050090,SONOMA VALLEY HOSPITAL,Sonoma Valley Hospital,SONOMA,CA,4,0.9997,0.03,0.03,True,True,5,2.0,COPD,0.639625486992581,,372,4561644.0,1368.4931999998494,2026,2024
050131,NOVATO COMMUNITY HOSPITAL,Novato Community Hospital,NOVATO,CA,3,0.9998,0.02,0.02,True,True,5,1.0,COPD,1.0,-1.7431440000000014,949,16007524.0,3201.5047999996473,2026,2024
050158,ENCINO HOSPITAL MEDICAL CENTER,Encino Hospital Medical Center,ENCINO,CA,5,0.9978,0.22,0.22,True,True,5,3.0,Pneumonia,0.6916779475278808,1.7127839999999996,740,11798644.0,25957.01679999976,2026,2024
050279,HI-DESERT MEDICAL CENTER,Hi-Desert Medical Center,JOSHUA TREE,CA,5,0.9999,0.01,0.01,True,True,4,1.0,Pneumonia,1.0,0.14894799999999933,393,6007042.0,600.7041999999338,2026,2024
050290,SAINT JOHN'S HEALTH CENTER,Saint John's Health Center,SANTA MONICA,CA,3,0.9981,0.19,0.19,True,True,6,4.0,Pneumonia,0.6944037680590578,-39.827647000000006,5053,91790669.0,174402.27110000118,2026,2024
050376,LAC/HARBOR-UCLA MED CENTER,Lac/Harbor-Ucla Med Center,TORRANCE,CA,5,0.9995,0.05,0.05,True,True,6,2.0,Pneumonia,0.720653442240373,1.0581139999999989,1932,61919083.0,30959.54149999659,2026,2024
050438,HUNTINGTON HOSPITAL,Huntington Hospital,PASADENA,CA,5,0.9945,0.55,0.55,True,True,6,4.0,Pneumonia,0.4252409325388892,22.326643999999973,6181,120141151.0,660776.3304999939,2026,2024
050468,MEMORIAL HOSPITAL OF GARDENA,Memorial Hospital Of Gardena,GARDENA,CA,5,0.9923,0.77,0.77,True,True,5,3.0,Heart failure,0.613786591123702,7.428829999999998,1103,19088917.0,146984.66090000077,2026,2024
050481,UCLA WEST VALLEY MEDICAL CENTER,Ucla West Valley Medical Center,WEST HILLS,CA,5,0.9839,1.61,1.62,True,True,6,6.0,Pneumonia,0.4857371574214644,27.633345999999996,3030,50492648.0,812931.6328000001,2026,2024
050573,EISENHOWER MEDICAL CENTER,Eisenhower Medical Center,RANCHO MIRAGE,CA,2,0.9974,0.26,0.26,True,True,6,2.0,Heart failure,0.7916016029198728,-9.169290000000013,8093,159374124.0,414372.7224000074,2026,2024
050783,COLUSA MEDICAL CENTER,Colusa Medical Center,COLUSA,CA,5,0.9992,0.08,0.08,True,True,4,1.0,COPD,1.0,0.17961299999999994,261,4386223.0,3508.9784000001005,2026,2024
060001,BANNER NORTH COLORADO MEDICAL CENTER,Banner North Colorado Medical Center,GREELEY,CO,3,0.9996,0.04,0.04,True,True,6,1.0,Pneumonia,1.0,-2.832889999999999,1324,22335360.0,8934.143999999016,2026,2024
060031,CENTURA HEALTH-PENROSE ST FRANCIS HEALTH SERVICES,Penrose Hospital,COLORADO SPRINGS,CO,2,0.9948,0.52,0.52,True,True,6,3.0,Hip/knee replacement,0.8951210248392235,-29.306238000000008,5167,73771980.0,383614.2959999987,2026,2024
070011,CHARLOTTE HUNGERFORD HOSPITAL,Charlotte Hungerford Hospital,TORRINGTON,CT,3,0.9892,1.08,1.08,True,True,5,3.0,Pneumonia,0.8704755766391296,8.896660000000002,1756,19494320.0,210538.65600000063,2026,2024
070018,GREENWICH HOSPITAL ASSOCIATION -,Greenwich Hospital Association -,GREENWICH,CT,1,0.9942,0.58,0.58,True,True,5,4.0,Pneumonia,0.633423389416459,8.296724000000006,3149,43514174.0,252382.20920000118,2026,2024
100135,TALLAHASSEE MEMORIAL HEALTHCARE,Tallahassee Memorial Hospital,TALLAHASSEE,FL,1,0.9986,0.14,0.14,True,True,6,2.0,Hip/knee replacement,0.8908427339084278,-18.723081999999998,4658,65160533.0,91224.74619999719,2026,2024
100137,ADVENTHEALTH HEART OF FLORIDA,Adventhealth Heart Of Florida,DAVENPORT,FL,2,0.9899,1.01,1.01,True,True,5,3.0,Pneumonia,0.6702899375939507,6.968802000000002,1498,16966539.0,171362.04389999996,2026,2024
100161,CENTRAL FLORIDA LAKE MONROE HOSPITAL,Hca Florida Lake Monroe Hospital,SANFORD,FL,2,0.9956,0.44,0.44,True,True,6,4.0,Pneumonia,0.6439016979603336,2.2738529999999972,1831,25062660.0,110275.70399999898,2026,2024
100166,HCA FLORIDA SARASOTA DOCTORS HOSPITAL,Hca Florida Sarasota Doctors Hospital,SARASOTA,FL,1,0.9929,0.71,0.71,True,True,5,2.0,Hip/knee replacement,0.5531378951231636,4.880981000000006,2748,26831717.0,190505.19069999986,2026,2024
100168,BOCA RATON REGIONAL HOSPITAL,Boca Raton Regional Hospital,BOCA RATON,FL,1,0.9956,0.44,0.44,True,True,6,4.0,Heart bypass surgery (CABG),0.6528123428242963,-13.683592999999973,8086,97897430.0,430748.691999996,2026,2024
100231,HCA FLORIDA WEST HOSPITAL,Hca Florida West Hospital,PENSACOLA,FL,2,0.9912,0.88,0.88,True,True,6,5.0,Pneumonia,0.4698691878609489,13.744081999999995,4373,49482222.0,435443.5536000015,2026,2024
110003,Memorial Satilla Health,Memorial Satilla Health,WAYCROSS,GA,4,0.9959,0.41,0.41,True,True,5,4.0,Heart attack,0.3506465431150147,2.4648460000000005,1328,13089648.0,53667.556799999904,2026,2024
110008,NORTHSIDE HOSPITAL CHEROKEE,Northside Hospital Cherokee,CANTON,GA,1,0.9967,0.33,0.33,True,True,6,2.0,Pneumonia,0.8957709711103379,-5.579417,4621,57444722.0,189567.58259999825,2026,2024
110073,DORMINY MEDICAL CENTER,Dorminy Medical Center,FITZGERALD,GA,4,0.9995,0.05,0.05,True,True,4,1.0,COPD,1.0,,105,1766465.0,883.2324999999028,2026,2024
110124,WAYNE MEMORIAL HOSPITAL,Wayne Memorial Hospital,JESUP,GA,3,0.9967,0.33,0.33,True,True,5,2.0,Pneumonia,0.7801491992033284,0.5320979999999998,508,5002192.0,16507.233599999847,2026,2024
110125,FAIRVIEW PARK HOSPITAL,Fairview Park Hospital,DUBLIN,GA,3,0.9944,0.56,0.56,True,True,5,3.0,Pneumonia,0.8944653931253704,3.449433999999998,1439,13858936.0,77610.04160000068,2026,2024
110184,WELLSTAR DOUGLAS MEDICAL CENTER,Wellstar Douglas Medical Center,DOUGLASVILLE,GA,2,0.9999,0.01,0.01,True,True,5,1.0,Heart attack,1.0,-3.1621980000000045,1311,17702720.0,1770.271999999805,2026,2024
110191,PIEDMONT HENRY HOSPITAL,Piedmont Henry Hospital,STOCKBRIDGE,GA,2,0.9948,0.52,0.52,True,True,5,2.0,Pneumonia,0.9769844566060344,5.883146999999995,3106,38251781.0,198909.26119999934,2026,2024
110230,EMORY JOHNS CREEK HOSPITAL,Emory Johns Creek Hospital,JOHNS CREEK,GA,1,0.9997,0.03,0.03,True,True,5,1.0,COPD,1.0,-2.4181940000000024,2313,24447556.0,7334.266799999193,2026,2024
140067,SAINT FRANCIS MEDICAL CENTER,Saint Francis Medical Center,PEORIA,IL,4,0.9955,0.45,0.45,True,True,6,2.0,Pneumonia,0.7153932293909903,7.144899999999999,8461,138705177.0,624173.2964999928,2026,2024
140080,SAINT FRANCIS HOSPITAL-EVANSTON,Presence Saint Francis Hospital,EVANSTON,IL,5,0.9958,0.42,0.42,True,True,5,5.0,Heart failure,0.45103138496976747,5.223664999999992,1846,29904352.0,125598.27839999944,2026,2024
140091,CARLE FOUNDATION HOSPITAL,The Carle Foundation Hospital,URBANA,IL,4,0.9905,0.95,0.95,True,True,6,5.0,Heart failure,0.559601574743891,38.716338,5775,76993835.0,731441.4324999964,2026,2024
140186,RIVERSIDE MEDICAL CENTER,Riverside Medical Center,KANKAKEE,IL,4,0.9995,0.05,0.05,True,True,6,2.0,Heart attack,0.5962761126248892,-2.95178099999999,2540,30122431.0,15061.215499998341,2026,2024
140228,UW HEALTH,Uw Health,ROCKFORD,IL,5,0.9895,1.05,1.05,True,True,6,5.0,Heart failure,0.40584820697035534,17.906410000000005,3016,38475049.0,403988.01449999824,2026,2024
140231,EDWARD HOSPITAL,Edward Hospital,NAPERVILLE,IL,1,0.9922,0.78,0.78,True,True,6,6.0,Hip/knee replacement,0.3124069003455115,17.402626999999978,6718,76127002.0,593790.6156000022,2026,2024
140251,COMMUNITY FIRST MEDICAL CENTER,Community First Medical Center,CHICAGO,IL,5,0.9992,0.08,0.08,True,True,5,1.0,Heart failure,1.0,1.1042000000000056,909,9639462.0,7711.569600000221,2026,2024
140290,ST ALEXIUS MEDICAL CENTER,St Alexius Medical Center,HOFFMAN ESTATES,IL,3,0.9964,0.36,0.36,True,True,5,1.0,Pneumonia,1.0,2.017514000000003,3062,35460808.0,127658.9088000017,2026,2024
150126,FRANCISCAN HEALTH CROWN POINT,Franciscan Health Crown Point,CROWN POINT,IN,1,0.9972,0.28,0.27,True,True,6,3.0,Hip/knee replacement,0.5189257371104218,-1.4911760000000078,3130,36813186.0,103076.92080000091,2026,2024
160069,MERCYONE DUBUQUE MEDICAL CENTER,Mercyone Dubuque Medical Center,DUBUQUE,IA,1,0.9987,0.13,0.13,True,True,6,1.0,Heart failure,1.0,0.10703000000000085,3729,38930079.0,50609.10269999875,2026,2024
160124,LAKES REGIONAL HEALTHCARE,Lakes Regional Healthcare,SPIRIT LAKE,IA,1,0.9738,2.62,2.63,True,True,5,3.0,Hip/knee replacement,0.7409632988505408,1.7045900000000005,457,3889858.0,101914.27960000001,2026,2024
180001,ST ELIZABETH FT THOMAS,St Elizabeth Ft Thomas,FORT THOMAS,KY,2,0.9921,0.79,0.79,True,True,4,3.0,Heart failure,0.5733402682953272,7.853869999999999,1436,11523902.0,91038.82580000021,2026,2024
180009,KING'S DAUGHTERS' MEDICAL CENTER,King's Daughters' Medical Center,ASHLAND,KY,3,0.9946,0.54,0.55,True,True,6,4.0,Pneumonia,0.8242764115096127,6.801855999999996,4323,45138211.0,243746.33939999822,2026,2024
180010,SAINT JOSEPH HOSPITAL,Saint Joseph Hospital,LEXINGTON,KY,2,0.9942,0.58,0.58,True,True,6,5.0,Pneumonia,0.4113938009401293,11.916521000000003,3057,45027138.0,261157.40040000124,2026,2024
180017,T J SAMSON COMMUNITY HOSPITAL,T J Samson Community Hospital,GLASGOW,KY,4,0.9961,0.39,0.39,True,True,5,2.0,Pneumonia,0.5127559367408641,2.261141999999998,1278,12739031.0,49682.22090000018,2026,2024
180048,EPHRAIM MCDOWELL REGIONAL MEDICAL CENTER,Ephraim Mcdowell Regional Medical Center,DANVILLE,KY,3,0.9961,0.39,0.39,True,True,5,2.0,Heart attack,0.5284221829489271,-2.028581999999994,1535,15694393.0,61208.13270000023,2026,2024
180056,DEACONESS HENDERSON HOSPITAL,Deaconess Henderson Hospital,HENDERSON,KY,3,0.9962,0.38,0.38,True,True,5,1.0,Heart failure,1.0,1.753521,1307,13155162.0,49989.61560000034,2026,2024
180064,SAINT JOSEPH MOUNT STERLING,Chi Saint Joseph Mount Sterling,MOUNT STERLING,KY,4,0.9992,0.08,0.08,True,True,5,2.0,Heart failure,0.6262303417716949,0.14739400000000102,348,3430334.0,2744.2672000000784,2026,2024
180069,TUG VALLEY ARH REGIONAL MEDICAL CENTER,Tug Valley Arh Regional Medical Center,SOUTH WILLIAMSON,KY,4,0.9812,1.88,1.88,True,True,4,3.0,Pneumonia,0.7811271163368614,6.184724000000002,400,3624519.0,68140.95720000014,2026,2024
180102,MERCY HEALTH - LOURDES HOSPITAL,Mercy Health Lourdes Hospital,PADUCAH,KY,2,0.9859,1.41,1.41,True,True,6,4.0,Hip/knee replacement,0.5223164255405324,1.4097979999999861,2638,27755306.0,391349.81460000004,2026,2024
190017,OPELOUSAS GENERAL HEALTH SYSTEM,Opelousas General Health System,OPELOUSAS,LA,5,0.9961,0.39,0.39,True,True,5,3.0,Heart attack,0.47866679254095396,2.146005999999992,1035,11582300.0,45170.97000000017,2026,2024
190036,OCHSNER MEDICAL CENTER ACUTE,Ochsner Medical Center,NEW ORLEANS,LA,3,0.9982,0.18,0.18,True,True,6,4.0,Pneumonia,0.8527328892344557,5.118223999999998,6126,99511125.0,179120.02500000238,2026,2024
190160,GLENWOOD REGIONAL MEDICAL CENTER,Glenwood Regional Medical Center,WEST MONROE,LA,4,0.9861,1.39,1.39,True,True,6,5.0,Heart failure,0.439483799805448,18.884287000000008,1423,15256211.0,212061.33290000036,2026,2024
220015,"COOLEY DICKINSON HOSPITAL INC,THE","Cooley Dickinson Hospital Inc,the",NORTHAMPTON,MA,4,0.9907,0.93,0.93,True,True,5,3.0,Heart failure,0.775764223772171,8.082784999999998,2237,24693684.0,229651.26119999937,2026,2024
220016,BAYSTATE FRANKLIN MEDICAL CENTER,Baystate Franklin Medical Center,GREENFIELD,MA,5,0.9979,0.21,0.21,True,True,4,2.0,COPD,0.6346793691385736,2.6268900000000066,1616,14910887.0,31312.862699999863,2026,2024
220070,MELROSEWAKEFIELD HEALTHCARE,Melrosewakefield Healthcare,MELROSE,MA,4,0.9808,1.92,1.92,True,True,5,5.0,Pneumonia,0.46862728372079016,25.566667999999996,3133,31613994.0,606988.6847999998,2026,2024
220108,BETH ISRAEL DEACONESS HOSPITAL - MILTON,Beth Israel Deaconess Hospital-Milton Inc,MILTON,MA,3,0.9958,0.42,0.42,True,True,5,2.0,Pneumonia,0.8057468092445673,-12.514213999999997,3104,32494765.0,136478.0129999994,2026,2024
220116,TUFTS MEDICAL CENTER,Tufts Medical Center,BOSTON,MA,5,0.9901,0.99,0.99,True,True,6,6.0,Heart attack,0.45033117734225797,13.750448999999996,4257,119815980.0,1186178.2020000024,2026,2024
230002,ST JOE MERCY HOSPITAL SYSTEM LIVONIA,Trinity Health Livonia Hospital,LIVONIA,MI,3,0.9897,1.03,1.02,True,True,6,5.0,Heart failure,0.6535134327600932,28.365382999999994,4346,49579514.0,510668.9941999988,2026,2024
230038,SPECTRUM HEALTH,Corewell Health Grand Rapids Hospitals Butterworth,GRAND RAPIDS,MI,3,0.9998,0.02,0.02,True,True,6,1.0,Hip/knee replacement,1.0,-39.360577000000006,7885,131188226.0,26237.64519999711,2026,2024
230273,DETROIT RECEIVING HOSPITAL,Detroit Receiving Hospital & Univ Health Center,DETROIT,MI,5,0.9977,0.23,0.23,True,True,4,3.0,Pneumonia,0.7982641828958509,2.8357759999999956,1222,27554578.0,63375.52939999914,2026,2024
230302,HENRY FORD HEALTH WEST BLOOMFIELD HOSPITAL,Henry Ford Health West Bloomfield Hospital,W BLOOMFIELD,MI,2,0.9877,1.23,1.23,True,True,5,4.0,Heart failure,0.5457981144343302,26.205103000000022,3489,36847178.0,453220.2893999992,2026,2024
240141,FAIRVIEW NORTHLAND REGIONAL HOSPITAL,M Health Fairview Northland Medical Center,PRINCETON,MN,3,0.9992,0.08,0.08,True,True,5,1.0,Heart failure,1.0,0.15414999999999957,348,3956691.0,3165.3528000000906,2026,2024
250002,TISHOMINGO HEALTH SERVICES INC,Tishomingo Health Services Inc,IUKA,MS,4,0.9998,0.02,0.02,True,True,3,1.0,Heart failure,1.0,-0.8655590000000012,315,2316917.0,463.38339999994895,2026,2024
250006,BAPTIST MEMORIAL HOSPITAL UNION COUNTY,Baptist Memorial Hospital Union County,NEW ALBANY,MS,4,0.9997,0.03,0.03,True,True,5,1.0,Heart failure,1.0,-0.421902000000001,941,8556322.0,2566.896599999717,2026,2024
250050,BAPTIST MEMORIAL HOSPITAL-OKTIBBEHA COUNTY,Och Regional Medical Center,STARKVILLE,MS,4,0.9984,0.16,0.16,True,True,5,1.0,Heart failure,1.0,-0.059892000000002055,411,4907101.0,7851.361600000225,2026,2024
250167,METHODIST HEALTHCARE - OLIVE BRANCH HOSPITAL,Methodist Healthcare - Olive Branch Hospital,OLIVE BRANCH,MS,2,0.9996,0.04,0.04,True,True,4,2.0,Heart failure,0.6843354430379759,-0.572755999999999,940,10007118.0,4002.847199999559,2026,2024
260077,MERCY HOSPITAL SOUTH,Mercy Hospital South,SAINT LOUIS,MO,2,0.9932,0.68,0.68,True,True,6,4.0,Pneumonia,0.6362510590228747,19.75415799999999,6652,74426000.0,506096.8000000021,2026,2024
270012,BENEFIS HOSPITALS INC,Benefis Hospitals Inc,GREAT FALLS,MT,3,0.9995,0.05,0.05,True,True,6,1.0,Heart bypass surgery (CABG),1.0,-8.830957000000001,2954,36286249.0,18143.124499998,2026,2024
270017,ST JAMES HOSPITAL,Intermountain Health St James Hospital,BUTTE,MT,3,0.9971,0.29,0.29,True,True,5,4.0,Hip/knee replacement,0.8309369864092186,-0.1677779999999987,881,13853718.0,40175.78220000019,2026,2024
290003,SUNRISE HOSPITAL AND MEDICAL CENTER,Sunrise Hospital And Medical Center,LAS VEGAS,NV,3,0.9963,0.37,0.36,True,True,6,5.0,Heart failure,0.54712299487874,9.855220000000006,6021,105450066.0,390165.24420000386,2026,2024
290047,SOUTHERN HILLS HOSPITAL AND MEDICAL CENTER,Southern Hills Hospital And Medical Center,LAS VEGAS,NV,1,0.9945,0.55,0.55,True,True,5,1.0,Pneumonia,1.0,6.371342000000016,2842,49428726.0,271857.9929999975,2026,2024
310028,NEWTON MEDICAL CENTER,Newton Medical Center,NEWTON,NJ,2,0.9992,0.08,0.08,True,True,5,2.0,Hip/knee replacement,0.8581119473080011,-17.310665,3106,30262091.0,24209.672800000695,2026,2024
310031,DEBORAH HEART AND LUNG CENTER,Deborah Heart And Lung Center,BROWNS MILLS,NJ,1,0.9892,1.08,1.08,True,True,5,5.0,Heart failure,0.4735318114191553,8.387725000000005,1217,36786138.0,397290.29040000116,2026,2024
310038,ROBERT WOOD JOHNSON UNIVERSITY HOSPITAL,Robert Wood Johnson University Hospital,NEW BRUNSWICK,NJ,2,0.9786,2.14,2.14,True,True,6,4.0,Heart bypass surgery (CABG),0.6801479631416624,27.42447700000002,7803,177831494.0,3805593.9715999956,2026,2024
310115,AHS HOSPITAL CORP,Hackettstown Medical Center,HACKETTSTOWN,NJ,1,0.9902,0.98,0.99,True,True,5,1.0,Pneumonia,1.0,2.472881000000005,1709,16725263.0,163907.5774000005,2026,2024
320005,SAN JUAN REGIONAL MEDICAL CENTER INC,San Juan Regional Medical Center Inc,FARMINGTON,NM,4,0.999,0.1,0.1,True,True,5,1.0,COPD,1.0,-7.604123,2307,36216774.0,36216.774000000034,2026,2024
330073,UNITED MEMORIAL MEDICAL CENTER,United Memorial Medical Center,BATAVIA,NY,4,0.9953,0.47,0.47,True,True,5,3.0,Pneumonia,0.5800444440799991,2.608406000000003,845,8885566.0,41762.16020000033,2026,2024
330094,COLUMBIA MEMORIAL HOSPITAL,Columbia Memorial Hospital,HUDSON,NY,5,0.9978,0.22,0.22,True,True,5,2.0,Hip/knee replacement,0.6892792012106008,0.36524400000000057,1133,13232847.0,29112.26339999973,2026,2024
330208,ST JOHN'S RIVERSIDE HOSPITAL,St John's Riverside Hospital,YONKERS,NY,5,0.994,0.6,0.6,True,True,5,2.0,Heart failure,0.5560662938277275,9.554304000000009,2588,35688330.0,214129.98000000019,2026,2024
330273,PUTNAM HOSPITAL CENTER,Putnam Hospital Center,CARMEL,NY,4,0.9996,0.04,0.04,True,True,5,1.0,Hip/knee replacement,1.0,-3.117430000000009,1205,13947682.0,5579.072799999386,2026,2024
340024,SAMPSON REGIONAL MEDICAL CENTER,Sampson Regional Medical Center,CLINTON,NC,4,0.9901,0.99,0.99,True,True,5,3.0,Heart failure,0.5349821475224243,2.9499310000000034,492,5834240.0,57758.97600000012,2026,2024
340050,SOUTHEASTERN REGIONAL MEDICAL CENTER,Southeastern Regional Medical Center,LUMBERTON,NC,5,0.9958,0.42,0.42,True,True,6,2.0,Heart failure,0.9520268682708386,7.504929000000003,1620,20795712.0,87341.99039999962,2026,2024
340061,UNC HOSPITALS,Unc Hospitals,CHAPEL HILL,NC,3,0.9992,0.08,0.08,True,True,6,2.0,Hip/knee replacement,0.625398607412008,-24.079774000000004,6150,144139577.0,115311.66160000331,2026,2024
340107,VIDANT EDGECOMBE HOSPITAL,Vidant Edgecombe Hospital,TARBORO,NC,5,0.9943,0.57,0.57,True,True,5,1.0,Heart failure,1.0,2.956215,700,8624122.0,49157.495400000334,2026,2024
340109,SENTARA ALBEMARLE MEDICAL CENTER,Sentara Albemarle Medical Center,ELIZABETH CITY,NC,3,0.9974,0.26,0.26,True,True,5,1.0,Heart failure,1.0,1.7851539999999948,1978,25551658.0,66434.3108000012,2026,2024
360026,KETTERING HEALTH GREENE MEMORIAL,Kettering Health Greene Memorial,XENIA,OH,4,0.9984,0.16,0.16,True,True,4,1.0,Heart failure,1.0,0.1645000000000003,173,1363593.0,2181.7488000000626,2026,2024
360068,PROMEDICA TOLEDO HOSPITAL,Toledo Hospital The,TOLEDO,OH,2,0.9998,0.02,0.02,True,True,6,1.0,Hip/knee replacement,1.0,-29.454687000000007,7411,114569528.0,22913.905599997477,2026,2024
360078,UNIVERSITY HOSPITALS PORTAGE MEDICAL CENTER,University Hospitals Portage Medical Center,RAVENNA,OH,3,0.9928,0.72,0.72,True,True,5,3.0,Heart failure,0.7723692886922486,5.132678000000002,1209,10719061.0,77177.23919999984,2026,2024
360132,FORT HAMILTON HUGHES MEMORIAL HOSPITAL,Fort Hamilton Hughes Memorial Hospital,HAMILTON,OH,3,0.9981,0.19,0.19,True,True,5,2.0,COPD,0.8288490284005975,-1.2633719999999966,1363,13398617.0,25457.37230000017,2026,2024
360144,SOUTH POINTE HOSPITAL,South Pointe Hospital,WARRENSVILLE HEIGHTS,OH,5,0.9952,0.48,0.48,True,True,5,2.0,Pneumonia,0.5323764215775105,4.6795840000000055,1604,15370288.0,73777.38240000041,2026,2024
360359,UNIVERSITY HOSPITALS AHUJA MEDICAL CENTER,University Hospitals Ahuja Medical Center,BEACHWOOD,OH,2,0.9896,1.04,1.04,True,True,6,3.0,Heart failure,0.542295029563915,16.41432200000002,2789,26154363.0,272005.3751999991,2026,2024
370013,"MERCY HOSPITAL OKLAHOMA CITY, INC","Mercy Hospital Oklahoma City, Inc",OKLAHOMA CITY,OK,1,0.999,0.1,0.1,True,True,5,1.0,Hip/knee replacement,1.0,-26.848845000000004,5725,64474878.0,64474.878000000055,2026,2024
370093,O U MEDICAL CENTER,Ou Health University Of Oklahoma Medical Center,OKLAHOMA CITY,OK,4,0.9996,0.04,0.04,True,True,6,3.0,Pneumonia,0.8640425981093554,1.3921120000000033,6320,137143036.0,54857.21439999396,2026,2024
370212,OKLAHOMA CENTER FOR ORTHOPAEDIC & MULTI-SP,Oklahoma Center For Orthopaedic & Multi-Sp,OKLAHOMA CITY,OK,1,0.9738,2.62,2.62,True,True,1,1.0,Hip/knee replacement,1.0,,64,815163.0,21357.2706,2026,2024
380075,PROVIDENCE MEDFORD MEDICAL CENTER,Providence Medford Medical Center,MEDFORD,OR,4,0.9976,0.24,0.24,True,True,5,2.0,Hip/knee replacement,0.7370027142925977,-1.4992360000000016,1802,30295662.0,72709.58879999872,2026,2024
390009,SAINT VINCENT HOSPITAL,Saint Vincent Hospital,ERIE,PA,4,0.9997,0.03,0.03,True,True,6,2.0,Heart attack,0.5768782039950504,-1.606909999999999,2664,40072254.0,12021.676199998676,2026,2024
390056,PENN HIGHLANDS HUNTINGDON,Penn Highlands Huntingdon,HUNTINGDON,PA,4,0.9968,0.32,0.32,True,True,5,3.0,Pneumonia,0.5612191292888008,-0.1793039999999999,428,4094177.0,13101.36639999992,2026,2024
390067,UPMC PINNACLE HOSPITALS,Upmc Pinnacle Hospitals,HARRISBURG,PA,2,0.9939,0.61,0.61,True,True,6,3.0,Heart bypass surgery (CABG),0.7251503315813053,-3.840679999999999,7368,103702506.0,632585.2865999994,2026,2024
390079,ROBERT PACKER HOSPITAL,Robert Packer Hospital,SAYRE,PA,3,0.999,0.1,0.1,True,True,6,1.0,COPD,1.0,-3.332965999999997,3815,52116861.0,52116.86100000005,2026,2024
390270,GEISINGER WYOMING VALLEY MEDICAL CENTER,Geisinger Wyoming Valley Medical Center,WILKES BARRE,PA,4,0.9971,0.29,0.29,True,True,6,2.0,Pneumonia,0.9749473941524105,5.3794150000000185,5316,73164674.0,212177.554600001,2026,2024
420010,CAROLINA PINES REGIONAL MEDICAL CENTER,Carolina Pines Regional Medical Center,HARTSVILLE,SC,5,0.9901,0.99,0.99,True,True,4,3.0,Pneumonia,0.8394377450847298,5.009160000000003,803,7739679.0,76622.82210000015,2026,2024
420023,ST FRANCIS-DOWNTOWN,St Francis-Downtown,GREENVILLE,SC,2,0.9995,0.05,0.05,True,True,6,2.0,Heart failure,0.6376225991918666,-11.358270999999995,4971,54600396.0,27300.19799999699,2026,2024
420104,MOUNT PLEASANT HOSPITAL,Mount Pleasant Hospital,MOUNT PLEASANT,SC,1,0.9967,0.33,0.33,True,True,4,1.0,Heart failure,1.0,2.0671520000000045,1215,9655104.0,31861.84319999971,2026,2024
420106,PRISMA HEALTH BAPTIST PARKRIDGE,Prisma Health Baptist Parkridge,COLUMBIA,SC,2,0.9998,0.02,0.02,True,True,5,1.0,COPD,1.0,-4.70313,1423,14983508.0,2996.70159999967,2026,2024
430016,AVERA MCKENNAN HOSPITAL & UNIVERSITY HEALTH CENTER,Avera Mckennan Hospital & University Health Center,SIOUX FALLS,SD,2,0.9986,0.14,0.14,True,True,5,1.0,Hip/knee replacement,1.0,-16.89241200000001,7026,98922970.0,138492.15799999572,2026,2024
450055,ROLLING PLAINS MEMORIAL HOSPITAL,Rolling Plains Memorial Hospital,SWEETWATER,TX,3,0.9987,0.13,0.13,True,True,5,3.0,Heart failure,0.5614592995009059,-0.009864000000000032,168,2160713.0,2808.9268999999304,2026,2024
450128,KNAPP MEDICAL CENTER,Knapp Medical Center,WESLACO,TX,5,0.9996,0.04,0.04,True,True,5,1.0,Pneumonia,1.0,0.10209199999999813,819,11438828.0,4575.5311999994965,2026,2024
450351,TEXAS HEALTH HARRIS METHODIST HOSPITAL STEPHENVILL,Texas Health Harris Methodist Hospital Stephenvill,STEPHENVILLE,TX,2,0.9981,0.19,0.19,True,True,5,1.0,Heart failure,1.0,0.12164599999999998,391,4633283.0,8803.23770000006,2026,2024
450372,BAYLOR SCOTT & WHITE MEDICAL CENTER- WAXAHACHIE,Baylor Scott & White Medical Center- Waxahachie,WAXAHACHIE,TX,1,0.9942,0.58,0.58,True,True,5,3.0,Heart failure,0.6583784971436939,6.234350000000006,2230,23537525.0,136517.64500000063,2026,2024
450395,CHI ST LUKES HEALTH MEMORIAL LIVINGSTON,Chi St Lukes Health Memorial Livingston,LIVINGSTON,TX,2,0.9971,0.29,0.29,True,True,5,1.0,Heart failure,1.0,0.41490800000000017,287,4048303.0,11740.078700000055,2026,2024
450596,LAKE GRANBURY MEDICAL CENTER,Lake Granbury Medical Center,GRANBURY,TX,1,0.9978,0.22,0.22,True,True,5,1.0,Heart failure,1.0,-0.593113000000002,782,8558440.0,18828.56799999983,2026,2024
450604,HILL COUNTRY MEMORIAL HOSPITAL,Hill Country Memorial Hospital,FREDERICKSBURG,TX,1,0.9995,0.05,0.05,True,True,5,1.0,Heart failure,1.0,0.1095930000000007,789,11796100.0,5898.049999999351,2026,2024
450678,WHITE ROCK MEDICAL CENTER,White Rock Medical Center,DALLAS,TX,4,0.9938,0.62,0.62,True,True,5,3.0,Pneumonia,0.6322403811193051,2.7322290000000016,283,3509668.0,21759.94159999994,2026,2024
450788,"CORPUS CHRISTI MEDICAL CENTER,THE","Corpus Christi Medical Center,the",CORPUS CHRISTI,TX,2,0.9936,0.64,0.64,True,True,6,2.0,Heart bypass surgery (CABG),0.9976479635209052,-9.503922000000005,3143,42378862.0,271224.71679999836,2026,2024
460001,INTERMOUNTAIN HEALTH UTAH VALLEY HOSPITAL,Intermountain Health Utah Valley Hospital,PROVO,UT,2,0.9997,0.03,0.03,True,True,6,1.0,Hip/knee replacement,1.0,-15.809872999999993,3642,55395868.0,16618.76039999817,2026,2024
490046,SENTARA LEIGH HOSPITAL,Sentara Leigh Hospital,NORFOLK,VA,3,0.9929,0.71,0.71,True,True,5,5.0,Pneumonia,0.5597668504690949,12.711876000000014,5205,57160809.0,405841.7438999997,2026,2024
490050,VIRGINIA HOSPITAL CENTER,Virginia Hospital Center,ARLINGTON,VA,1,0.9972,0.28,0.28,True,True,6,3.0,Heart bypass surgery (CABG),0.6272298359919116,-6.026158999999995,4736,65744968.0,184085.91040000162,2026,2024
490144,UVA HEALTH HAYMARKET MEDICAL CENTER,Uva Health Haymarket Medical Center,HAYMARKET,VA,1,0.9934,0.66,0.66,True,True,5,1.0,Pneumonia,1.0,1.4805359999999963,1102,9590634.0,63298.184400000486,2026,2024
500005,VIRGINIA MASON MEDICAL CENTER,Virginia Mason Medical Center,SEATTLE,WA,2,0.9995,0.05,0.05,True,True,6,1.0,Pneumonia,1.0,-8.019416000000001,4080,94523209.0,47261.60449999479,2026,2024
500016,CONFLUENCE HEALTH HOSPITAL,Confluence Health Hospital,WENATCHEE,WA,2,0.9998,0.02,0.02,True,True,6,1.0,Hip/knee replacement,1.0,-13.127231999999982,3356,47059662.0,9411.932399998963,2026,2024
510013,"REYNOLDS MEMORIAL HOSPITAL, INC",Reynolds Memorial Hospital,GLEN DALE,WV,3,0.995,0.5,0.5,True,True,5,3.0,Pneumonia,0.815810486068991,1.9591540000000038,848,5931694.0,29658.470000000027,2026,2024
520009,ASCENSION NE WISCONSIN - ST ELIZABETH CAMPUS,Ascension Ne Wisconsin - St Elizabeth Campus,APPLETON,WI,3,0.9989,0.11,0.11,True,True,6,1.0,Heart attack,1.0,-4.993440999999997,1425,17150434.0,18865.477399999825,2026,2024
520062,OCONOMOWOC MEMORIAL HOSPITAL,Prohealth Oconomowoc Memorial Hospital,OCONOMOWOC,WI,1,0.9928,0.72,0.72,True,True,5,2.0,Heart failure,0.6469305196654123,3.241837999999998,814,6907085.0,49731.01199999989,2026,2024
530015,ST JOHNS MEDICAL CENTER,St Johns Medical Center,JACKSON,WY,1,0.9993,0.07,0.07,True,True,5,1.0,Hip/knee replacement,1.0,,728,15308939.0,10716.25730000052,2026,2024
670006,THE HOSPITAL AT WESTLAKE MEDICAL CENTER,The Hospital At Westlake Medical Center,AUSTIN,TX,1,0.9964,0.36,0.36,True,True,4,1.0,Hip/knee replacement,1.0,,186,3778800.0,13603.68000000018,2026,2024
670120,THE HOSPITALS OF PROVIDENCE TRANSMOUNTAIN CAMPUS,The Hospitals Of Providence Transmountain Campus,EL PASO,TX,3,0.992,0.8,0.8,True,True,5,3.0,Pneumonia,0.831615671396171,3.8742829999999957,1091,13471309.0,107770.4720000001,2026,2024
670128,BAYLOR SCOTT & WHITE MEDICAL CENTER PFLUGERVILLE,Baylor Scott & White Medical Center  Pflugervill,PFLUGERVILLE,TX,1,0.9982,0.18,0.18,True,True,5,2.0,Pneumonia,0.9128440366972468,,272,1857686.0,3343.834800000044,2026,2024
260176,ST LUKE'S DES PERES HOSPITAL,St Luke's Des Peres Hospital,SAINT LOUIS,MO,1,0.9859,1.41,1.41,True,True,5,2.0,Hip/knee replacement,0.9529587511743243,1.2545339999999991,424,4759860.0,67114.02600000001,2026,2024
450271,MEDICAL CITY DECATUR,Medical City Decatur,DECATUR,TX,2,0.9902,0.98,0.98,True,True,6,3.0,Heart failure,0.5415379004076161,3.548808000000003,528,7156618.0,70134.85640000022,2026,2024
010065,RUSSELL MEDICAL CENTER,Russell Medical Center,ALEXANDER CITY,AL,2,0.9992,0.08,0.08,True,True,5,2.0,COPD,0.5635497319833235,-0.3895060000000003,326,3061395.0,2449.11600000007,2026,2024
010149,BAPTIST MEDICAL CENTER EAST,Baptist Medical Center East,MONTGOMERY,AL,1,0.9914,0.86,0.86,True,True,4,3.0,Heart failure,0.688020931675343,6.7508050000000015,1291,11504778.0,98941.0908000006,2026,2024
010169,ATMORE COMMUNITY HOSPITAL,Atmore Community Hospital,ATMORE,AL,2,0.9969,0.31,0.31,True,True,4,1.0,Heart failure,1.0,,125,857141.0,2657.1370999999926,2026,2024
020006,MAT-SU REGIONAL MEDICAL CENTER,Mat-Su Regional Medical Center,PALMER,AK,4,0.9979,0.21,0.21,True,True,6,2.0,Heart attack,0.8816614955646979,-7.263720000000001,2179,45936623.0,96466.90829999957,2026,2024
030002,BANNER - UNIVERSITY MEDICAL CENTER PHOENIX,Banner - University Medical Center Phoenix,PHOENIX,AZ,5,0.9988,0.12,0.12,True,True,6,2.0,Heart failure,0.8052762056223395,5.3543339999999935,3837,90096357.0,108115.6283999981,2026,2024
030016,BANNER CASA GRANDE MEDICAL CENTER,Banner Casa Grande Medical Center,CASA GRANDE,AZ,4,0.9888,1.12,1.12,True,True,5,4.0,Pneumonia,0.7329045770366212,6.173322000000001,1126,14558288.0,163052.8255999998,2026,2024
030071,FORT DEFIANCE INDIAN HOSPITAL,Fort Defiance Indian Hospital,FT. DEFIANCE,AZ,5,0.9987,0.13,0.13,True,True,4,2.0,Pneumonia,0.7883895265166432,,535,6163229.0,8012.197699999801,2026,2024
030110,ABRAZO WEST CAMPUS,Abrazo West Campus,GOODYEAR,AZ,3,0.998,0.2,0.2,True,True,6,2.0,Pneumonia,0.9110412995172787,0.4185150000000008,2490,38259453.0,76518.90600000006,2026,2024
040004,WASHINGTON REGIONAL MEDICAL CENTER,Washington Regional Medical Center,FAYETTEVILLE,AR,1,1.0,0.0,0.0,True,False,6,1.0,Hip/knee replacement,1.0,-32.195177000000015,4476,55478195.0,0.0,2026,2024
040036,BAPTIST HEALTH MEDICAL CENTER NORTH LITTLE ROCK,Baptist Health Medical Center North Little Rock,NORTH LITTLE ROCK,AR,3,0.9957,0.43,0.43,True,True,6,3.0,Heart failure,0.6269031103155065,4.78609999999999,3938,49850517.0,214357.22309999852,2026,2024
040055,BAPTIST HEALTH - FORT SMITH,Baptist Health - Fort Smith,FORT SMITH,AR,4,0.9931,0.69,0.69,True,True,6,4.0,Heart failure,0.7259097700939983,12.82223599999999,3053,33630273.0,232048.8837000006,2026,2024
040069,GREAT RIVER MEDICAL CENTER,Great River Medical Center,BLYTHEVILLE,AR,5,0.9944,0.56,0.56,True,True,4,1.0,Pneumonia,1.0,0.826816,115,898703.0,5032.736800000044,2026,2024
040071,JEFFERSON REGIONAL MEDICAL CENTER,Jefferson Regional Medical Center,PINE BLUFF,AR,4,0.9978,0.22,0.23,True,True,6,1.0,Pneumonia,1.0,-0.08945299999999157,1808,21654955.0,47640.90099999956,2026,2024
050007,PENINSULA MEDICAL CENTER,Mills-Peninsula Medical Center,BURLINGAME,CA,3,0.9984,0.16,0.16,True,True,6,2.0,Pneumonia,0.7935224608907815,-0.9978820000000008,4131,83154383.0,133047.0128000038,2026,2024
050026,GROSSMONT HOSPITAL,Grossmont Hospital,LA MESA,CA,5,0.9963,0.37,0.37,True,True,6,5.0,Heart bypass surgery (CABG),0.36635092467298125,9.272093000000007,6611,113889404.0,421390.79480000417,2026,2024
050118,DOCTORS HOSPITAL OF MANTECA,Doctors Hospital Of Manteca,MANTECA,CA,5,0.9914,0.86,0.86,True,True,5,2.0,Pneumonia,0.9813103843485779,3.614734000000004,697,10013077.0,86112.46220000052,2026,2024
050149,CALIFORNIA HOSPITAL MEDICAL CENTER LA,California Hospital Medical Center La,LOS ANGELES,CA,5,0.998,0.2,0.2,True,True,6,4.0,Hip/knee replacement,0.4321443293039483,1.1567740000000013,892,20665022.0,41330.04400000004,2026,2024
050191,ST MARY MEDICAL CENTER,St Mary Medical Center,LONG BEACH,CA,5,0.9999,0.01,0.01,True,True,6,2.0,COPD,0.5232182766327179,-1.5282469999999968,1476,32359825.0,3235.9824999996436,2026,2024
050204,PALMDALE REGIONAL MEDICAL CENTER,Palmdale Regional Medical Center,PALMDALE,CA,5,0.9989,0.11,0.11,True,True,6,2.0,Heart failure,0.790709046454767,2.1535880000000023,1797,30005423.0,33005.9652999997,2026,2024
050211,ALAMEDA HOSPITAL,Alameda Hospital,ALAMEDA,CA,5,0.9976,0.24,0.24,True,True,5,2.0,Pneumonia,0.9741340411952896,1.3408070000000036,1000,16456575.0,39495.77999999931,2026,2024
050228,ZUCKERBERG SAN FRANCISCO GENERAL HOSP & TRAUMA CTR,Zuckerberg San Francisco General Hosp & Trauma Ctr,SAN FRANCISCO,CA,5,0.9938,0.62,0.62,True,True,5,5.0,Pneumonia,0.5716017029357835,8.640292999999993,2649,92156051.0,571367.5161999984,2026,2024
050232,FRENCH HOSPITAL MEDICAL CENTER,French Hospital Medical Center,SAN LUIS OBISPO,CA,2,0.9995,0.05,0.05,True,True,6,2.0,Heart attack,0.5779456632282477,-0.8002359999999892,2198,40217326.0,20108.662999997785,2026,2024
050261,SIERRA VIEW MEDICAL CENTER,Sierra View Medical Center,PORTERVILLE,CA,5,0.9974,0.26,0.26,True,True,5,3.0,COPD,0.7020652476996002,3.041102000000003,1320,21917061.0,56984.358600001025,2026,2024
050313,SUTTER TRACY COMMUNITY HOSPITAL,Sutter Tracy Community Hospital,TRACY,CA,5,0.9995,0.05,0.05,True,True,5,1.0,Hip/knee replacement,1.0,-5.595597,975,15631369.0,7815.684499999139,2026,2024
050407,CHINESE HOSPITAL,Chinese Hospital,SAN FRANCISCO,CA,5,0.9959,0.41,0.41,True,True,5,2.0,Heart failure,0.9100812097451696,1.223220000000001,358,5675324.0,23268.82839999996,2026,2024
050455,ADVENTIST HEALTH BAKERSFIELD,Adventist Health Bakersfield,BAKERSFIELD,CA,5,0.9975,0.25,0.25,True,True,6,4.0,Heart attack,0.4336916587290772,5.608286000000005,3502,62182655.0,155456.6374999967,2026,2024
050496,JOHN MUIR MEDICAL CENTER - CONCORD CAMPUS,John Muir Medical Center - Concord Campus,CONCORD,CA,5,0.9946,0.54,0.54,True,True,6,4.0,Hip/knee replacement,0.3079552123524571,-3.8617829999999884,4627,100237476.0,541282.370399996,2026,2024
050503,SCRIPPS MEMORIAL HOSPITAL - ENCINITAS,Scripps Memorial Hospital - Encinitas,ENCINITAS,CA,2,0.9955,0.45,0.45,True,True,5,2.0,Hip/knee replacement,0.972774054184569,-14.286285999999997,4910,70916548.0,319124.46599999635,2026,2024
050624,HENRY MAYO NEWHALL  HOSPITAL,Henry Mayo Newhall  Hospital,VALENCIA,CA,4,0.9962,0.38,0.38,True,True,6,3.0,Pneumonia,0.6277809381774575,4.4295149999999905,2623,42156245.0,160193.73100000108,2026,2024
050678,MEMORIALCARE ORANGE COAST MEDICAL CENTER,Memorialcare Orange Coast Medical Center,FOUNTAIN VALLEY,CA,5,0.9979,0.21,0.21,True,True,6,2.0,Heart bypass surgery (CABG),0.8127179374536657,0.1793439999999964,3048,52225025.0,109672.55249999951,2026,2024
050735,WHITTIER HOSPITAL MEDICAL CENTER,Whittier Hospital Medical Center,WHITTIER,CA,5,0.9922,0.78,0.78,True,True,5,1.0,Pneumonia,1.0,3.482281,996,14079266.0,109818.2748000004,2026,2024
060011,DENVER HEALTH & HOSPITAL AUTHORITY,Denver Health Medical Center,DENVER,CO,5,1.0,0.0,0.0,True,False,5,1.0,Heart failure,1.0,0.2203049999999989,977,22561951.0,0.0,2026,2024
070004,SHARON HOSPITAL,Sharon Hospital,SHARON,CT,2,0.9987,0.13,0.12,True,True,5,2.0,Heart failure,0.8554234551592546,-0.14207400000000386,458,8232915.0,10702.789499999735,2026,2024
100043,MEASE DUNEDIN HOSPITAL,Mease Dunedin Hospital,DUNEDIN,FL,3,0.9968,0.32,0.32,True,True,5,3.0,Pneumonia,0.5018278317853179,0.661696999999999,1307,12591871.0,40293.987199999756,2026,2024
100045,ADVENTHEALTH DELAND,Adventhealth Deland,DELAND,FL,2,0.9964,0.36,0.36,True,True,5,4.0,Pneumonia,0.5921800263233935,3.076191000000009,2490,26349098.0,94856.75280000125,2026,2024
100055,ADVENTHEALTH NORTH PINELLAS,Adventhealth North Pinellas,TARPON SPRINGS,FL,2,0.9901,0.99,0.99,True,True,5,3.0,Heart failure,0.5690315552744389,7.818099000000001,1473,15524313.0,153690.6987000003,2026,2024
100105,CLEVELAND CLINIC INDIAN RIVER HOSPITAL,Cleveland Clinic Indian River Hospital,VERO BEACH,FL,1,0.9995,0.05,0.05,True,True,6,2.0,COPD,0.5063765941485355,-17.321649999999973,5606,66702400.0,33351.19999999633,2026,2024
100118,AdventHealth Palm Coast,Adventhealth Palm Coast,PALM COAST,FL,1,0.9972,0.28,0.28,True,True,5,3.0,Heart attack,0.8193113980285996,2.0480069999999886,2328,30091377.0,84255.85560000074,2026,2024
100126,HCA FLORIDA PASADENA HOSPITAL A PART OF HCA FLORID,Hca Florida Pasadena Hospital,SAINT PETERSBURG,FL,2,0.9903,0.97,0.97,True,True,5,4.0,Hip/knee replacement,0.8864531958537588,-2.113820999999999,1133,11399647.0,110576.57590000048,2026,2024
100209,HCA FLORIDA KENDALL HOSPITAL,Hca Florida Kendall Hospital,MIAMI,FL,5,0.9966,0.34,0.34,True,True,6,1.0,Heart attack,1.0,0.1164430000000034,1961,32896678.0,111848.70519999864,2026,2024
100211,ADVENTHEALTH DADE CITY,Adventhealth Dade City,DADE CITY,FL,3,0.9966,0.34,0.34,True,True,4,2.0,Heart failure,0.5813051307965178,1.9768479999999964,886,8602565.0,29248.720999999645,2026,2024
100236,HCA FLORIDA FAWCETT HOSPITAL,Hca Florida Fawcett Hospital,PORT CHARLOTTE,FL,1,0.9866,1.34,1.34,True,True,6,5.0,Pneumonia,0.6423583172334264,21.945349000000004,4067,46563005.0,623944.2669999985,2026,2024
100285,MEMORIAL HOSPITAL MIRAMAR,Memorial Hospital Miramar,MIRAMAR,FL,5,0.999,0.1,0.1,True,True,5,1.0,Heart failure,1.0,0.13129799999999914,967,11107440.0,11107.44000000001,2026,2024
100299,LAKEWOOD RANCH MEDICAL CENTER,Lakewood Ranch Medical Center,BRADENTON,FL,1,0.9965,0.35,0.35,True,True,5,1.0,Hip/knee replacement,1.0,-6.745692,2689,27394437.0,95880.52949999856,2026,2024
100363,ADVENTHEALTH PALM COAST PARKWAY,Adventhealth Palm Coast Parkway,PALM COAST,FL,1,0.9977,0.23,0.23,True,True,4,1.0,Heart failure,1.0,0.004884000000001554,1893,14180704.0,32615.619199999557,2026,2024
110146,SOUTHEAST GEORGIA HEALTH SYSTEM -- CAMDEN CAMPUS,Southeast Georgia Health System- Camden Campus,SAINT MARYS,GA,1,0.9993,0.07,0.07,True,True,4,1.0,Heart failure,1.0,,242,4257015.0,2979.9105000001446,2026,2024
110161,NORTHSIDE HOSPITAL,Northside Hospital,ATLANTA,GA,1,0.9966,0.34,0.34,True,True,6,3.0,Pneumonia,0.7956163913813793,5.886445999999998,3692,75286587.0,255974.39579999688,2026,2024
140130,NORTHWESTERN LAKE FOREST HOSPITAL,Northwestern Lake Forest Hospital,LAKE FOREST,IL,2,0.9976,0.24,0.24,True,True,5,2.0,Pneumonia,0.7337411000143357,-13.223175999999997,3856,49261381.0,118227.31439999792,2026,2024
140166,ST MARYS HOSPITAL,St Marys Hospital,DECATUR,IL,5,0.9899,1.01,1.01,True,True,5,4.0,Pneumonia,0.7611467844981934,10.892348999999994,948,9706454.0,98035.18539999997,2026,2024
140172,FRANCISCAN HEALTH OLYMPIA & CHICAGO HEIGHTS,Franciscan Health Olympia & Chicago Heights,OLYMPIA FIELDS,IL,5,0.9966,0.34,0.34,True,True,6,5.0,Heart failure,0.5975111913543034,8.491334,2524,37044404.0,125950.97359999847,2026,2024
140189,SARAH BUSH LINCOLN HEALTH CENTER,Sarah Bush Lincoln Health Center,MATTOON,IL,5,0.9875,1.25,1.25,True,True,5,1.0,Hip/knee replacement,1.0,-2.4383759999999812,2701,26306443.0,328830.5374999988,2026,2024
150005,HENDRICKS REGIONAL HEALTH,Hendricks Regional Health,DANVILLE,IN,2,0.9989,0.11,0.11,True,True,5,2.0,Heart failure,0.5635494880546071,-2.613370000000011,1754,18394190.0,20233.608999999815,2026,2024
150015,FRANCISCAN HEALTH MICHIGAN CITY,Franciscan Health Michigan City,MICHIGAN CITY,IN,3,0.9901,0.99,0.99,True,True,6,5.0,Heart attack,0.3889998780041476,9.092714000000015,2511,26616342.0,263501.78580000054,2026,2024
150075,BLUFFTON REGIONAL MEDICAL CENTER,Bluffton Regional Medical Center,BLUFFTON,IN,2,0.9992,0.08,0.08,True,True,4,1.0,COPD,1.0,,180,1761230.0,1408.9840000000404,2026,2024
150113,COMMUNITY HOSPITAL OF ANDERSON AND MADISON COUNTY,Community Hospital Of Anderson And Madison County,ANDERSON,IN,4,0.9994,0.06,0.06,True,True,5,1.0,COPD,1.0,-6.757320999999997,1291,12957345.0,7774.407000000582,2026,2024
150169,COMMUNITY HOSPITAL NORTH,Community Hospital North,INDIANAPOLIS,IN,3,0.9988,0.12,0.12,True,True,5,1.0,Heart failure,1.0,-0.18722899999999176,3050,37629911.0,45155.893199999206,2026,2024
180079,HARRISON MEMORIAL HOSPITAL,Harrison Memorial Hospital,CYNTHIANA,KY,3,0.9968,0.32,0.32,True,True,5,1.0,Pneumonia,1.0,0.4643039999999996,320,2790042.0,8928.134399999946,2026,2024
190054,IBERIA MEDICAL CENTER,Iberia Medical Center,NEW IBERIA,LA,4,0.9991,0.09,0.09,True,True,5,1.0,Hip/knee replacement,1.0,-2.832109999999998,925,9243915.0,8319.52350000011,2026,2024
190114,CLAIBORNE MEMORIAL MEDICAL CENTER,Claiborne Memorial Medical Center,HOMER,LA,5,0.9962,0.38,0.38,True,True,4,2.0,Heart failure,0.5496247640387368,1.1358120000000018,447,3700896.0,14063.404800000095,2026,2024
190202,OCHSNER MEDICAL CENTER - BATON ROUGE,Ochsner Medical Center - Baton Rouge,BATON ROUGE,LA,3,0.9983,0.17,0.17,True,True,6,2.0,Heart failure,0.5070964529053584,1.0361360000000013,1264,12516704.0,21278.396800000435,2026,2024
200063,MAINEHEALTH PEN BAY HOSPITAL,Mainehealth Pen Bay Hospital,ROCKPORT,ME,3,0.996,0.4,0.4,True,True,5,3.0,Heart failure,0.5037840225888865,1.2685910000000007,761,10343340.0,41373.36000000004,2026,2024
220030,BAYSTATE WING HOSPITAL,Baystate Wing Hospital And Medical Centers,PALMER,MA,5,0.9936,0.64,0.64,True,True,5,3.0,Heart failure,0.45927160892022373,6.954990000000017,1629,14831526.0,94921.76639999943,2026,2024
220110,BRIGHAM AND WOMEN'S HOSPITAL,Brigham And Women's Hospital,BOSTON,MA,4,0.9948,0.52,0.51,True,True,6,2.0,Heart attack,0.9135288520673778,-15.976653999999993,12547,379396570.0,1972862.1639999934,2026,2024
230031,LAKE HURON MEDICAL CENTER,Lake Huron Medical Center,PORT HURON,MI,4,0.9978,0.22,0.22,True,True,5,2.0,Heart failure,0.804385041107051,0.14019400000000504,825,8373152.0,18420.93439999983,2026,2024
230077,MYMICHIGAN MEDICAL CENTER SAGINAW,Ascension St Mary's Hospital,SAGINAW,MI,3,0.9994,0.06,0.06,True,True,6,2.0,Heart failure,0.6928030236749543,-2.0525659999999997,1661,22019761.0,13211.85660000099,2026,2024
240018,MAYO CLINIC HEALTH SYSTEM IN RED WING,Mayo Clinic Health System - Red Wing,RED WING,MN,2,0.9994,0.06,0.06,True,True,5,2.0,Pneumonia,0.5794936463284543,0.007728999999998756,514,5649680.0,3389.8080000002537,2026,2024
250084,MERIT HEALTH NATCHEZ,Merit Health Natchez,NATCHEZ,MS,5,0.9978,0.22,0.22,True,True,5,1.0,Pneumonia,1.0,1.2719789999999989,589,8319603.0,18303.126599999832,2026,2024
260023,MERCY HOSPITAL JEFFERSON,Mercy Hospital Jefferson,CRYSTAL CITY,MO,4,0.9937,0.63,0.63,True,True,5,2.0,Heart failure,0.6198255058474106,3.3232509999999906,2356,23657259.0,149040.73169999933,2026,2024
260102,UNIVERSITY HEALTH LAKEWOOD MEDICAL CENTER,University Health Lakewood Medical Center,KANSAS CITY,MO,5,0.9959,0.41,0.41,True,True,5,1.0,Hip/knee replacement,1.0,,253,5631229.0,23088.03889999996,2026,2024
260175,GOLDEN VALLEY MEMORIAL HOSPITAL,Golden Valley Memorial Hospital,CLINTON,MO,4,0.9992,0.08,0.08,True,True,4,1.0,Pneumonia,1.0,-0.23821499999999954,645,7156111.0,5724.888800000164,2026,2024
270004,BILLINGS CLINIC HOSPITAL,Billings Clinic Hospital,BILLINGS,MT,2,0.9986,0.14,0.14,True,True,6,2.0,Heart bypass surgery (CABG),0.9625027571502102,-21.60087899999999,5178,86701988.0,121382.78319999625,2026,2024
280081,CHI HEALTH IMMANUEL,Chi Health Immanuel,OMAHA,NE,5,0.999,0.1,0.1,True,True,5,1.0,Pneumonia,1.0,1.0739099999999948,1509,19313619.0,19313.619000000017,2026,2024
290039,MOUNTAINVIEW HOSPITAL,Mountainview Hospital,LAS VEGAS,NV,1,0.9934,0.66,0.66,True,True,6,4.0,Pneumonia,0.354589546320374,3.366154999999996,6385,109215361.0,720821.3826000055,2026,2024
300005,CONCORD HOSPITAL- LACONIA,Concord Hospital- Laconia,LACONIA,NH,3,0.9995,0.05,0.05,True,True,5,1.0,COPD,1.0,-2.694609999999992,1466,17974663.0,8987.33149999901,2026,2024
310009,CLARA MAASS MEDICAL CENTER,Clara Maass Medical Center,BELLEVILLE,NJ,5,0.9989,0.11,0.11,True,True,5,2.0,Heart failure,0.9649449526209141,0.4439289999999998,2327,32199271.0,35419.198099999674,2026,2024
310016,HEIGHTS UNIVERSITY HOSPITAL,Carepoint Health-Christ Hospital,JERSEY CITY,NJ,5,0.9986,0.14,0.14,True,True,5,3.0,Heart attack,0.4337414451748769,0.7990790000000005,553,8769421.0,12277.189399999621,2026,2024
310019,ST JOSEPH'S UNIVERSITY MEDICAL CENTER INC,St Joseph's University Medical Center Inc,PATERSON,NJ,5,0.9926,0.74,0.74,True,True,6,5.0,Heart failure,0.6302575713210072,16.880116999999974,3679,80351543.0,594601.4181999969,2026,2024
310064,ATLANTICARE REGIONAL MEDICAL CENTER - CITY CAMPUS,Atlanticare Regional Medical Center - City Campus,ATLANTIC CITY,NJ,3,0.9955,0.45,0.45,True,True,6,5.0,Heart attack,0.4602418980672308,5.5880729999999765,5949,87231749.0,392542.8704999955,2026,2024
330013,ALBANY MEDICAL CENTER HOSPITAL,Albany Medical Center Hospital,ALBANY,NY,4,0.9999,0.01,0.01,True,True,6,2.0,COPD,0.9522253981216817,-17.35261,7078,158125452.0,15812.545199998258,2026,2024
330047,St Marys Healthcare,St Mary's Healthcare,AMSTERDAM,NY,5,0.9995,0.05,0.05,True,True,5,1.0,COPD,1.0,-0.04354500000000111,757,8762131.0,4381.065499999518,2026,2024
330078,SISTERS OF CHARITY HOSPITAL,Sisters Of Charity Hospital,BUFFALO,NY,4,0.9974,0.26,0.26,True,True,5,2.0,Pneumonia,0.5584102408077257,2.192759999999999,1159,16213630.0,42155.43800000076,2026,2024
330153,ELLIS HOSPITAL,Ellis Hospital,SCHENECTADY,NY,4,0.9979,0.21,0.21,True,True,6,3.0,Heart failure,0.616102021934902,2.307828999999992,2363,39505756.0,82962.08759999964,2026,2024
330229,"BROOKS-TLC HOSPITAL SYSTEM, INC","Brooks-Tlc Hospital System, Inc",DUNKIRK,NY,4,0.9996,0.04,0.04,True,True,5,2.0,COPD,0.8578300374131465,,294,4089909.0,1635.9635999998197,2026,2024
330386,GARNET HEALTH  MEDICAL CENTER CATSKILLS,Garnet Health  Medical Center Catskills,HARRIS,NY,5,0.9995,0.05,0.05,True,True,5,2.0,Heart failure,0.665717337130662,0.9530180000000067,933,11139318.0,5569.658999999387,2026,2024
330393,SUNY/STONY BROOK UNIVERSITY HOSPITAL,Stony Brook University Hospital,STONY BROOK,NY,3,0.9968,0.32,0.32,True,True,6,2.0,Heart failure,0.9924033026017798,2.2391640000000175,14860,308830551.0,988257.763199994,2026,2024
340047,NORTH CAROLINA BAPTIST HOSPITAL,North Carolina Baptist Hospital,WINSTON-SALEM,NC,3,0.9981,0.19,0.19,True,True,6,3.0,Heart attack,0.7938455515720941,-6.458377000000002,6582,131097653.0,249085.54070000167,2026,2024
340096,LEXINGTON MEMORIAL HOSPITAL INC,Lexington Memorial Hospital Inc,LEXINGTON,NC,4,0.9972,0.28,0.28,True,True,5,2.0,Heart failure,0.5859505848155581,1.1345879999999975,642,6159602.0,17246.88560000015,2026,2024
340127,GRANVILLE HEALTH SYSTEMS,Granville Health Systems,OXFORD,NC,4,0.998,0.2,0.2,True,True,4,1.0,Pneumonia,1.0,0.28835500000000075,285,3061020.0,6122.040000000005,2026,2024
340131,CAROLINA EAST MEDICAL CENTER,Carolina East Medical Center,NEW BERN,NC,1,0.9974,0.26,0.26,True,True,6,4.0,Heart bypass surgery (CABG),0.5307928059018443,-9.15872199999999,4381,65345836.0,169899.17360000307,2026,2024
360058,MERCER COUNTY JOINT TOWNSHIP COMMUNITY HOSPITAL,Mercer County Joint Township Community Hospital,COLDWATER,OH,2,0.9997,0.03,0.03,True,True,5,2.0,COPD,0.6082834331337222,-1.6299759999999948,627,6321167.0,1896.3500999997912,2026,2024
360085,OHIO STATE UNIVERSITY STATE HEALTH SYSTEM,Ohio State University Hospitals,COLUMBUS,OH,4,0.999,0.1,0.1,True,True,6,3.0,Heart bypass surgery (CABG),0.49962913371415213,-15.291184000000005,7795,152353450.0,152353.45000000013,2026,2024
360089,MERCY HEALTH - TIFFIN HOSPITAL,Mercy Health - Tiffin Hospital,TIFFIN,OH,2,0.9942,0.58,0.58,True,True,5,1.0,Heart failure,1.0,2.1895420000000017,810,7263789.0,42129.9762000002,2026,2024
360145,UNIVERSITY HOSPITALS - ELYRIA MEDICAL CENTER,University Hospitals - Elyria Medical Center,ELYRIA,OH,2,0.9902,0.98,0.98,True,True,6,4.0,Heart failure,0.5282780683252705,7.580452000000008,1916,18076231.0,177147.06380000056,2026,2024
360147,MARIETTA MEMORIAL HOSPITAL,Marietta Memorial Hospital,MARIETTA,OH,3,0.996,0.4,0.4,True,True,6,3.0,Heart failure,0.7063279666070362,6.405496000000009,3068,23157649.0,92630.59600000008,2026,2024
370018,ASCENSION ST JOHN JANE PHILLIPS,Ascension St John Jane Phillips,BARTLESVILLE,OK,3,0.9974,0.26,0.26,True,True,5,3.0,Pneumonia,0.8127283866873806,0.9973499999999994,1654,17782850.0,46235.41000000083,2026,2024
370083,PUSHMATAHA HOSPITAL,Pushmataha County Town Of Antlers Hospital,ANTLERS,OK,5,0.9987,0.13,0.13,True,True,3,1.0,COPD,1.0,,165,1089782.0,1416.716599999965,2026,2024
370106,INTEGRIS SOUTHWEST MEDICAL CENTER,Integris Southwest Medical Center,OKLAHOMA CITY,OK,5,0.9989,0.11,0.11,True,True,6,2.0,COPD,0.8085647118622542,-0.3612139999999957,2448,32810402.0,36091.44219999967,2026,2024
370236,INTEGRIS HEALTH EDMOND HOSPITAL,Integris Health Edmond Hospital,EDMOND,OK,2,0.998,0.2,0.2,True,True,5,1.0,Heart attack,1.0,-3.1250819999999973,1213,10973126.0,21946.25200000002,2026,2024
370240,INTEGRIS COMMUNITY HOSPITAL - COUNCIL CROSSING,Integris Community Hospital - Council Crossing,OKLAHOMA CITY,OK,3,0.9978,0.22,0.22,True,True,3,1.0,Pneumonia,1.0,,72,421519.0,927.3417999999915,2026,2024
380007,LEGACY EMANUEL MEDICAL CENTER,Legacy Emanuel Medical Center,PORTLAND,OR,4,0.9996,0.04,0.04,True,True,6,1.0,Heart failure,1.0,0.2982349999999988,1908,50174038.0,20069.61519999779,2026,2024
390003,GEISINGER-BLOOMSBURG HOSPITAL,Geisinger-Bloomsburg Hospital,BLOOMSBURG,PA,3,0.9992,0.08,0.08,True,True,5,1.0,Heart failure,1.0,0.16561200000000048,511,4190684.0,3352.547200000096,2026,2024
390026,TEMPLE HEALTH - CHESTNUT HILL HOSPITAL,Temple Health - Chestnut Hill Hospital,PHILADELPHIA,PA,5,0.9952,0.48,0.48,True,True,5,2.0,Pneumonia,0.7359776439582919,1.3381960000000057,2312,28827436.0,138371.69280000078,2026,2024
390063,UPMC HAMOT,Upmc Hamot,ERIE,PA,4,0.9952,0.48,0.48,True,True,6,3.0,Heart failure,0.7776226238684734,8.872458999999997,3945,62672673.0,300828.83040000167,2026,2024
390113,MEADVILLE MEDICAL CENTER,Meadville Medical Center,MEADVILLE,PA,4,0.9998,0.02,0.02,True,True,5,1.0,Heart failure,1.0,-1.3344389999999993,1388,14027092.0,2805.4183999996912,2026,2024
390138,WELLSPAN WAYNESBORO HOSPITAL,Wellspan Waynesboro Hospital,WAYNESBORO,PA,1,0.9983,0.17,0.17,True,True,4,1.0,COPD,1.0,-0.38273300000000576,795,7850119.0,13345.202300000274,2026,2024
390147,PENN HIGHLANDS MON VALLEY,Penn Highlands Mon Valley,MONONGAHELA,PA,4,0.9963,0.37,0.37,True,True,5,2.0,Heart failure,0.8264179433137248,1.3787760000000011,709,6939283.0,25675.347100000254,2026,2024
390217,EXCELA HEALTH - FRICK HOSPITAL,Independence Health System Frick Hospital,MOUNT PLEASANT,PA,3,0.9989,0.11,0.11,True,True,4,2.0,Heart failure,0.5648734177215179,-0.9998260000000032,423,3277120.0,3604.8319999999667,2026,2024
390330,ST LUKE'S HOSPITAL - MONROE CAMPUS,St Luke's Hospital - Monroe Campus,STROUDSBURG,PA,3,0.991,0.9,0.9,True,True,5,5.0,Heart failure,0.5098975072865416,12.21138900000001,2471,22274446.0,200470.01400000017,2026,2024
390335,ST LUKE'S HOSPITAL - CARBON CAMPUS,St Luke's Hospital - Carbon Campus,LEHIGHTON,PA,2,0.9953,0.47,0.47,True,True,5,4.0,COPD,0.35549525101763796,1.7088469999999996,1452,11991844.0,56361.66680000045,2026,2024
420002,PIEDMONT MEDICAL CENTER,Piedmont Medical Center,ROCK HILL,SC,3,0.9936,0.64,0.64,True,True,6,4.0,Heart attack,0.7911093252688455,-0.4516880000000052,3457,37518684.0,240119.57759999853,2026,2024
420004,MUSC MEDICAL CENTER,Musc Medical Center,CHARLESTON,SC,4,0.9962,0.38,0.37,True,True,6,5.0,Heart failure,0.3731446981081588,13.882738999999967,9723,206421069.0,784400.0622000053,2026,2024
430012,AVERA SACRED HEART HOSPITAL,Avera Sacred Heart Hospital,YANKTON,SD,1,0.998,0.2,0.2,True,True,5,3.0,Heart failure,0.44512664921541184,0.8206839999999994,1143,14188178.0,28376.356000000025,2026,2024
430048,MONUMENT HEALTH SPEARFISH HOSPITAL,Monument Health Spearfish Hospital,SPEARFISH,SD,1,0.9995,0.05,0.05,True,True,5,1.0,Heart failure,1.0,,382,5183537.0,2591.7684999997145,2026,2024
440015,"UNIVERSITY HEALTH SYSTEM, INC",University Of Tn Medical Center (The),KNOXVILLE,TN,2,0.9988,0.12,0.12,True,True,6,3.0,Heart bypass surgery (CABG),0.4975339136829831,-25.025325000000027,6920,105635742.0,126762.89039999776,2026,2024
440056,TENNOVA HEALTHCARE-JEFFERSON MEMORIAL HOSPITAL,Tennova Healthcare Jefferson Memorial Hospital,JEFFERSON CITY,TN,3,0.996,0.4,0.4,True,True,5,2.0,Heart failure,0.9787371816474897,-0.37545599999999846,497,3720476.0,14881.904000000013,2026,2024
440144,VANDERBILT TULLAHOMA-HARTON HOSPITAL,Vanderbilt Tullahoma-Harton Hospital,TULLAHOMA,TN,2,0.9978,0.22,0.22,True,True,6,3.0,Pneumonia,0.41309789071925096,0.9232649999999938,1479,13652799.0,30036.157799999724,2026,2024
440173,PARKWEST MEDICAL CENTER,Parkwest Medical Center,KNOXVILLE,TN,1,0.9868,1.32,1.32,True,True,6,3.0,Heart bypass surgery (CABG),0.5182229082978114,2.3085600000000066,4679,58688620.0,774689.7839999994,2026,2024
450347,HUNTSVILLE MEMORIAL HOSPITAL,Huntsville Memorial Hospital,HUNTSVILLE,TX,2,0.9951,0.49,0.49,True,True,5,3.0,Heart failure,0.7859558490143844,1.735631999999999,690,7155432.0,35061.61680000011,2026,2024
450370,COLUMBUS COMMUNITY HOSPITAL,Columbus Community Hospital,COLUMBUS,TX,2,0.9984,0.16,0.16,True,True,3,1.0,Heart failure,1.0,0.16176599999999966,221,2181849.0,3490.9584000001,2026,2024
450424,HOUSTON METHODIST BAYTOWN HOSPITAL,Houston Methodist Baytown Hospital,BAYTOWN,TX,2,0.9998,0.02,0.02,True,True,6,1.0,COPD,1.0,-18.626178000000003,2833,41872839.0,8374.567799999078,2026,2024
450484,WOODLAND HEIGHTS MEDICAL CENTER,Woodland Heights Medical Center,LUFKIN,TX,3,0.9958,0.42,0.42,True,True,6,3.0,Heart bypass surgery (CABG),0.5904851676289042,-2.578811000000007,1755,17618216.0,73996.50719999967,2026,2024
450508,NACOGDOCHES MEMORIAL HOSPITAL,Nacogdoches Memorial Hospital,NACOGDOCHES,TX,3,0.991,0.9,0.9,True,True,5,3.0,Pneumonia,0.6920258907455178,2.9216600000000006,409,4318548.0,38866.93200000004,2026,2024
450643,DOCTORS HOSPITAL OF LAREDO,Doctors Hospital Of Laredo,LAREDO,TX,4,0.9955,0.45,0.45,True,True,6,1.0,Pneumonia,1.0,1.5150059999999963,879,12588248.0,56647.115999999354,2026,2024
450694,EL CAMPO MEMORIAL HOSPITAL,El Campo Memorial Hospital,EL CAMPO,TX,3,0.9953,0.47,0.47,True,True,4,1.0,Heart failure,1.0,0.8587549999999977,269,3216955.0,15119.68850000012,2026,2024
450711,RIO GRANDE REGIONAL HOSPITAL,Rio Grande Regional Hospital,MCALLEN,TX,5,0.9996,0.04,0.04,True,True,6,1.0,Pneumonia,1.0,0.621692999999996,1116,15837130.0,6334.851999999302,2026,2024
450742,BAYLOR SCOTT AND WHITE MEDICAL CENTER LAKE POINTE,Baylor Scott And White Medical Center Lake Pointe,ROWLETT,TX,1,0.9906,0.94,0.94,True,True,5,3.0,Pneumonia,0.49397524872802834,11.919512000000005,2381,25229964.0,237161.6615999991,2026,2024
460011,CASTLEVIEW HOSPITAL,Castleview Hospital,PRICE,UT,2,0.97,3.0,3.0,True,True,5,3.0,Hip/knee replacement,0.9895608346043538,1.769586,581,6327989.0,189839.67000000016,2026,2024
460013,MOUNTAIN VIEW HOSPITAL,Mountain View Hospital,PAYSON,UT,2,0.9909,0.91,0.91,True,True,5,1.0,Hip/knee replacement,1.0,,402,4629615.0,42129.49649999999,2026,2024
460060,LONE PEAK HOSPITAL,Lone Peak Hospital,DRAPER,UT,1,0.9982,0.18,0.18,True,True,5,1.0,Heart failure,1.0,0.43047000000000074,378,4227348.0,7609.2264000001005,2026,2024
490044,SENTARA OBICI HOSPITAL,Sentara Obici Hospital,SUFFOLK,VA,2,0.9978,0.22,0.22,True,True,6,2.0,Heart failure,0.9062167607813972,-1.697356999999984,3593,35967312.0,79128.08639999927,2026,2024
490048,LEWISGALE MEDICAL CENTER,Lewisgale Medical Center,SALEM,VA,2,0.9894,1.06,1.06,True,True,6,6.0,Heart failure,0.38976656448950736,21.458597,4957,59231470.0,627853.5820000032,2026,2024
490110,LEWISGALE HOSPITAL MONTGOMERY,Lewisgale Hospital Montgomery,BLACKSBURG,VA,2,0.9934,0.66,0.66,True,True,6,4.0,Heart failure,0.36315672871376636,0.8225079999999965,1558,17200432.0,113522.85120000086,2026,2024
510006,"UNITED HOSPITAL CENTER, INC","United Hospital Center, Inc",BRIDGEPORT,WV,2,0.9933,0.67,0.67,True,True,5,3.0,Pneumonia,0.7079324678757023,11.833231000000001,3560,38111505.0,255347.0835000015,2026,2024
510046,PRINCETON COMMUNITY HOSPITAL ASSN INC,Princeton Community Hospital,PRINCETON,WV,3,0.9986,0.14,0.14,True,True,5,3.0,Pneumonia,0.6916362610115533,-1.318323000000004,2268,21766469.0,30473.05659999906,2026,2024
510058,CAMDEN CLARK MEDICAL CENTER,Camden Clark Medical Center,PARKERSBURG,WV,3,0.9881,1.19,1.19,True,True,6,5.0,Heart failure,0.5450407995727574,25.697607000000023,4102,37410154.0,445180.83260000084,2026,2024
520034,AURORA MEDICAL CTR MANITOWOC COUNTY,Aurora Medical Ctr Manitowoc County,TWO RIVERS,WI,3,0.9998,0.02,0.02,True,True,5,1.0,COPD,1.0,-0.17646000000000187,475,5689825.0,1137.9649999998746,2026,2024
520102,AURORA LAKELAND MEDICAL CENTER,Aurora Lakeland Medical Center,ELKHORN,WI,4,0.9997,0.03,0.03,True,True,5,1.0,COPD,1.0,-2.5698959999999986,878,8780700.0,2634.20999999971,2026,2024
520116,WATERTOWN MEMORIAL HOSPITAL,Watertown Regional Medical Center,WATERTOWN,WI,4,0.9912,0.88,0.88,True,True,5,3.0,Hip/knee replacement,0.6930961536983754,-1.3803090000000044,608,6336853.0,55764.30640000019,2026,2024
010049,MEDICAL CENTER ENTERPRISE,Medical Center Enterprise,ENTERPRISE,AL,1,0.9991,0.09,0.09,True,True,5,2.0,Pneumonia,0.5153352244216648,-0.7049110000000021,571,4391943.0,3952.7487000000524,2026,2024
010056,ST VINCENT'S BIRMINGHAM,St Vincent's Birmingham,BIRMINGHAM,AL,1,0.992,0.8,0.8,True,True,6,4.0,Pneumonia,0.3941049339140064,5.473306000000003,3084,35229750.0,281838.00000000023,2026,2024
010086,NORTH MISSISSIPPI HEALTH SERVICES - SOUTH MARION,Northwest Medical Center,WINFIELD,AL,3,0.9995,0.05,0.05,True,True,4,1.0,Heart failure,1.0,,245,1943297.0,971.648499999893,2026,2024
010118,VAUGHAN REGIONAL MEDICAL CENTER PARKWAY CAMPUS,Vaughan Regional Medical Center Parkway Campus,SELMA,AL,5,0.9962,0.38,0.38,True,True,5,2.0,Pneumonia,0.9868383013039977,1.2819300000000027,534,5225714.0,19857.713200000133,2026,2024
010125,LAKELAND COMMUNITY HOSPITAL,Lakeland Community Hospital,HALEYVILLE,AL,3,0.9994,0.06,0.06,True,True,4,1.0,Heart failure,1.0,-1.0471539999999977,355,2704776.0,1622.8656000001215,2026,2024
010126,TROY REGIONAL MEDICAL CENTER,Troy Regional Medical Center,TROY,AL,3,0.9974,0.26,0.26,True,True,4,1.0,Heart failure,1.0,,180,1880225.0,4888.585000000088,2026,2024
030087,HONORHEALTH SCOTTSDALE SHEA MEDICAL CENTER,Honorhealth Scottsdale Shea Medical Center,SCOTTSDALE,AZ,1,0.9924,0.76,0.76,True,True,6,6.0,Heart bypass surgery (CABG),0.4917371284422318,14.725091000000008,6340,93894685.0,713599.6060000048,2026,2024
030117,VALLEY VIEW MEDICAL CENTER,Valley View Medical Center,FORT MOHAVE,AZ,2,0.9999,0.01,0.01,True,True,5,1.0,COPD,1.0,,337,2749513.0,274.9512999999697,2026,2024
040114,BAPTIST HEALTH MEDICAL CENTER-LITTLE ROCK,Baptist Health Medical Center-Little Rock,LITTLE ROCK,AR,3,0.9972,0.28,0.28,True,True,6,4.0,Pneumonia,0.5443036228985946,7.624279000000013,7329,96737689.0,270865.5292000024,2026,2024
050002,ST ROSE HOSPITAL,St Rose Hospital,HAYWARD,CA,5,0.9811,1.89,1.89,True,True,5,5.0,Hip/knee replacement,0.4773438986833682,6.246978000000006,899,16614992.0,314023.34880000044,2026,2024
050067,OAK VALLEY HOSPITAL DISTRICT,Oak Valley Hospital District,OAKDALE,CA,5,0.9983,0.17,0.17,True,True,5,1.0,Heart failure,1.0,,149,1708559.0,2904.5503000000595,2026,2024
050132,SAN GABRIEL VALLEY MEDICAL CENTER,San Gabriel Valley Medical Center,SAN GABRIEL,CA,5,0.9932,0.68,0.68,True,True,5,2.0,Pneumonia,0.8890223086694186,8.661514000000004,1446,25792387.0,175388.23160000073,2026,2024
050138,KAISER FOUNDATION HOSPITAL - LOS ANGELES,Kaiser Foundation Hospital - Los Angeles,LOS ANGELES,CA,4,0.9992,0.08,0.08,True,True,5,1.0,Heart attack,1.0,,1056,22282025.0,17825.620000000512,2026,2024
050159,VENTURA COUNTY MEDICAL CENTER,Ventura County Medical Center,VENTURA,CA,5,0.999,0.1,0.1,True,True,5,2.0,Heart failure,0.8492946323978491,1.3252459999999981,1749,31137336.0,31137.33600000003,2026,2024
050329,CORONA REGIONAL MEDICAL CENTER,Corona Regional Medical Center,CORONA,CA,5,0.995,0.5,0.5,True,True,6,1.0,Pneumonia,1.0,3.1396630000000014,1452,21893920.0,109469.6000000001,2026,2024
050380,GOOD SAMARITAN HOSPITAL,Good Samaritan Hospital,SAN JOSE,CA,4,0.9892,1.08,1.08,True,True,6,6.0,Heart attack,0.535035303020568,16.06507000000001,4925,95398912.0,1030308.249600003,2026,2024
050396,SANTA BARBARA COTTAGE HOSPITAL,Santa Barbara Cottage Hospital,SANTA BARBARA,CA,3,0.9981,0.19,0.19,True,True,6,2.0,Pneumonia,0.6504911422159411,-3.1016549999999903,6914,141107596.0,268104.4324000018,2026,2024
050444,MERCY MEDICAL CENTER,Mercy Medical Center,MERCED,CA,5,0.9954,0.46,0.46,True,True,5,3.0,Heart failure,0.7462191719532831,12.106990000000017,2805,46189205.0,212470.34300000223,2026,2024
050492,CLOVIS COMMUNITY MEDICAL CENTER,Clovis Community Medical Center,CLOVIS,CA,5,0.9987,0.13,0.13,True,True,6,3.0,Heart failure,0.7030464402574138,3.500409000000001,5298,86495041.0,112443.55329999722,2026,2024
050506,ADVENTIST HEALTH SIERRA VISTA,Tenet Health Central Coast Sierra Vista Rmc,SAN LUIS OBISPO,CA,4,0.9978,0.22,0.22,True,True,5,2.0,Hip/knee replacement,0.56725620639299,-0.3054140000000012,1238,23421382.0,51527.040399999525,2026,2024
050526,HUNTINGTON BEACH HOSPITAL,Huntington Beach Hospital,HUNTINGTON BEACH,CA,5,0.9967,0.33,0.33,True,True,4,2.0,Heart failure,0.8464435230831725,2.2300830000000014,715,11009455.0,36331.20149999967,2026,2024
050625,CEDARS-SINAI MEDICAL CENTER,Cedars-Sinai Medical Center,LOS ANGELES,CA,5,0.9999,0.01,0.01,True,True,6,1.0,Heart attack,1.0,-65.750588,17259,528968958.0,52896.89579999418,2026,2024
050723,KAISER FOUNDATION HOSPITAL - BALDWIN PARK,Kaiser Foundation Hospital - Baldwin Park,BALDWIN PARK,CA,4,0.9997,0.03,0.03,True,True,4,1.0,Heart failure,1.0,,416,5995885.0,1798.765499999802,2026,2024
050739,CENTINELA HOSPITAL MEDICAL CENTER,Centinela Hospital Medical Center,INGLEWOOD,CA,5,0.987,1.3,1.3,True,True,6,4.0,Pneumonia,0.6046728729611283,26.77024000000002,3513,65852530.0,856082.8900000007,2026,2024
050784,ADVENTIST HEALTH TULARE,Adventist Health Tulare,TULARE,CA,5,0.9988,0.12,0.12,True,True,5,2.0,Heart failure,0.7738770338550903,0.7462440000000005,507,7846873.0,9416.247599999833,2026,2024
060014,HCA HealthOne Presbyterian St. Lukes,Hca Healthone Presbyterian St Lukes,DENVER,CO,4,0.9992,0.08,0.08,True,True,5,3.0,Hip/knee replacement,0.6504457469339519,0.38824100000000067,1292,36086039.0,28868.831200000826,2026,2024
060112,SKY RIDGE MEDICAL CENTER,Hca Healthone Sky Ridge,LONE TREE,CO,1,0.9934,0.66,0.66,True,True,5,2.0,Hip/knee replacement,0.8300357178827337,4.730258999999997,2734,40895015.0,269907.0990000021,2026,2024
080001,CHRISTIANA HOSPITAL,Christianacare,NEWARK,DE,2,0.9999,0.01,0.01,True,True,6,1.0,Heart attack,1.0,-64.32993700000004,17484,282959656.0,28295.965599996885,2026,2024
090001,GEORGE WASHINGTON UNIV HOSPITAL,George Washington Univ Hospital,WASHINGTON,DC,5,0.9998,0.02,0.02,True,True,6,1.0,Heart bypass surgery (CABG),1.0,-4.148536000000006,3499,86309710.0,17261.9419999981,2026,2024
100026,ASCENSION SACRED HEART BAY,Ascension Sacred Heart Bay,PANAMA CITY,FL,1,0.9987,0.13,0.13,True,True,6,4.0,Heart bypass surgery (CABG),0.6352114434253894,-2.080086000000005,2923,38646780.0,50240.813999998754,2026,2024
100039,BROWARD HEALTH MEDICAL CENTER,Broward Health Medical Center,FORT LAUDERDALE,FL,4,0.9977,0.23,0.23,True,True,6,3.0,Heart failure,0.5601584530683495,3.7285900000000014,2765,51137511.0,117616.27529999841,2026,2024
100044,CLEVELAND CLINIC MARTIN NORTH HOSPITAL,Cleveland Clinic Martin North Hospital,STUART,FL,1,0.9894,1.06,1.06,True,True,6,5.0,Pneumonia,0.44899947647024646,55.62857600000003,10215,98343169.0,1042437.5914000053,2026,2024
100068,ADVENTHEALTH DAYTONA BEACH,Adventhealth Daytona Beach,DAYTONA BEACH,FL,1,0.9992,0.08,0.08,True,True,6,1.0,Hip/knee replacement,1.0,-21.42861299999999,6109,82013777.0,65611.02160000188,2026,2024
100180,HCA FLORIDA ST PETERSBURG HOSPITAL,Hca Florida St Petersburg Hospital,SAINT PETERSBURG,FL,4,0.9964,0.36,0.36,True,True,5,2.0,Pneumonia,0.8389069192773376,1.7189870000000027,860,10948952.0,39416.22720000052,2026,2024
100187,PALMETTO GENERAL HOSPITAL,Palmetto General Hospital,HIALEAH,FL,5,0.9999,0.01,0.01,True,True,6,1.0,Heart attack,1.0,-2.9389589999999957,1388,23694494.0,2369.449399999739,2026,2024
100249,TAMPA GENERAL HOSPITAL CRYSTAL RIVER,Tampa General Hospital Crystal River,CRYSTAL RIVER,FL,1,0.9948,0.52,0.52,True,True,5,3.0,Pneumonia,0.5698914272290823,4.682958000000005,2258,21903871.0,113900.12919999962,2026,2024
100260,ST LUCIE MEDICAL CENTER,Hca Florida St Lucie Hospital,PORT SAINT LUCIE,FL,1,0.97,3.0,3.0,True,True,5,5.0,Hip/knee replacement,0.609068161567703,51.080028000000006,3469,33636871.0,1009106.1300000009,2026,2024
100286,PHYSICIANS REGIONAL MEDICAL CENTER - PINE RIDGE,Physicians Regional Medical Center - Pine Ridge,NAPLES,FL,1,0.9935,0.65,0.65,True,True,6,4.0,Heart attack,0.356736175519098,11.75818199999998,6498,66386368.0,431511.3919999967,2026,2024
110027,"TY COBB REGIONAL MEDICAL CENTER, LLC","St Mary's Sacred Heart Hospital, Inc",LAVONIA,GA,1,0.9973,0.27,0.27,True,True,5,1.0,Heart failure,1.0,0.07220300000000146,381,3296198.0,8899.734600000118,2026,2024
110043,ST JOSEPH'S HOSPITAL - SAVANNAH,St Joseph's Hospital - Savannah,SAVANNAH,GA,1,0.9981,0.19,0.19,True,True,6,3.0,Heart failure,0.5242015180599456,1.3189870000000052,3180,36357894.0,69079.99860000047,2026,2024
110091,PIEDMONT ROCKDALE HOSPITAL,Piedmont Rockdale Hospital,CONYERS,GA,2,0.9969,0.31,0.31,True,True,5,2.0,Heart failure,0.9845467032967036,2.6635320000000036,1662,20424941.0,63317.31709999983,2026,2024
130013,SAINT ALPHONSUS MEDICAL CENTER - NAMPA,Saint Alphonsus Medical Center - Nampa,NAMPA,ID,3,0.9979,0.21,0.21,True,True,5,3.0,Pneumonia,0.48015963458935534,-1.7655980000000036,1233,14056111.0,29517.83309999987,2026,2024
140002,ALTON MEMORIAL HOSPITAL,Alton Memorial Hospital,ALTON,IL,4,0.9862,1.38,1.39,True,True,5,5.0,Pneumonia,0.44068265496702813,12.762583999999993,1921,19009289.0,262328.1882000007,2026,2024
140117,AMITA HEALTH RESURRECTION MEDICAL CENTER,Presence Resurrection Medical Center,CHICAGO,IL,4,0.9986,0.14,0.14,True,True,6,3.0,Heart attack,0.36287114789666197,-14.38195700000001,4264,62708767.0,87792.27379999729,2026,2024
140124,JOHN H STROGER JR HOSPITAL,John H Stroger Jr Hospital,CHICAGO,IL,5,0.9991,0.09,0.09,True,True,6,2.0,Pneumonia,0.6455696202531638,-1.7992779999999993,1158,77670227.0,69903.20430000093,2026,2024
140224,PRESENCE SAINT JOSEPH HOSPITAL - CHICAGO,Presence Saint Joseph Hospital - Chicago,CHICAGO,IL,5,0.9999,0.01,0.01,True,True,5,1.0,Pneumonia,1.0,-0.16524900000000092,1510,17225217.0,1722.5216999998104,2026,2024
140258,ALEXIAN BROTHERS MEDICAL CENTER 1,Alexian Brothers Medical Center 1,ELK GROVE VILLAGE,IL,2,0.995,0.5,0.5,True,True,6,5.0,Heart failure,0.3489829219146507,9.881898,4554,67999692.0,339998.4600000003,2026,2024
150002,METHODIST HOSPITALS INC,Methodist Hospitals Inc,GARY,IN,5,0.9919,0.81,0.81,True,True,6,4.0,Heart failure,0.4666358079639193,14.735005999999997,2413,28815231.0,233403.37109999987,2026,2024
150012,SAINT JOSEPH REGIONAL MEDICAL CENTER,Saint Joseph Regional Medical Center,MISHAWAKA,IN,3,0.9975,0.25,0.25,True,True,6,2.0,Heart failure,0.8863819500402903,1.9710020000000126,2650,33011520.0,82528.79999999824,2026,2024
150044,BAPTIST HEALTH FLOYD,Baptist Health Floyd,NEW ALBANY,IN,4,0.9966,0.34,0.34,True,True,6,2.0,Pneumonia,0.8616193087757127,4.973329999999997,5205,51820199.0,176188.67659999785,2026,2024
150084,ASCENSION ST VINCENT HOSPITAL,Ascension St Vincent Hospital,INDIANAPOLIS,IN,3,0.9981,0.19,0.19,True,True,6,4.0,Heart failure,0.5892486872917458,2.564518000000011,6326,156447766.0,297250.755400002,2026,2024
150091,PARKVIEW HUNTINGTON HOSPITAL,Parkview Huntington Hospital,HUNTINGTON,IN,2,0.9902,0.98,0.98,True,True,5,1.0,Pneumonia,1.0,1.1201849999999995,355,3721355.0,36469.27900000011,2026,2024
150104,WITHAM HEALTH SERVICES,Witham Health Services,LEBANON,IN,2,0.9915,0.85,0.85,True,True,5,3.0,Hip/knee replacement,0.5213143671272528,0.5915969999999999,612,6239851.0,53038.733499999704,2026,2024
160080,MERCYONE CLINTON MEDICAL CENTER,Mercyone Clinton Medical Center,CLINTON,IA,2,0.9993,0.07,0.07,True,True,5,1.0,COPD,1.0,-3.604626999999999,878,9442229.0,6609.56030000032,2026,2024
160082,UNITYPOINT HEALTH - DES MOINES IOWA METHODIST MEDI,Unitypoint Health - Des Moines Iowa Methodist Medi,DES MOINES,IA,2,0.9972,0.28,0.28,True,True,6,1.0,Heart attack,1.0,-14.500359000000024,8126,99443493.0,278441.78040000243,2026,2024
170013,HAYS MEDICAL CENTER,Hays Medical Center,HAYS,KS,2,0.9976,0.24,0.24,True,True,6,1.0,Pneumonia,1.0,-7.351067,2322,38062307.0,91349.53679999839,2026,2024
180020,MIDDLESBORO ARH HOSPITAL,Middlesboro Appalachian Regional Healthcare Hospit,MIDDLESBORO,KY,5,0.9946,0.54,0.54,True,True,4,2.0,Pneumonia,0.7569065508670692,0.6220829999999986,221,2207341.0,11919.641399999913,2026,2024
180044,PIKEVILLE MEDICAL CENTER,Pikeville Medical Center,PIKEVILLE,KY,3,0.9913,0.87,0.87,True,True,6,5.0,Pneumonia,0.4684360546472032,11.223730000000007,2815,43430828.0,377848.20360000175,2026,2024
180127,FRANKFORT REGIONAL MEDICAL CENTER,Frankfort Regional Medical Center,FRANKFORT,KY,2,0.9974,0.26,0.26,True,True,5,2.0,Heart failure,0.97524502374457,-0.27102499999999896,882,7965816.0,20711.121600000373,2026,2024
180128,THREE RIVERS MEDICAL CENTER,Three Rivers Medical Center,LOUISA,KY,4,0.9994,0.06,0.07,True,True,4,1.0,Pneumonia,1.0,0.05861600000000109,245,2319357.0,1391.6142000001043,2026,2024
180132,LAKE CUMBERLAND REGIONAL HOSPITAL,Lake Cumberland Regional Hospital,SOMERSET,KY,4,0.9942,0.58,0.58,True,True,5,3.0,Heart attack,0.5947084664536736,3.5884679999999998,1826,19505092.0,113129.53360000053,2026,2024
180138,BAPTIST HEALTH LAGRANGE,Baptist Health La Grange,LA GRANGE,KY,1,0.9984,0.16,0.16,True,True,5,2.0,Pneumonia,0.6851353608075249,,358,4658549.0,7453.6784000002135,2026,2024
190090,WINN PARISH MEDICAL CENTER,Winn Parish Medical Center,WINNFIELD,LA,5,0.9981,0.19,0.19,True,True,3,1.0,Pneumonia,1.0,0.29243399999999975,180,1359044.0,2582.1836000000176,2026,2024
190098,OCHSNER LSU HEALTH SHREVEPORT,Ochsner Lsu Health Shreveport,SHREVEPORT,LA,5,0.9999,0.01,0.01,True,True,6,1.0,Heart attack,1.0,-1.1977019999999978,2010,47538396.0,4753.839599999476,2026,2024
200031,CARY MEDICAL CENTER,Cary Medical Center,CARIBOU,ME,5,0.9941,0.59,0.59,True,True,5,2.0,Heart failure,0.5784554021591088,1.3549290000000003,323,3552842.0,20961.76780000006,2026,2024
200050,NORTHERN LIGHT MAINE COAST HOSPITAL,Northern Light Maine Coast Hospital,ELLSWORTH,ME,4,0.9982,0.18,0.18,True,True,5,1.0,Pneumonia,1.0,-0.6418920000000017,534,7657102.0,13782.783600000183,2026,2024
220100,SOUTH SHORE HOSPITAL,South Shore Hospital,SOUTH WEYMOUTH,MA,3,0.9848,1.52,1.51,True,True,5,4.0,Pneumonia,0.6328196785898111,82.99254599999998,12498,134316705.0,2041613.9159999988,2026,2024
220177,NANTUCKET COTTAGE HOSPITAL,Nantucket Cottage Hospital,NANTUCKET,MA,1,0.9915,0.85,0.85,True,True,4,2.0,Pneumonia,0.5473061101635406,0.734346,260,3404435.0,28937.69749999984,2026,2024
230141,MCLAREN FLINT,Mclaren Flint,FLINT,MI,3,0.9899,1.01,1.01,True,True,6,6.0,Heart bypass surgery (CABG),0.32218116657371354,8.839644000000009,3438,49649702.0,501461.9901999999,2026,2024
230146,WYANDOTTE HOSPITAL AND MEDICAL CENTER,Wyandotte Hospital And Medical Center,WYANDOTTE,MI,4,0.9898,1.02,1.02,True,True,5,4.0,Heart failure,0.48972039396206246,19.391092000000004,2753,29445836.0,300347.5271999996,2026,2024
230207,MCLAREN OAKLAND,Mclaren Oakland,PONTIAC,MI,5,0.9994,0.06,0.06,True,True,5,2.0,COPD,0.7796286182413931,-0.0316590000000026,819,13745336.0,8247.201600000617,2026,2024
230208,UNIVERSITY OF MICHIGAN HEALTH-SPARROW CARSON,Sparrow Carson Hospital,CARSON CITY,MI,4,0.9998,0.02,0.02,True,True,3,1.0,COPD,1.0,,172,1419091.0,283.8181999999687,2026,2024
230227,MCLAREN MACOMB,Mclaren Macomb,MOUNT CLEMENS,MI,3,0.9957,0.43,0.43,True,True,6,3.0,Heart attack,0.5011002576212965,5.2557049999999945,2646,35452216.0,152444.52879999895,2026,2024
240084,ESSENTIA HEALTH VIRGINIA,Essentia Health Virginia,VIRGINIA,MN,4,0.9998,0.02,0.02,True,True,5,1.0,Heart failure,1.0,,558,6733574.0,1346.7147999998517,2026,2024
240101,ESSENTIA HEALTH ST MARYS - DETROIT LAKES,Essentia Health St Marys - Detroit Lakes,DETROIT LAKES,MN,4,0.9999,0.01,0.01,True,True,5,1.0,COPD,1.0,0.0024180000000009728,513,7228550.0,722.8549999999204,2026,2024
250004,NORTH MISSISSIPPI MEDICAL CENTER,North Mississippi Medical Center,TUPELO,MS,3,0.9987,0.13,0.13,True,True,6,1.0,Pneumonia,1.0,-6.370729999999983,7544,94590679.0,122967.88269999696,2026,2024
250067,CLAY COUNTY MEDICAL CORPORATION,North Mississippi Medical Center-West Point,WEST POINT,MS,4,0.9996,0.04,0.04,True,True,3,1.0,Pneumonia,1.0,-0.00082999999999954,310,3138872.0,1255.5487999998618,2026,2024
250093,BOLIVAR MEDICAL CENTER,Bolivar Medical Center,CLEVELAND,MS,5,0.9954,0.46,0.46,True,True,4,2.0,Pneumonia,0.8118762224785596,1.7489019999999948,711,6694455.0,30794.493000000326,2026,2024
250100,BMH-GOLDEN TRIANGLE,Bmh-Golden Triangle,COLUMBUS,MS,4,0.9999,0.01,0.01,True,True,6,1.0,COPD,1.0,-9.462919000000008,2741,31019874.0,3101.9873999996585,2026,2024
260005,SSM ST JOSEPH HEALTH CENTER,Ssm Health St Joseph Hospital-St Charles,SAINT CHARLES,MO,3,0.9956,0.44,0.44,True,True,5,3.0,Pneumonia,0.5265588305142891,4.211129,1621,17689545.0,77833.99799999928,2026,2024
260011,SSM HEALTH ST. MARY'S HOSPITAL - JEFFERSON CITY,Ssm Health St. Mary's Hospital - Jefferson City,JEFFERSON CITY,MO,3,0.9948,0.52,0.52,True,True,6,3.0,Heart failure,0.6606170598911073,2.833606999999998,1182,13004051.0,67621.06519999976,2026,2024
260020,MERCY HOSPITAL ST LOUIS,Mercy Hospital St Louis,SAINT LOUIS,MO,2,0.9866,1.34,1.35,True,True,6,5.0,Heart bypass surgery (CABG),0.42521681158922675,26.926409,7379,93737952.0,1256088.5567999969,2026,2024
260142,FITZGIBBON HOSPITAL,Fitzgibbon Hospital,MARSHALL,MO,4,0.9967,0.33,0.33,True,True,5,3.0,Heart failure,0.4358368655470271,0.5077479999999985,412,3804276.0,12554.110799999884,2026,2024
260160,MERCY HOSPITAL STODDARD,Mercy Hospital Stoddard,DEXTER,MO,5,0.9997,0.03,0.03,True,True,4,1.0,COPD,1.0,,258,2508956.0,752.6867999999171,2026,2024
260177,LIBERTY HOSPITAL,Liberty Hospital,LIBERTY,MO,2,0.9946,0.54,0.54,True,True,6,4.0,Heart failure,0.36581078192165045,2.5576559999999904,2314,22871641.0,123506.86139999909,2026,2024
260216,SAINT LUKE'S EAST  HOSPITAL,Saint Luke's East Hospital,LEES SUMMIT,MO,2,0.9982,0.18,0.18,True,True,5,2.0,Pneumonia,0.6585931460963677,-24.469724000000003,3837,32268284.0,58082.911200000766,2026,2024
280130,CHI HEALTH LAKESIDE,Chi Health Lakeside,OMAHA,NE,1,0.9994,0.06,0.06,True,True,5,1.0,Hip/knee replacement,1.0,-5.123442000000006,2005,20497590.0,12298.55400000092,2026,2024
300003,MARY HITCHCOCK MEMORIAL HOSPITAL,Mary Hitchcock Memorial Hospital,LEBANON,NH,2,0.9998,0.02,0.02,True,True,6,1.0,Pneumonia,1.0,-26.123170999999992,7070,176427795.0,35285.558999996116,2026,2024
300029,PORTSMOUTH REGIONAL HOSPITAL,Portsmouth Regional Hospital,PORTSMOUTH,NH,1,0.9945,0.55,0.55,True,True,6,4.0,Heart failure,0.4336685319981487,5.031550000000006,3694,54344214.0,298893.17699999723,2026,2024
310001,HACKENSACK UNIVERSITY MEDICAL CENTER,Hackensack University Medical Center,HACKENSACK,NJ,2,0.9985,0.15,0.15,True,True,6,1.0,Pneumonia,1.0,-22.241513000000012,9107,229959467.0,344939.2004999875,2026,2024
310057,VIRTUA MOUNT HOLLY HOSPITAL,Virtua Mount Holly Hospital,MOUNT HOLLY,NJ,2,0.9991,0.09,0.09,True,True,5,3.0,Pneumonia,0.46473832301631984,0.3744679999999819,3865,45146532.0,40631.87880000054,2026,2024
310076,COOPERMAN BARNABAS MEDICAL CENTER,Cooperman Barnabas Medical Center,LIVINGSTON,NJ,2,0.9959,0.41,0.41,True,True,6,5.0,Heart attack,0.36620527881075493,3.5101480000000147,6828,129707232.0,531799.651199999,2026,2024
320018,MEMORIAL MEDICAL CENTER,Memorial Medical Center,LAS CRUCES,NM,4,0.9961,0.39,0.39,True,True,6,4.0,Heart attack,0.7103422442349265,1.9684839999999995,1782,22738475.0,88680.05250000033,2026,2024
330103,OLEAN GENERAL HOSPITAL,Olean General Hospital,OLEAN,NY,5,0.9983,0.17,0.17,True,True,5,2.0,COPD,0.5718717683557396,2.8582240000000003,1359,14972057.0,25452.496900000522,2026,2024
330141,LONG ISLAND COMMUNITY HOSPITAL,Long Island Community Hospital,PATCHOGUE,NY,5,0.9983,0.17,0.17,True,True,5,2.0,Pneumonia,0.9143318404332885,0.25691900000000034,3945,61452307.0,104468.92190000214,2026,2024
330191,GLENS FALLS HOSPITAL,Glens Falls Hospital,GLENS FALLS,NY,4,0.9991,0.09,0.09,True,True,5,1.0,Heart attack,1.0,-8.266380000000012,2597,29984841.0,26986.356900000355,2026,2024
330197,CANTON-POTSDAM HOSPITAL,Canton-Potsdam Hospital,POTSDAM,NY,4,0.9967,0.33,0.33,True,True,5,2.0,Heart failure,0.8832287567797512,1.632899999999996,1196,12938365.0,42696.60449999961,2026,2024
330234,WESTCHESTER MEDICAL CENTER,Westchester Medical Center,VALHALLA,NY,4,0.9986,0.14,0.14,True,True,6,2.0,Heart bypass surgery (CABG),0.9094977623073096,-4.44147899999999,5540,146236821.0,204731.54939999367,2026,2024
330235,AUBURN  COMMUNITY  HOSPITAL,Auburn  Community  Hospital,AUBURN,NY,4,0.9871,1.29,1.29,True,True,5,4.0,Heart failure,0.41670139798518685,9.797305999999983,1285,14532707.0,187471.92030000032,2026,2024
340142,CARTERET GENERAL HOSPITAL,Carteret General Hospital,MOREHEAD CITY,NC,1,0.989,1.1,1.1,True,True,5,5.0,Heart failure,0.33608570338101906,10.102054000000003,1899,20528748.0,225816.2280000002,2026,2024
360014,OHIOHEALTH O'BLENESS HOSPITAL,Ohiohealth O'bleness Hospital,ATHENS,OH,4,0.996,0.4,0.4,True,True,5,1.0,Pneumonia,1.0,0.13036499999999562,758,11761341.0,47045.364000000045,2026,2024
360079,KETTERING HEALTH MAIN CAMPUS,Kettering Health Main Campus,KETTERING,OH,2,0.9932,0.68,0.68,True,True,6,3.0,Heart failure,0.5034984499459645,11.80367400000002,5431,72625020.0,493850.13600000204,2026,2024
360143,MARYMOUNT HOSPITAL,Marymount Hospital,GARFIELD HEIGHTS,OH,4,0.9927,0.73,0.73,True,True,5,2.0,Pneumonia,0.9764289721620075,2.5399320000000087,1845,16105804.0,117572.36919999956,2026,2024
360155,SOUTHWEST GENERAL HEALTH CENTER,Southwest General Health Center,MIDDLEBURG HEIGHTS,OH,1,0.9864,1.36,1.36,True,True,6,4.0,Pneumonia,0.3162681623089899,18.923538000000015,3680,33014699.0,448999.9063999982,2026,2024
360172,MERCY REGIONAL MEDICAL CENTER,Mercy Health-Lorain Hospital,LORAIN,OH,3,0.9953,0.47,0.47,True,True,5,4.0,Heart failure,0.38197532384882205,3.908329999999996,1626,16120821.0,75767.85870000061,2026,2024
360276,HMHP ST ELIZABETH BOARDMAN HEALTH CENTER,Mh St Elizabeth Boardman Hospital,BOARDMAN,OH,3,0.9908,0.92,0.92,True,True,5,3.0,Pneumonia,0.5202881240122467,14.483478999999988,2975,25009563.0,230087.97959999964,2026,2024
370026,ST MARY'S REGIONAL MEDICAL CENTER,St Mary's Regional Medical Center,ENID,OK,3,0.9996,0.04,0.04,True,True,5,1.0,COPD,1.0,-5.128599999999993,1099,11211660.0,4484.663999999506,2026,2024
370028,"INTEGRIS BAPTIST MEDICAL CENTER, INC","Integris Baptist Medical Center, Inc",OKLAHOMA CITY,OK,3,0.9975,0.25,0.25,True,True,6,3.0,Heart attack,0.5515867073662384,-12.659728000000019,7138,116340954.0,290852.3849999938,2026,2024
380061,PROVIDENCE PORTLAND MEDICAL CENTER,Providence Portland Medical Center,PORTLAND,OR,4,1.0,0.0,0.0,True,False,5,1.0,Hip/knee replacement,1.0,-8.048229999999997,3629,59303690.0,0.0,2026,2024
380071,WILLAMETTE VALLEY MEDICAL CENTER,Willamette Valley Medical Center,MCMINNVILLE,OR,4,0.9988,0.12,0.12,True,True,4,1.0,COPD,1.0,-0.7097339999999982,551,5739533.0,6887.439599999879,2026,2024
390035,ST LUKE'S HOSPITAL - UPPER BUCKS CAMPUS,St Luke's Hospital - Upper Bucks Campus,QUAKERTOWN,PA,3,0.9964,0.36,0.36,True,True,5,4.0,Pneumonia,0.8094409756414278,2.014664999999998,1790,19915686.0,71696.46960000094,2026,2024
390073,UPMC ALTOONA,Upmc Altoona,ALTOONA,PA,4,0.9999,0.01,0.01,True,True,6,1.0,Heart attack,1.0,-11.57987700000001,2837,36197623.0,3619.7622999996015,2026,2024
390101,UPMC MEMORIAL,Upmc Memorial,YORK,PA,2,0.9954,0.46,0.46,True,True,5,3.0,Hip/knee replacement,0.5529729354410421,0.820969999999992,1745,15705917.0,72247.21820000076,2026,2024
390111,HOSPITAL OF UNIV OF PENNSYLVANIA,Hospital Of Univ Of Pennsylvania,PHILADELPHIA,PA,4,0.9988,0.12,0.12,True,True,6,3.0,Pneumonia,0.459470109640482,-1.8918630000000034,8540,308840081.0,370608.0971999935,2026,2024
390237,REGIONAL HOSPITAL OF SCRANTON,Regional Hospital Of Scranton,SCRANTON,PA,3,0.9939,0.61,0.61,True,True,6,2.0,Pneumonia,0.6702702702702698,9.252058000000003,2711,32304130.0,197055.19299999982,2026,2024
390258,ST MARY MEDICAL CENTER,St Mary Medical Center,LANGHORNE,PA,2,0.9868,1.32,1.32,True,True,6,5.0,Heart failure,0.3296260083109261,29.719222999999996,5497,62066523.0,819278.1035999993,2026,2024
390332,GEISINGER ST. LUKE'S  HOSPITAL,Geisinger St. Luke's  Hospital,ORWIGSBURG,PA,3,0.9955,0.45,0.45,True,True,5,2.0,Pneumonia,0.8036613845230757,2.4201420000000016,1436,12286785.0,55290.53249999937,2026,2024
390338,LEHIGH VALLEY HOSPITAL - DICKSON CITY,Lehigh Valley Hospital - Dickson City,DICKSON CITY,PA,2,0.9998,0.02,0.02,True,True,4,2.0,Pneumonia,0.8192583359301978,,872,7537888.0,1507.5775999998339,2026,2024
410012,THE MIRIAM HOSPITAL,The Miriam Hospital,PROVIDENCE,RI,4,0.9976,0.24,0.24,True,True,5,2.0,Heart attack,0.8162706287758692,-13.73910299999999,4393,57371330.0,137691.19199999757,2026,2024
420009,PRISMA HEALTH OCONEE MEMORIAL HOSPITAL,Prisma Health Oconee Memorial Hospital,SENECA,SC,3,0.9918,0.82,0.82,True,True,5,4.0,Pneumonia,0.689181049556204,3.8350679999999993,2199,24955397.0,204634.25539999962,2026,2024
420026,MUSC HEALTH COLUMBIA MEDICAL CENTER DOWNTOWN,Musc Health Columbia Medical Center Downtown,COLUMBIA,SC,3,0.999,0.1,0.1,True,True,6,1.0,Pneumonia,1.0,-3.72251400000001,3001,37540502.0,37540.50200000004,2026,2024
420067,BEAUFORT COUNTY MEMORIAL HOSPITAL,Beaufort County Memorial Hospital,BEAUFORT,SC,3,0.9946,0.54,0.54,True,True,5,4.0,Heart failure,0.5747741935483862,6.924182000000002,2457,25533462.0,137880.69479999898,2026,2024
420071,SELF REGIONAL HEALTHCARE,Self Regional Healthcare,GREENWOOD,SC,3,0.9968,0.32,0.32,True,True,6,3.0,Heart attack,0.48272727272727234,-1.7527980000000096,2967,46937160.0,150198.91199999908,2026,2024
420079,TRIDENT MEDICAL CENTER,Trident Medical Center,CHARLESTON,SC,3,0.9968,0.32,0.32,True,True,6,4.0,Heart attack,0.4504685917305196,3.397290999999985,5564,75749506.0,242398.41919999852,2026,2024
430077,MONUMENT HEALTH RAPID CITY HOSPITAL,Monument Health Rapid City Hospital,RAPID CITY,SD,2,0.9965,0.35,0.35,True,True,6,2.0,Heart bypass surgery (CABG),0.8113770285261933,-23.94222,5894,109782167.0,384237.58449999423,2026,2024
430090,SIOUX FALLS SPECIALTY HOSPITAL,Sioux Falls Specialty Hospital Llp,SIOUX FALLS,SD,1,0.97,3.0,3.0,True,True,1,1.0,Hip/knee replacement,1.0,3.7050179999999995,272,4887857.0,146635.71000000014,2026,2024
440058,SOUTHERN TENNESSEE REGIONAL HEALTH SYSTEM WINCHEST,Highpoint Health - Winchester With Ascension Saint,WINCHESTER,TN,3,0.9996,0.04,0.04,True,True,5,1.0,Pneumonia,1.0,-0.05559000000000029,642,6024955.0,2409.9819999997344,2026,2024
440065,TRISTAR NORTHCREST MEDICAL CENTER,Tristar Northcrest Medical Center,SPRINGFIELD,TN,2,0.9882,1.18,1.18,True,True,5,3.0,Pneumonia,0.8501436440573921,3.4325660000000005,626,6198926.0,73147.3268000002,2026,2024
440156,PARKRIDGE MEDICAL CENTER,Parkridge Medical Center,CHATTANOOGA,TN,3,0.997,0.3,0.3,True,True,6,3.0,Pneumonia,0.7561973380859213,1.7172469999999689,3327,39987948.0,119963.84400000011,2026,2024
450032,CHRISTUS GOOD SHEPHERD MEDICAL CENTER,Christus Good Shepherd Medical Center,LONGVIEW,TX,3,0.9908,0.92,0.92,True,True,6,4.0,Pneumonia,0.5644982400629478,17.836374,3741,50944591.0,468690.2371999993,2026,2024
450079,BAYLOR SCOTT & WHITE MEDICAL CENTER AT IRVING,Baylor Scott And White Medical Center  Irving,IRVING,TX,2,0.992,0.8,0.8,True,True,5,3.0,Pneumonia,0.5340202163247909,8.976290000000004,2066,25585917.0,204687.33600000018,2026,2024
450165,METHODIST HOSPITAL ATASCOSA,Methodist Hospital | Atascosa,JOURDANTON,TX,3,0.9989,0.11,0.11,True,True,5,1.0,Heart failure,1.0,0.20232100000000025,330,4108801.0,4519.681099999958,2026,2024
450231,BSA HOSPITAL,Bsa Hospital,AMARILLO,TX,1,0.9952,0.48,0.48,True,True,6,3.0,Heart bypass surgery (CABG),0.6381060295571255,-9.126150999999997,6741,76736578.0,368335.574400002,2026,2024
450292,TEXAS HEALTH PRESBYTERIAN HOSPITAL KAUFMAN,Texas Health Presbyterian Hospital Kaufman,KAUFMAN,TX,1,0.9993,0.07,0.07,True,True,4,1.0,Pneumonia,1.0,,248,2469385.0,1728.5695000000837,2026,2024
450330,OAKBEND MEDICAL CENTER,Oakbend Medical Center,RICHMOND,TX,4,0.9981,0.19,0.19,True,True,4,1.0,Pneumonia,1.0,0.5236200000000013,470,8191986.0,15564.773400000106,2026,2024
450400,PARKVIEW REGIONAL HOSPITAL,Parkview Regional Hospital,MEXIA,TX,3,0.9946,0.54,0.54,True,True,5,1.0,Pneumonia,1.0,0.34709999999999974,156,1558192.0,8414.236799999939,2026,2024
450638,HCA HOUSTON HEALTHCARE NORTHWEST,Hca Houston Healthcare Northwest,HOUSTON,TX,4,0.9972,0.28,0.28,True,True,6,3.0,Heart failure,0.47889733840304216,1.9599659999999994,1388,24971234.0,69919.45520000062,2026,2024
450656,NACOGDOCHES MEDICAL CENTER,Nacogdoches Medical Center,NACOGDOCHES,TX,2,0.9961,0.39,0.39,True,True,5,3.0,Pneumonia,0.6507499356065856,1.865769999999995,1373,15183173.0,59214.37470000022,2026,2024
450718,ROUND ROCK MEDICAL CENTER,Round Rock Medical Center,ROUND ROCK,TX,1,0.9983,0.17,0.17,True,True,6,1.0,Heart bypass surgery (CABG),1.0,-4.660346000000009,3317,46624554.0,79261.74180000162,2026,2024
450779,TEXAS HEALTH HARRIS METHODIST HOSPITAL SOUTHWEST F,Texas Health Harris Methodist Hospital Southwest F,FORT WORTH,TX,1,0.999,0.1,0.1,True,True,5,2.0,Heart attack,0.81552348986871,-3.589465,2936,31363739.0,31363.739000000027,2026,2024
450840,TEXAS HEALTH PRESBYTERIAN HOSPITAL ALLEN,Texas Health Presbyterian Hospital Allen,ALLEN,TX,1,0.9997,0.03,0.03,True,True,5,2.0,Hip/knee replacement,0.9609374999999959,-0.8538950000000005,1068,11045780.0,3313.733999999635,2026,2024
460051,HOLY CROSS HOSPITAL-JORDAN VALLEY,Holy Cross Hospital-Jordan Valley,WEST JORDAN,UT,3,1.0,0.0,0.0,True,False,5,1.0,COPD,1.0,-1.1470530000000012,1093,12773241.0,0.0,2026,2024
470005,RUTLAND REGIONAL MEDICAL CENTER,Rutland Regional Medical Center,RUTLAND,VT,4,0.9985,0.15,0.15,True,True,5,2.0,COPD,0.6020867780375169,-2.5130079999999957,2061,15202995.0,22804.492499999178,2026,2024
490101,INOVA FAIR OAKS HOSPITAL,Inova Fair Oaks Hospital,FAIRFAX,VA,1,0.9945,0.55,0.55,True,True,5,2.0,Pneumonia,0.9088629174856111,-6.632974999999994,2915,33216641.0,182691.52549999833,2026,2024
490122,INOVA MOUNT VERNON HOSPITAL,Inova Mount Vernon Hospital,ALEXANDRIA,VA,2,0.9948,0.52,0.52,True,True,5,2.0,Pneumonia,0.9388827933333459,0.42059900000000755,1912,24044491.0,125031.35319999958,2026,2024
500027,SWEDISH MEDICAL CENTER,Swedish Medical Center,SEATTLE,WA,3,1.0,0.0,0.0,True,False,5,1.0,COPD,1.0,-2.3603049999999968,3585,68096058.0,0.0,2026,2024
500031,GRAYS HARBOR COMMUNITY HOSPITAL,Grays Harbor Community Hospital,ABERDEEN,WA,4,0.999,0.1,0.1,True,True,5,3.0,Pneumonia,0.8139883852359956,0.39855499999999383,1186,15026326.0,15026.326000000014,2026,2024
500079,MULTICARE GOOD SAMARITAN HOSPITAL,Multicare Good Samaritan Hospital,PUYALLUP,WA,3,0.9989,0.11,0.11,True,True,5,1.0,COPD,1.0,-5.528737999999995,5061,61098708.0,67208.57879999938,2026,2024
510008,BERKELEY MEDICAL CENTER,Berkeley Medical Center,MARTINSBURG,WV,1,0.9982,0.18,0.18,True,True,5,2.0,Heart attack,0.7112110279467992,-0.9497519999999939,2127,21319128.0,38374.43040000051,2026,2024
510029,THOMAS MEMORIAL HOSPITAL,Thomas Memorial Hospital,SOUTH CHARLESTON,WV,2,0.9928,0.72,0.72,True,True,6,4.0,Hip/knee replacement,0.4169153882599835,4.93133299999999,2483,23447728.0,168823.64159999962,2026,2024
520030,ASPIRUS WAUSAU HOSPITAL,Aspirus Wausau Hospital,WAUSAU,WI,3,1.0,0.0,0.0,True,False,6,1.0,COPD,1.0,-11.886238999999998,3501,52677111.0,0.0,2026,2024
520037,MARSHFIELD MEDICAL CENTER,Marshfield Medical Center,MARSHFIELD,WI,4,0.9943,0.57,0.57,True,True,6,5.0,Pneumonia,0.6846234335976402,9.279629000000002,2734,51166299.0,291647.904300002,2026,2024
520066,MERCY HEALTH SYSTEM CORP,Mercy Health System Corp,JANESVILLE,WI,4,0.9946,0.54,0.54,True,True,6,4.0,Heart attack,0.4912246941560919,0.9880529999999954,1656,19517959.0,105396.97859999923,2026,2024
670073,METHODIST HOSPITAL FOR SURGERY,Methodist Hospital For Surgery,ADDISON,TX,1,0.9968,0.32,0.32,True,True,1,1.0,Hip/knee replacement,1.0,,261,5135735.0,16434.3519999999,2026,2024
670080,SETON MEDICAL CENTER HARKER HEIGHTS,Seton Medical Center Harker Heights,HARKER HEIGHTS,TX,2,0.9918,0.82,0.82,True,True,5,3.0,Pneumonia,0.6243852826519922,3.5449810000000026,879,10219268.0,83797.99759999984,2026,2024
670103,MEDICAL CITY ALLIANCE,Medical City Alliance,FORT WORTH,TX,1,0.9991,0.09,0.09,True,True,5,4.0,Heart attack,0.43121045972163563,-0.1310850000000004,937,11231456.0,10108.310400000133,2026,2024
010016,SHELBY BAPTIST MEDICAL CENTER,Shelby Baptist Medical Center,ALABASTER,AL,1,0.9949,0.51,0.51,True,True,6,5.0,Heart bypass surgery (CABG),0.30804447475451696,1.2487680000000034,1331,14459822.0,73745.09219999991,2026,2024
010092,DCH REGIONAL MEDICAL CENTER,Dch Regional Medical Center,TUSCALOOSA,AL,3,0.9929,0.71,0.71,True,True,6,4.0,Pneumonia,0.3690842840411231,19.21336900000002,4704,58685264.0,416665.37439999974,2026,2024
030112,ARIZONA ORTHOPEDIC AND SURGICAL SPECIALTY HOSPITAL,Arizona Specialty Hospital,PHOENIX,AZ,1,0.97,3.0,3.0,True,True,1,1.0,Hip/knee replacement,1.0,2.75616,407,8284669.0,248540.0700000002,2026,2024
030114,ORO VALLEY HOSPITAL,Oro Valley Hospital,ORO VALLEY,AZ,1,0.9997,0.03,0.03,True,True,5,1.0,Heart attack,1.0,-2.40407,1829,17290832.0,5187.249599999429,2026,2024
050194,WATSONVILLE COMMUNITY HOSPITAL,Watsonville Community Hospital,WATSONVILLE,CA,5,0.9976,0.24,0.24,True,True,5,2.0,Heart failure,0.8848855800132426,1.6327999999999971,913,14313746.0,34352.99039999939,2026,2024
050309,SUTTER ROSEVILLE MEDICAL CENTER,Sutter Roseville Medical Center,ROSEVILLE,CA,3,0.9994,0.06,0.06,True,True,6,2.0,COPD,0.7337827326938031,-19.145808000000006,8475,141069136.0,84641.48160000634,2026,2024
050320,HIGHLAND HOSPITAL,Highland Hospital,OAKLAND,CA,5,0.9972,0.28,0.28,True,True,5,2.0,Pneumonia,0.7076649210324776,1.8024349999999947,2284,72363970.0,202619.11600000178,2026,2024
050441,STANFORD HEALTH CARE,Stanford Health Care,STANFORD,CA,4,0.9988,0.12,0.12,True,True,6,2.0,Heart failure,0.5372883034564729,-4.490011999999997,13310,562593528.0,675112.2335999882,2026,2024
050523,SUTTER DELTA MEDICAL CENTER,Sutter Delta Medical Center,ANTIOCH,CA,5,0.9992,0.08,0.08,True,True,5,2.0,Heart attack,0.8478379597748894,1.428029000000003,1964,33236932.0,26589.54560000076,2026,2024
050557,MEMORIAL MEDICAL CENTER,Memorial Medical Center,MODESTO,CA,5,0.9956,0.44,0.44,True,True,6,5.0,Pneumonia,0.3278261691820177,11.293710999999982,5905,101014491.0,444463.7603999959,2026,2024
050636,PALOMAR MEDICAL CENTER POWAY,Palomar Medical Center Poway,POWAY,CA,4,0.9988,0.12,0.12,True,True,5,1.0,Pneumonia,1.0,-2.004353999999994,1443,16168984.0,19402.78079999966,2026,2024
050763,L A DOWNTOWN MEDICAL CENTER,L A Downtown Medical Center,LOS ANGELES,CA,5,0.9989,0.11,0.11,True,True,4,2.0,Pneumonia,0.9370388243035755,2.0594219999999988,2669,34314147.0,37745.56169999965,2026,2024
060015,CENTURA HEALTH-ST ANTHONY HOSPITAL,St Anthony Hospital,LAKEWOOD,CO,2,0.9991,0.09,0.09,True,True,6,2.0,Pneumonia,0.8905707570563002,-2.821007000000001,3278,51009522.0,45908.56980000061,2026,2024
070017,MIDSTATE MEDICAL CENTER,Midstate Medical Center,MERIDEN,CT,2,0.9938,0.62,0.62,True,True,5,4.0,Hip/knee replacement,0.7810882444652325,3.0871439999999994,2486,34787737.0,215683.96939999942,2026,2024
070028,ST VINCENT'S MEDICAL CENTER,St Vincent's Medical Center,BRIDGEPORT,CT,2,0.9965,0.35,0.35,True,True,6,3.0,Pneumonia,0.5976829184194188,-2.2327810000000063,2883,59187957.0,207157.8494999969,2026,2024
100014,ADVENTHEALTH NEW SMYRNA BEACH,Adventhealth New Smyrna Beach,NEW SMYRNA BEACH,FL,1,0.9992,0.08,0.08,True,True,5,2.0,Heart attack,0.6350688363353787,-4.696339,2127,21573773.0,17259.018400000496,2026,2024
100023,HCA FLORIDA CITRUS HOSPITAL,Hca Florida Citrus Hospital,INVERNESS,FL,1,0.9971,0.29,0.29,True,True,6,4.0,Heart failure,0.5173133083020443,-2.352582000000017,3494,46544302.0,134978.47580000063,2026,2024
100046,Adventhealth Zephyrhills,Adventhealth Zephyrhills,ZEPHYRHILLS,FL,1,0.9987,0.13,0.13,True,True,5,2.0,Heart failure,0.8591696223659483,-1.2794349999999879,2281,24429956.0,31758.942799999215,2026,2024
100080,HCA FLORIDA JFK HOSPITAL,Hca Florida Jfk Hospital,ATLANTIS,FL,4,0.9917,0.83,0.83,True,True,6,5.0,Heart bypass surgery (CABG),0.3270007760543722,17.07138800000002,6698,93686923.0,777601.4608999976,2026,2024
100093,BAPTIST HOSPITAL,Baptist Hospital,PENSACOLA,FL,2,0.9961,0.39,0.39,True,True,6,3.0,Heart bypass surgery (CABG),0.5292389562602622,-4.441210999999975,4914,70182438.0,273711.50820000103,2026,2024
100151,MAYO CLINIC,Mayo Clinic,JACKSONVILLE,FL,1,0.9986,0.14,0.14,True,True,6,3.0,Heart attack,0.4551232678539139,-3.367669000000022,9574,192598053.0,269637.27419999166,2026,2024
100179,HCA FLORIDA MEMORIAL HOSPITAL,Hca Florida Memorial Hospital,JACKSONVILLE,FL,4,0.9979,0.21,0.21,True,True,6,4.0,Heart bypass surgery (CABG),0.47597954005981763,-3.032567999999995,3496,49323321.0,103578.97409999954,2026,2024
100292,SACRED HEART HOSPITAL ON THE EMERALD COAST,Sacred Heart Hospital On The Emerald Coast,MIRAMAR BEACH,FL,1,0.9962,0.38,0.38,True,True,5,1.0,Pneumonia,1.0,0.6896039999999972,1732,20471781.0,77792.76780000053,2026,2024
110010,EMORY UNIVERSITY HOSPITAL,Emory University Hospital,ATLANTA,GA,1,0.9989,0.11,0.11,True,True,6,4.0,Heart bypass surgery (CABG),0.38130650462498816,1.426486999999992,5551,153963479.0,169359.82689999844,2026,2024
110030,PIEDMONT CARTERSVILLE MEDICAL CENTER,Piedmont Cartersville Medical Center,CARTERSVILLE,GA,1,0.9968,0.32,0.32,True,True,5,3.0,Heart failure,0.6628394618993565,1.4703490000000023,1745,18873233.0,60394.34559999964,2026,2024
110051,UNION GENERAL HOSPITAL,Union General Hospital,BLAIRSVILLE,GA,1,0.9985,0.15,0.15,True,True,5,3.0,Heart failure,0.5555803117975864,0.21901399999999926,952,6945485.0,10418.227499999624,2026,2024
110078,EMORY UNIVERSITY HOSPITAL MIDTOWN,Emory University Hospital Midtown,ATLANTA,GA,3,0.9976,0.24,0.24,True,True,6,3.0,Heart failure,0.8711591146500577,6.673608,3294,69629511.0,167110.82639999705,2026,2024
110128,MEMORIAL HEALTH MEADOWS HOSPITAL,Memorial Health Meadows Hospital,VIDALIA,GA,3,0.9961,0.39,0.39,True,True,5,2.0,Heart failure,0.8079583243147519,0.5422989999999978,860,9222260.0,35966.81400000014,2026,2024
110143,WELLSTAR COBB MEDICAL CENTER,Wellstar Cobb Medical Center,AUSTELL,GA,2,0.9997,0.03,0.03,True,True,5,3.0,Heart attack,0.7256254892296876,-1.0396899999999998,2708,43319787.0,12995.93609999857,2026,2024
110201,PIEDMONT MACON NORTH HOSPITAL,Piedmont Macon North Hospital,MACON,GA,1,0.9963,0.37,0.37,True,True,5,1.0,Heart failure,1.0,0.5409879999999999,549,5013945.0,18551.596500000185,2026,2024
110226,EMORY HILLANDALE HOSPITAL,Emory Hillandale Hospital,LITHONIA,GA,4,0.995,0.5,0.5,True,True,4,2.0,Heart failure,0.8740607124598478,1.569798999999999,649,8716450.0,43582.25000000004,2026,2024
130007,SAINT ALPHONSUS REGIONAL MEDICAL CENTER,Saint Alphonsus Regional Medical Center,BOISE,ID,2,0.9995,0.05,0.05,True,True,6,2.0,Heart bypass surgery (CABG),0.7234489262139043,-7.9334139999999955,3737,60061754.0,30030.876999996693,2026,2024
140049,WEST SUBURBAN MEDICAL CENTER,West Suburban Medical Center,OAK PARK,IL,5,0.9965,0.35,0.35,True,True,5,2.0,Heart failure,0.9792384692490419,2.8136899999999985,690,9456831.0,33098.9084999995,2026,2024
140103,ST BERNARD HOSPITAL,St Bernard Hospital,CHICAGO,IL,5,0.9968,0.32,0.32,True,True,4,2.0,COPD,0.7953158933415032,1.232602,252,3566943.0,11414.21759999993,2026,2024
140164,MEMORIAL HOSPITAL OF CARBONDALE,Memorial Hospital Of Carbondale,CARBONDALE,IL,4,0.9952,0.48,0.48,True,True,6,3.0,Heart attack,0.5126028410624496,5.395381999999996,2652,34665146.0,166392.70080000092,2026,2024
140242,NORTHWESTERN MEDICINE CENTRAL DUPAGE HOSPITAL,Northwestern Medicine Central Dupage Hospital,WINFIELD,IL,2,0.9977,0.23,0.23,True,True,6,3.0,Pneumonia,0.8937871174052079,3.43345200000001,6867,95166586.0,218883.14779999704,2026,2024
150008,ST CATHERINE HOSPITAL INC,St Catherine Hospital Inc,EAST CHICAGO,IN,5,0.9988,0.12,0.12,True,True,6,1.0,COPD,1.0,-0.34826999999999897,957,11392924.0,13671.50879999976,2026,2024
150030,HENRY COUNTY MEMORIAL HOSPITAL,Henry County Memorial Hospital,NEW CASTLE,IN,4,0.9949,0.51,0.51,True,True,5,2.0,Pneumonia,0.5853258125861167,1.0094370000000001,480,6151686.0,31373.59859999996,2026,2024
170103,NMC HEALTH,Nmc Health,NEWTON,KS,2,0.9975,0.25,0.25,True,True,5,1.0,Pneumonia,1.0,0.2526179999999991,835,7965781.0,19914.452499999574,2026,2024
170104,ADVENTHEALTH SHAWNEE MISSION,Adventhealth Shawnee Mission,SHAWNEE MISSION,KS,1,0.9967,0.33,0.33,True,True,6,2.0,Hip/knee replacement,0.8497566659408817,-7.75771200000001,3919,45225805.0,149245.15649999861,2026,2024
180013,THE MEDICAL CENTER (BOWLING GREEN),The Medical Center At Bowling Green,BOWLING GREEN,KY,2,0.9959,0.41,0.41,True,True,6,1.0,Heart attack,1.0,-16.406703000000007,3713,49328942.0,202248.66219999964,2026,2024
180101,GEORGETOWN COMMUNITY HOSPITAL,Georgetown Community Hospital,GEORGETOWN,KY,2,0.9958,0.42,0.42,True,True,5,2.0,Pneumonia,0.6056841760401876,0.6792369999999994,324,2750551.0,11552.31419999995,2026,2024
190060,LAKE CHARLES MEMORIAL HOSPITAL,Lake Charles Memorial Hospital,LAKE CHARLES,LA,3,0.9976,0.24,0.24,True,True,6,2.0,Heart bypass surgery (CABG),0.6590476190476205,-2.5368590000000033,2383,30226581.0,72543.79439999872,2026,2024
220024,HOLYOKE MEDICAL CENTER,Holyoke Medical Center,HOLYOKE,MA,5,0.9925,0.75,0.75,True,True,5,4.0,Pneumonia,0.5800850433319696,7.182304,1748,20206227.0,151546.70249999902,2026,2024
220031,BOSTON MEDICAL CENTER,Boston Medical Center Corporation-,BOSTON,MA,5,0.9995,0.05,0.05,True,True,6,1.0,COPD,1.0,-1.231663999999988,3189,107939471.0,53969.73549999406,2026,2024
220066,MERCY MEDICAL CTR,Mercy Medical Ctr,SPRINGFIELD,MA,4,0.9931,0.69,0.69,True,True,5,3.0,Pneumonia,0.5526833057137488,9.09310099999999,1792,22567322.0,155714.5218000004,2026,2024
220090,MILFORD REGIONAL MEDICAL CENTER,Umass Memorial Health-Milford Regional Medical Ctr,MILFORD,MA,3,0.9703,2.97,2.97,True,True,5,4.0,Pneumonia,0.4565379778859415,62.089577,3521,39274234.0,1166444.749799998,2026,2024
220175,METROWEST MEDICAL CENTER,Metrowest Medical Center,FRAMINGHAM,MA,4,0.9864,1.36,1.36,True,True,5,3.0,Pneumonia,0.5669956728103648,15.928843999999994,2106,28862791.0,392533.95759999845,2026,2024
230021,"LAKELAND HOSPITAL, ST JOSEPH",Corewell Health Lakeland Hospitals St Joseph Hospi,ST JOSEPH,MI,4,0.9985,0.15,0.15,True,True,6,1.0,Heart failure,1.0,-4.670939000000004,2692,32684701.0,49027.051499998226,2026,2024
230024,SINAI-GRACE HOSPITAL,Sinai-Grace Hospital,DETROIT,MI,5,0.9981,0.19,0.19,True,True,6,3.0,Pneumonia,0.8132700933133985,2.947500000000002,1626,28552005.0,54248.80950000037,2026,2024
230029,TRINITY HEALTH OAKLAND HOSPITAL,Trinity Health Oakland Hospital,PONTIAC,MI,3,0.9943,0.57,0.57,True,True,6,5.0,Heart attack,0.539007735378187,6.746312,4104,56147384.0,320040.0888000022,2026,2024
230036,MYMICHIGAN MEDICAL CENTER ALPENA,Mymichigan Medical Center Alpena,ALPENA,MI,3,0.9996,0.04,0.04,True,True,5,1.0,Hip/knee replacement,1.0,-2.7550910000000033,1155,14075516.0,5630.20639999938,2026,2024
230151,BEAUMONT HOSPITAL - FARMINGTON HILLS,Corewell Health Farmington Hills Hospital,FARMINGTON HILLS,MI,5,0.9975,0.25,0.25,True,True,5,3.0,Pneumonia,0.7867832236519011,1.1250119999999848,2715,36116273.0,90290.68249999807,2026,2024
240075,ESSENTIA HEALTH ST JOSEPH'S MEDICAL CENTER,Essentia Health St Joseph's Medical Center,BRAINERD,MN,3,0.9988,0.12,0.12,True,True,5,4.0,Pneumonia,0.5554444392762453,0.43138500000000085,1195,14470262.0,17364.314399999694,2026,2024
240213,M HEALTH FAIRVIEW WOODWINDS HOSPITAL,M Health Fairview Woodwinds Hospital,WOODBURY,MN,2,0.9983,0.17,0.17,True,True,5,3.0,Pneumonia,0.9194446874908847,0.704681999999994,1272,16185125.0,27514.71250000056,2026,2024
250138,MERIT HEALTH RIVER OAKS,Merit Health River Oaks,FLOWOOD,MS,2,0.9936,0.64,0.64,True,True,6,4.0,Heart attack,0.5354379716241817,1.6441699999999988,1398,17356675.0,111082.71999999933,2026,2024
260027,RESEARCH MEDICAL CENTER,Research Medical Center,KANSAS CITY,MO,4,0.998,0.2,0.2,True,True,6,4.0,Heart bypass surgery (CABG),0.3622183708838818,0.15741100000000052,2579,47624143.0,95248.28600000008,2026,2024
260032,BARNES JEWISH HOSPITAL,Barnes Jewish Hospital,SAINT LOUIS,MO,4,0.9984,0.16,0.16,True,True,6,3.0,Heart failure,0.5544249262115585,10.148738000000003,11661,298281919.0,477251.07040001365,2026,2024
260105,SSM HEALTH SAINT LOUIS UNIVERSITY HOSPITAL,Ssm Health Saint Louis University Hospital,SAINT LOUIS,MO,5,0.9976,0.24,0.24,True,True,5,4.0,Heart failure,0.3167061265527196,5.383565000000004,3184,84602619.0,203046.28559999642,2026,2024
280020,CHI HEALTH ST. ELIZABETH,Chi Health St Elizabeth,LINCOLN,NE,3,0.9994,0.06,0.06,True,True,5,2.0,Pneumonia,0.575825696005535,0.3527759999999954,1720,23855920.0,14313.552000001073,2026,2024
290001,RENOWN REGIONAL MEDICAL CENTER,Renown Regional Medical Center,RENO,NV,1,0.9997,0.03,0.03,True,True,6,1.0,Pneumonia,1.0,-16.757676999999987,8473,141547831.0,42464.34929999532,2026,2024
290041,SUMMERLIN HOSPITAL MEDICAL CENTER,Summerlin Hospital Medical Center,LAS VEGAS,NV,1,0.9889,1.11,1.11,True,True,6,4.0,Pneumonia,0.719749255342335,18.339787000000005,3416,42564329.0,472464.05189999996,2026,2024
290053,SAINT ROSE DOMINICAN HOSPITALS - SAN MARTIN CAMPUS,Saint Rose Dominican Hospitals - San Martin Campus,LAS VEGAS,NV,1,0.9896,1.04,1.04,True,True,6,3.0,Heart bypass surgery (CABG),0.8047667342799192,3.562264000000003,1552,21590238.0,224538.47519999923,2026,2024
310006,ST MARY'S GENERAL HOSPITAL,St Mary's General Hospital,PASSAIC,NJ,5,0.9922,0.78,0.78,True,True,6,3.0,Heart failure,0.8605800494212514,7.356454,1092,19373416.0,151112.64480000056,2026,2024
310050,SAINT CLARE'S HOSPITAL/ DENVILLE CAMPUS,Saint Clare's Hospital,DENVILLE,NJ,1,0.9876,1.24,1.24,True,True,5,4.0,Heart failure,0.6177457338840813,24.387557,3814,48719960.0,604127.5039999983,2026,2024
310083,CAREWELL HEALTH MEDICAL CENTER,Carewell Health Medical Center,EAST ORANGE,NJ,5,0.9876,1.24,1.24,True,True,5,2.0,Pneumonia,0.9088323195797956,3.7169860000000017,385,5807039.0,72007.2835999998,2026,2024
320022,PLAINS REGIONAL MEDICAL CENTER,Plains Regional Medical Center,CLOVIS,NM,4,0.9996,0.04,0.04,True,True,4,1.0,Hip/knee replacement,1.0,-0.5065879999999987,752,7735684.0,3094.2735999996594,2026,2024
330030,NEWARK-WAYNE COMMUNITY HOSPITAL,Newark-Wayne Community Hospital,NEWARK,NY,5,0.9897,1.03,1.03,True,True,5,3.0,Pneumonia,0.8677888315213588,5.200190999999996,883,9058940.0,93307.08199999978,2026,2024
330057,ST PETER'S HOSPITAL,St Peter's Hospital,ALBANY,NY,3,0.9899,1.01,1.01,True,True,6,4.0,Pneumonia,0.40491155650254734,31.143330000000013,5802,87652433.0,885289.5732999998,2026,2024
330158,GOOD SAMARITAN HOSPITAL OF SUFFERN,Good Samaritan Hospital Of Suffern,SUFFERN,NY,4,0.9869,1.31,1.31,True,True,6,4.0,Pneumonia,0.605648133559702,32.318740000000005,4150,61798964.0,809566.4284,2026,2024
330181,NORTHWELL HOSPITAL GLEN COVE,Glen Cove Hospital,GLEN COVE,NY,3,0.9998,0.02,0.02,True,True,4,2.0,Heart attack,0.8676727145847897,-10.325492000000004,1856,26472941.0,5294.588199999417,2026,2024
330188,MOUNT ST. MARY'S HOSPITAL & HEALTH CENTER,Mount St Mary's Hospital And Health Center,LEWISTON,NY,4,0.9924,0.76,0.76,True,True,5,3.0,Pneumonia,0.851055342815463,2.5264400000000005,610,5730638.0,43552.84880000029,2026,2024
330198,MOUNT SINAI SOUTH NASSAU,Mount Sinai South Nassau,OCEANSIDE,NY,5,0.9864,1.36,1.36,True,True,5,3.0,Pneumonia,0.9549535531454711,33.272317000000015,6328,106522933.0,1448711.8887999943,2026,2024
330215,"ROME MEMORIAL HOSPITAL, INC","Rome Memorial Hospital, Inc",ROME,NY,5,0.9987,0.13,0.13,True,True,5,3.0,Pneumonia,0.6266263788270399,1.1160140000000012,889,11629719.0,15118.634699999626,2026,2024
330250,THE UNIVERSITY OF VERMONT HEALTH NETWORK  - CHAMPL,The University Of Vermont Health Network  - Champl,PLATTSBURGH,NY,4,0.9963,0.37,0.37,True,True,5,4.0,Heart failure,0.6522791564281927,-2.9642439999999928,2566,39161028.0,144895.80360000144,2026,2024
330276,NATHAN LITTAUER HOSPITAL,Nathan Littauer Hospital,GLOVERSVILLE,NY,5,0.999,0.1,0.1,True,True,5,1.0,COPD,1.0,-0.46877599999999936,499,5985198.0,5985.198000000005,2026,2024
340091,"MOSES H. CONE MEMORIAL HOSPITAL, THE",Cone Health,GREENSBORO,NC,3,0.9988,0.12,0.12,True,True,6,2.0,Hip/knee replacement,0.6946280485313949,-29.350845000000014,6141,82544206.0,99053.04719999825,2026,2024
340145,ATRIUM HEALTH LINCOLN,Atrium Health Lincoln,LINCOLNTON,NC,3,0.9967,0.33,0.33,True,True,5,2.0,Heart failure,0.799712716910317,1.5939380000000012,1203,13056597.0,43086.7700999996,2026,2024
340155,DUKE REGIONAL HOSPITAL,Duke Regional Hospital,DURHAM,NC,4,0.9979,0.21,0.21,True,True,6,3.0,Heart bypass surgery (CABG),0.5058191992563087,-1.5151079999999975,2977,35378647.0,74295.15869999968,2026,2024
340183,NOVANT HEALTH HUNTERSVILLE MEDICAL CENTER,Novant Health Huntersville Medical Center,HUNTERSVILLE,NC,1,0.9982,0.18,0.18,True,True,5,1.0,Heart failure,1.0,0.07596900000000262,2155,19567915.0,35222.24700000047,2026,2024
360010,UNION HOSPITAL,Union Hospital,DOVER,OH,4,0.9979,0.21,0.21,True,True,5,1.0,COPD,1.0,-1.7008069999999964,883,8807910.0,18496.610999999917,2026,2024
360121,COMMUNITY HOSPITALS AND WELLNESS CENTERS,Community Hospitals And Wellness Centers,BRYAN,OH,2,0.9974,0.26,0.26,True,True,5,3.0,Heart failure,0.6869250762798043,0.3666959999999989,476,5443337.0,14152.676200000255,2026,2024
360133,KETTERING HEALTH DAYTON,Kettering Health Dayton,DAYTON,OH,4,0.9918,0.82,0.82,True,True,6,5.0,Heart attack,0.4950733740383158,3.6634639999999954,2518,34252589.0,280871.2297999995,2026,2024
360150,SUMMA WESTERN RESERVE HOSPITAL,Summa Western Reserve Hospital,CUYAHOGA FALLS,OH,3,0.9978,0.22,0.22,True,True,4,3.0,Pneumonia,0.42226342933302546,0.8323230000000015,644,7963515.0,17519.73299999984,2026,2024
360354,WEST CHESTER HOSPITAL,"West Chester Hospital, Llc",WEST CHESTER,OH,2,0.99,1.0,1.0,True,True,5,3.0,Heart failure,0.9695935642396375,14.192924,2728,23354226.0,233542.2600000002,2026,2024
370097,SOUTHWESTERN MEDICAL CENTER,Southwestern Medical Center,LAWTON,OK,4,0.9968,0.32,0.32,True,True,5,1.0,Heart failure,1.0,0.7308430000000019,592,4558871.0,14588.387199999912,2026,2024
380090,BAY AREA HOSPITAL,Bay Area Hospital,COOS BAY,OR,4,0.9957,0.43,0.43,True,True,5,4.0,Heart failure,0.5943936610272657,2.157467,2596,41983925.0,180530.87749999875,2026,2024
390050,ALLEGHENY GENERAL HOSPITAL,Allegheny General Hospital,PITTSBURGH,PA,3,0.9979,0.21,0.21,True,True,6,5.0,Heart bypass surgery (CABG),0.6680551119827636,0.9481470000000001,4217,87654388.0,184074.2147999992,2026,2024
390057,ST LUKE'S HOSPITAL - GRAND VIEW CAMPUS,Grand View Health,SELLERSVILLE,PA,1,0.9975,0.25,0.25,True,True,5,2.0,Pneumonia,0.8341479509234462,-1.8178970000000008,3223,29700577.0,74251.44249999842,2026,2024
390090,WEST PENN HOSPITAL,West Penn Hospital,PITTSBURGH,PA,3,0.9997,0.03,0.03,True,True,4,1.0,Pneumonia,1.0,0.1322370000000007,1162,21252460.0,6375.737999999298,2026,2024
390097,HOLY REDEEMER HOSPITAL AND MEDICAL CENTER,Holy Redeemer Hospital And Medical Center,MEADOWBROOK,PA,4,0.9925,0.75,0.75,True,True,5,3.0,Hip/knee replacement,0.46934563865923173,4.538502999999999,2473,22318019.0,167385.1424999989,2026,2024
390125,WAYNE MEMORIAL HOSPITAL,Wayne Memorial Hospital,HONESDALE,PA,2,0.9967,0.33,0.33,True,True,5,1.0,Hip/knee replacement,1.0,-2.472997000000001,1098,11399199.0,37617.356699999655,2026,2024
390127,PHOENIXVILLE HOSPITAL,Phoenixville Hospital,PHOENIXVILLE,PA,2,0.9837,1.63,1.63,True,True,6,4.0,Pneumonia,0.3468835378066507,15.629855,2152,22491575.0,366612.6724999996,2026,2024
390156,MERCY CATHOLIC MEDICAL CENTER- MERCY FITZGERALD,Mercy Catholic Medical Center- Mercy Fitzgerald,DARBY,PA,5,0.9946,0.54,0.54,True,True,6,3.0,Heart failure,0.61301246912191,5.940903000000003,1423,22284541.0,120336.52139999911,2026,2024
390178,UPMC HORIZON,Upmc Horizon,GREENVILLE,PA,3,0.9967,0.33,0.33,True,True,5,3.0,Hip/knee replacement,0.47962562152676186,0.12485800000000183,752,5867141.0,19361.56529999982,2026,2024
390183,ST LUKE'S MINERS MEMORIAL HOSPITAL,St Luke's Miners Memorial Hospital,COALDALE,PA,4,0.9931,0.69,0.69,True,True,5,2.0,Heart failure,0.9111158757053495,3.2898029999999974,863,8843511.0,61020.22590000015,2026,2024
390195,MAIN LINE HOSPITAL LANKENAU,Lankenau Medical Center,WYNNEWOOD,PA,4,0.9972,0.28,0.28,True,True,6,3.0,Pneumonia,0.6027110993466052,-10.563857999999993,5708,101545345.0,284326.9660000025,2026,2024
390225,WELLSPAN EPHRATA COMMUNITY HOSPITAL,Wellspan Ephrata Community Hospital,EPHRATA,PA,1,0.9999,0.01,0.01,True,True,5,1.0,COPD,1.0,-8.900128,1480,15227394.0,1522.7393999998324,2026,2024
410005,OUR LADY OF FATIMA HOSPITAL,Our Lady Of Fatima Hospital,NORTH PROVIDENCE,RI,4,0.9958,0.42,0.42,True,True,5,2.0,Hip/knee replacement,0.9003844809507164,-0.9019219999999999,742,8600419.0,36121.75979999984,2026,2024
420005,MCLEOD MEDICAL CENTER - DILLON,Mcleod Medical Center - Dillon,DILLON,SC,5,0.9923,0.77,0.77,True,True,5,2.0,Pneumonia,0.659357401618345,2.2571269999999988,387,4104143.0,31601.901100000166,2026,2024
440002,JACKSON-MADISON COUNTY GENERAL HOSPITAL,Jackson-Madison County General Hospital,JACKSON,TN,4,0.9986,0.14,0.14,True,True,6,2.0,Heart attack,0.6891887111494741,-19.09843099999999,7302,95381775.0,133534.48499999588,2026,2024
440016,BAPTIST MEMORIAL HOSPITAL - CARROLL COUNTY,Baptist Memorial Hospital - Carroll County,HUNTINGDON,TN,4,0.991,0.9,0.9,True,True,4,1.0,Pneumonia,1.0,1.3435619999999988,403,4037245.0,36335.20500000003,2026,2024
440034,METHODIST MEDICAL CENTER OF OAK RIDGE,Methodist Medical Center Of Oak Ridge,OAK RIDGE,TN,2,0.9948,0.52,0.52,True,True,6,4.0,Heart failure,0.4445278991899727,4.170808999999995,1961,19693066.0,102403.94319999966,2026,2024
440175,SOUTHERN TENNESSEE REGIONAL HEALTH SYSTEM LAWRENCE,Southern Tennessee Regional Health System Lawrence,LAWRENCEBURG,TN,4,0.9995,0.05,0.05,True,True,5,1.0,Heart failure,1.0,-0.6025880000000017,491,4253131.0,2126.565499999766,2026,2024
450007,PETERSON REGIONAL MEDICAL CENTER,Peterson Regional Medical Center,KERRVILLE,TX,1,0.9994,0.06,0.06,True,True,5,2.0,Heart attack,0.7848518111964847,-3.7957140000000007,1790,16989296.0,10193.577600000763,2026,2024
450033,VHS HARLINGEN HOSPITAL COMPANY LLC,Vhs Harlingen Hospital Company Llc,HARLINGEN,TX,4,0.9917,0.83,0.83,True,True,6,2.0,Pneumonia,0.7397109000207569,4.33987500000001,2091,27960973.0,232076.07589999927,2026,2024
450034,CHRISTUS SOUTHEAST TEXAS- ST ELIZABETH,Christus Southeast Texas- St Elizabeth,BEAUMONT,TX,2,0.9934,0.66,0.66,True,True,6,2.0,Heart attack,0.6871276543058819,2.284252999999994,3222,42017336.0,277314.41760000214,2026,2024
450119,SOUTH TEXAS HEALTH SYSTEM,South Texas Health System Behavioral,EDINBURG,TX,5,0.9956,0.44,0.44,True,True,6,3.0,Pneumonia,0.7035025823975708,9.112285999999985,2566,40188937.0,176831.32279999836,2026,2024
450573,CHRISTUS JASPER MEMORIAL HOSPITAL,Christus Jasper Memorial Hospital,JASPER,TX,3,0.9993,0.07,0.07,True,True,3,2.0,Heart failure,0.9426609952551431,,191,2778646.0,1945.0522000000942,2026,2024
450610,MEMORIAL HERMANN MEMORIAL CITY HOSPITAL,Memorial Hermann Memorial City Medical Center,HOUSTON,TX,1,0.9997,0.03,0.03,True,True,6,1.0,Heart attack,1.0,-16.154455000000016,3386,61072654.0,18321.79619999798,2026,2024
450651,MEDICAL CITY PLANO,Medical City Plano,PLANO,TX,1,0.9991,0.09,0.09,True,True,6,3.0,Hip/knee replacement,0.8603802573458801,-1.795734999999993,6408,103408156.0,93067.34040000124,2026,2024
450713,ST DAVID'S SOUTH AUSTIN MEDICAL CENTER,St David's South Austin Medical Center,AUSTIN,TX,1,0.9976,0.24,0.24,True,True,6,4.0,Heart attack,0.5100417376800981,-7.398539999999982,4876,65052737.0,156126.56879999724,2026,2024
450851,BAYLOR SCOTT & WHITE HEART & VASCULAR HOSPITAL - DALLAS,Baylor Scott And White Heart And Vascular Hospital,DALLAS,TX,1,0.9944,0.56,0.56,True,True,3,1.0,Heart attack,1.0,1.131311999999998,1200,22995435.0,128774.43600000114,2026,2024
460021,ST. GEORGE REGIONAL HOSPITAL,St George Regional Hospital,ST GEORGE,UT,1,0.9995,0.05,0.05,True,True,6,1.0,Hip/knee replacement,1.0,-29.45462900000001,5258,82361437.0,41180.71849999546,2026,2024
470003,UNIV. OF VERMONT - FLETCHER ALLEN HEALTH CARE,University Of Vermont Medical Center,BURLINGTON,VT,3,0.9997,0.03,0.03,True,True,6,1.0,Hip/knee replacement,1.0,-16.70939500000001,6645,80093669.0,24028.100699997354,2026,2024
490037,RIVERSIDE SHORE MEMORIAL HOSPITAL,Riverside Shore Memorial Hospital,ONANCOCK,VA,4,0.9986,0.14,0.14,True,True,4,2.0,Pneumonia,0.9797494780793269,0.35993300000000505,646,6314984.0,8840.977599999727,2026,2024
490052,RIVERSIDE REGIONAL MEDICAL CENTER,Riverside Regional Medical Center,NEWPORT NEWS,VA,2,0.9997,0.03,0.03,True,True,5,1.0,COPD,1.0,-13.19556599999999,6279,82474615.0,24742.384499997275,2026,2024
490057,SENTARA VIRGINIA BEACH GENERAL HOSPITAL,Sentara Virginia Beach General Hospital,VIRGINIA BEACH,VA,1,0.9955,0.45,0.45,True,True,6,4.0,Heart failure,0.6723503773785479,1.8687140000000149,5557,59064509.0,265790.290499997,2026,2024
490069,BON SECOURS MEMORIAL REGIONAL MEDICAL CENTER,Bon Secours Memorial Regional Medical Center,MECHANICSVILLE,VA,1,0.9982,0.18,0.18,True,True,6,2.0,Heart failure,0.9274811198820725,0.13087099999998963,5264,62157154.0,111882.87720000147,2026,2024
490117,CARILION TAZEWELL COMMUNITY HOSPITAL,Carilion Tazewell Community Hospital,TAZEWELL,VA,4,0.9978,0.22,0.22,True,True,4,1.0,Pneumonia,1.0,,206,1846620.0,4062.5639999999626,2026,2024
500019,PROVIDENCE CENTRALIA HOSPITAL,Providence Centralia Hospital,CENTRALIA,WA,3,0.9983,0.17,0.17,True,True,5,2.0,Heart failure,0.9920147420147419,0.26695399999999647,1108,13848341.0,23542.17970000048,2026,2024
500088,VALLEY MEDICAL CENTER,Valley Medical Center,RENTON,WA,4,0.9998,0.02,0.02,True,True,5,1.0,COPD,1.0,-0.9912499999999982,3196,45196652.0,9039.330399999004,2026,2024
520088,SSM HEALTH ST AGNES HOSPITAL-FOND DU LAC,Ssm Health St Agnes Hospital-Fond Du Lac,FOND DU LAC,WI,4,0.9982,0.18,0.18,True,True,6,3.0,Heart bypass surgery (CABG),0.5537709162391526,-3.4698240000000022,1244,15743528.0,28338.350400000374,2026,2024
670136,BAYLOR SCOTT & WHITE MEDICAL CENTER- AUSTIN,Baylor Scott & White Medical Center- Austin,AUSTIN,TX,1,0.9989,0.11,0.11,True,True,4,1.0,Pneumonia,1.0,,152,1168725.0,1285.5974999999883,2026,2024
010090,"USA HEALTH HCA PROVIDENCE HOSPITAL, LLC",Providence Hospital,MOBILE,AL,1,0.9927,0.73,0.73,True,True,6,4.0,Pneumonia,0.4786350319439422,5.372346999999999,2283,25889052.0,188990.0795999993,2026,2024
010164,COOSA VALLEY MEDICAL CENTER,Coosa Valley Medical Center,SYLACAUGA,AL,3,0.9904,0.96,0.96,True,True,5,2.0,Pneumonia,0.8894146715532208,2.171227999999999,506,4151008.0,39849.67680000022,2026,2024
030119,MERCY GILBERT MEDICAL CENTER,Mercy Gilbert Medical Center,GILBERT,AZ,2,0.996,0.4,0.4,True,True,6,3.0,Heart failure,0.6848227478558111,6.9275679999999955,3983,41874397.0,167497.58800000013,2026,2024
040007,CHI-ST VINCENT INFIRMARY,Chi St Vincent Infirmary,LITTLE ROCK,AR,2,0.999,0.1,0.1,True,True,6,2.0,Heart failure,0.5476006191950452,-2.9920169999999957,4181,72172889.0,72172.88900000007,2026,2024
040050,OUACHITA COUNTY MEDICAL CENTER,Ouachita County Medical Center,CAMDEN,AR,4,0.9964,0.36,0.36,True,True,5,2.0,Pneumonia,0.9554961846525313,0.4800119999999994,267,2498569.0,8994.848400000119,2026,2024
050008,CALIFORNIA PACIFIC MEDICAL CTR-DAVIES CAMPUS HOSP,California Pacific Medical Ctr-Davies Campus Hosp,SAN FRANCISCO,CA,5,1.0,0.0,0.0,True,False,5,1.0,Heart failure,1.0,0.2556699999999983,1077,20041538.0,0.0,2026,2024
050057,KAWEAH HEALTH MEDICAL CENTER,Kaweah Health Medical Center,VISALIA,CA,5,0.9978,0.22,0.22,True,True,6,2.0,Heart bypass surgery (CABG),0.9703113179081043,-8.246432999999987,5235,98697501.0,217134.502199998,2026,2024
050099,SAN ANTONIO REGIONAL HOSPITAL,San Antonio Regional Hospital,UPLAND,CA,5,0.9995,0.05,0.05,True,True,6,1.0,Pneumonia,1.0,-0.7524970000000026,3298,52028634.0,26014.316999997136,2026,2024
050291,SUTTER SANTA ROSA REGIONAL HOSPITAL,Sutter Santa Rosa Regional Hospital,SANTA ROSA,CA,4,0.9994,0.06,0.06,True,True,6,1.0,Hip/knee replacement,1.0,-3.620146000000011,2958,62946185.0,37767.711000002826,2026,2024
050740,CEDAR-SINAI MARINA DEL REY HOSPITAL,Cedar-Sinai Marina Del Rey Hospital,MARINA DEL REY,CA,5,0.998,0.2,0.2,True,True,5,2.0,Pneumonia,0.9920143770199567,2.4760009999999926,1588,26502804.0,53005.608000000044,2026,2024
050746,ORANGE COUNTY GLOBAL MEDICAL CENTER,Orange County Global Medical Center,SANTA ANA,CA,5,0.9985,0.15,0.15,True,True,6,2.0,Heart attack,0.6890743375764358,0.2517159999999956,1279,26440746.0,39661.118999998565,2026,2024
050777,KAISER FOUNDATION HOSPITAL - SAN LEANDRO,Kaiser Foundation Hospital - San Leandro,SAN LEANDRO,CA,3,0.9996,0.04,0.04,True,True,5,1.0,Heart failure,1.0,,417,7179018.0,2871.607199999684,2026,2024
060020,"PARKVIEW MEDICAL CENTER, INC","Parkview Medical Center, Inc",PUEBLO,CO,4,0.9989,0.11,0.11,True,True,6,2.0,Heart bypass surgery (CABG),0.5302865433442142,-10.668892999999999,2764,39042532.0,42946.785199999606,2026,2024
070035,THE HOSPITAL OF CENTRAL CONNECTICUT,"Hospital Of Central Connecticut, The",NEW BRITAIN,CT,3,0.9986,0.14,0.14,True,True,5,3.0,Pneumonia,0.7685486776935421,0.6353669999999905,2692,40529247.0,56740.94579999825,2026,2024
090004,MEDSTAR GEORGETOWN UNIVERSITY HOSPITAL,Medstar Georgetown University Hospital,WASHINGTON,DC,3,0.9998,0.02,0.02,True,True,5,1.0,Hip/knee replacement,1.0,-3.4868240000000044,4921,132998946.0,26599.78919999707,2026,2024
100032,ORLANDO HEALTH BAYFRONT HOSPITAL,Orlando Health Bayfront Hospital,SAINT PETERSBURG,FL,3,0.9979,0.21,0.21,True,True,6,4.0,Pneumonia,0.4823796136755236,0.5377799999999978,2423,35280144.0,74088.30239999968,2026,2024
100040,ASCENSION ST VINCENT'S RIVERSIDE,Ascension St Vincent's Riverside,JACKSONVILLE,FL,2,0.9943,0.57,0.57,True,True,6,4.0,Heart bypass surgery (CABG),0.4828376015598519,-0.13989300000001137,3586,53361245.0,304159.096500002,2026,2024
100049,HCA FLORIDA HIGHLANDS HOSPITAL,Hca Florida Highlands Hospital,SEBRING,FL,2,0.9933,0.67,0.67,True,True,5,3.0,Pneumonia,0.8228176889238787,4.264492999999997,999,10573386.0,70841.68620000042,2026,2024
100051,ORLANDO HEALTH SOUTH LAKE HOSPITAL,Orlando Health South Lake Hospital,CLERMONT,FL,1,0.9896,1.04,1.04,True,True,5,3.0,Hip/knee replacement,0.6097050273424003,6.796446000000011,4246,42501134.0,442011.7935999985,2026,2024
100052,WINTER HAVEN HOSPITAL,Winter Haven Hospital,WINTER HAVEN,FL,3,0.9898,1.02,1.02,True,True,6,4.0,Pneumonia,0.4163705452459111,17.80680600000001,3612,42794086.0,436499.67719999945,2026,2024
100140,BAPTIST MEDICAL CENTER - NASSAU,Baptist Medical Center - Nassau,FERNANDINA BEACH,FL,1,0.9979,0.21,0.21,True,True,5,1.0,Heart failure,1.0,-0.8753280000000012,1369,12388859.0,26016.603899999885,2026,2024
100204,HCA FLORIDA NORTH FLORIDA HOSPITAL,Hca Florida North Florida Hospital,GAINESVILLE,FL,2,0.998,0.2,0.19,True,True,6,4.0,Heart attack,0.48739819910697024,2.729951999999982,8233,111112878.0,222225.7560000002,2026,2024
100212,MARION COMMUNTIY HOSPITAL,Hca Florida Ocala Hospital,OCALA,FL,1,0.986,1.4,1.4,True,True,6,5.0,Pneumonia,0.3908067421248367,63.07650799999999,9310,116140289.0,1625964.0460000015,2026,2024
100226,HCA FLORIDA ORANGE PARK HOSPITAL,Hca Florida Orange Park Hospital,ORANGE PARK,FL,3,0.9963,0.37,0.37,True,True,6,3.0,Hip/knee replacement,0.5292037783976029,-9.977217000000016,3829,57981897.0,214533.01890000212,2026,2024
100242,HCA FLORIDA GULF COAST HOSPITAL,Hca Florida Gulf Coast Hospital,PANAMA CITY,FL,2,0.9966,0.34,0.34,True,True,5,3.0,Hip/knee replacement,0.7124770924157393,-1.2516490000000078,3737,43009280.0,146231.55199999822,2026,2024
100259,HCA FLORIDA SOUTH SHORE HOSPITAL,Hca Florida South Shore Hospital,SUN CITY CENTER,FL,1,0.9895,1.05,1.04,True,True,5,5.0,Heart failure,0.47550433073624365,10.153725000000005,2132,17951131.0,188486.87549999918,2026,2024
110069,EMORY HOUSTON HOSPITAL WARNER ROBINS,Houston Healthcare,WARNER ROBINS,GA,2,0.9922,0.78,0.78,True,True,5,4.0,Pneumonia,0.8519228336025126,5.668134000000008,3245,33162629.0,258668.50620000096,2026,2024
110122,SGMC HEALTH,Sgmc Health,VALDOSTA,GA,3,0.9924,0.76,0.76,True,True,6,4.0,Pneumonia,0.5499401408894438,15.171394999999997,3339,37158186.0,282402.2136000019,2026,2024
110229,"PIEDMONT NEWNAN HOSPITAL, INC","Piedmont Newnan Hospital, Inc",NEWNAN,GA,1,0.9985,0.15,0.15,True,True,5,2.0,Hip/knee replacement,0.9525348414461727,-11.528039999999988,2799,31938436.0,47907.65399999827,2026,2024
110237,NORTHEAST GEORGIA MEDICAL CENTER LUMPKIN,Northeast Georgia Medical Center Lumpkin,DAHLONEGA,GA,2,0.9996,0.04,0.04,True,True,3,1.0,Heart failure,1.0,,283,2544102.0,1017.6407999998879,2026,2024
120001,THE QUEENS MEDICAL CENTER,The Queens Medical Center,HONOLULU,HI,5,0.9977,0.23,0.23,True,True,6,4.0,Pneumonia,0.5006835470641025,-4.507188000000001,6748,127038771.0,292189.173299996,2026,2024
140043,CGH MEDICAL CENTER,Cgh Medical Center,STERLING,IL,4,0.9889,1.11,1.11,True,True,5,3.0,Pneumonia,0.4562573775542347,5.686376000000003,1451,14910996.0,165512.0556,2026,2024
140052,OSF SAINT ANTHONY'S HEALTH CENTER,Osf Saint Anthony's Health Center,ALTON,IL,5,0.9997,0.03,0.03,True,True,5,1.0,Heart attack,1.0,-1.0467979999999992,725,7112498.0,2133.749399999765,2026,2024
140059,JERSEY COMMUNITY HOSPITAL,Jersey Community Hospital,JERSEYVILLE,IL,4,0.9957,0.43,0.44,True,True,5,2.0,Hip/knee replacement,0.5154335329182324,-0.6995460000000022,340,3126688.0,13444.758399999908,2026,2024
140062,PALOS COMMUNITY HOSPITAL,Palos Community Hospital,PALOS HEIGHTS,IL,2,0.9867,1.33,1.33,True,True,6,5.0,Pneumonia,0.40500403807784635,49.18239899999995,8075,84526501.0,1124202.463299998,2026,2024
140065,UCHICAGO MEDICINE ADVENTHEALTH LA GRANGE,Uchicago Medicine Adventhealth La Grange,LA GRANGE,IL,2,0.9963,0.37,0.37,True,True,6,2.0,Hip/knee replacement,0.9077502353310312,-4.425647000000011,2962,31114374.0,115123.18380000113,2026,2024
140093,OSF SACRED HEART MEDICAL CENTER,Osf Sacred Heart Medical Center,DANVILLE,IL,5,0.9923,0.77,0.77,True,True,5,3.0,Heart failure,0.6723236978040789,5.346935999999992,806,6770643.0,52133.951100000275,2026,2024
140122,UCHICAGO MEDICINE ADVENTHEALTH HINSDALE,Uchicago Medicine Adventhealth Hinsdale,HINSDALE,IL,1,0.9999,0.01,0.01,True,True,5,1.0,COPD,1.0,-6.784411999999997,2722,36649222.0,3664.922199999596,2026,2024
150021,PARKVIEW REGIONAL MEDICAL CENTER,Parkview Regional Medical Center,FORT WAYNE,IN,3,0.9979,0.21,0.21,True,True,6,3.0,Heart failure,0.3658305508798074,-11.69062200000001,7634,98792591.0,207464.4410999991,2026,2024
150034,ST MARY MEDICAL CENTER INC,St Mary Medical Center Inc,HOBART,IN,2,0.9954,0.46,0.46,True,True,6,3.0,Heart bypass surgery (CABG),0.7593444447723813,-1.6763990000000235,2900,31404833.0,144462.23180000152,2026,2024
150035,NORTHWEST HEALTH - PORTER,Northwest Health- Porter,VALPARAISO,IN,2,0.9943,0.57,0.57,True,True,6,2.0,Heart failure,0.6992380643592444,6.571031999999986,3643,45010159.0,256557.90630000172,2026,2024
150046,TERRE HAUTE REGIONAL HOSPITAL,Terre Haute Regional Hospital,TERRE HAUTE,IN,4,0.9881,1.19,1.19,True,True,6,5.0,Pneumonia,0.34756949497889683,7.2520569999999935,1033,11538104.0,137303.43760000024,2026,2024
150048,REID HEALTH,Reid Health,RICHMOND,IN,4,0.995,0.5,0.5,True,True,6,3.0,Pneumonia,0.5061936774201005,-1.6553710000000288,4064,53332888.0,266664.44000000024,2026,2024
170020,HUTCHINSON REGIONAL MEDICAL CENTER INC,Hutchinson Regional Medical Center Inc,HUTCHINSON,KS,2,0.9983,0.17,0.17,True,True,6,3.0,Hip/knee replacement,0.5340577789557379,-12.065255000000006,1875,25087197.0,42648.234900000876,2026,2024
170182,MENORAH MEDICAL CENTER,Menorah Medical Center,OVERLAND PARK,KS,1,0.9845,1.55,1.55,True,True,6,3.0,Hip/knee replacement,0.951951499457736,6.794618000000004,2883,33078443.0,512715.8664999986,2026,2024
180002,WHITESBURG ARH HOSPITAL,Whitesburg Arh Hospital,WHITESBURG,KY,4,0.9978,0.22,0.22,True,True,4,2.0,COPD,0.6981904012588527,0.19709600000000072,398,3195939.0,7031.065799999936,2026,2024
180004,OWENSBORO HEALTH MUHLENBERG COMMUNITY HOSPITAL,Owensboro Health Muhlenberg Community Hospital,GREENVILLE,KY,3,0.9978,0.22,0.22,True,True,5,2.0,Heart failure,0.7294403808849004,0.004462000000001409,455,4201672.0,9243.678399999915,2026,2024
180040,UOFL HEALTH - JEWISH HOSPITAL and Mary & Elizabeth Hospital,Uofl Health - Jewish Hospital,LOUISVILLE,KY,3,0.9948,0.52,0.52,True,True,6,3.0,Heart failure,0.7558358706684061,12.11939000000001,5207,78782594.0,409669.4887999986,2026,2024
180070,OWENSBORO HEALTH TWIN LAKES MEDICAL CENTER,Owensboro Health Twin Lakes Medical Center,LEITCHFIELD,KY,3,0.9965,0.35,0.35,True,True,5,2.0,Heart failure,0.9112776582220645,-0.4875389999999963,347,3090811.0,10817.838499999838,2026,2024
180093,BAPTIST HEALTH DEACONESS MADISONVILLE,Baptist Health Deaconess Madisonville,MADISONVILLE,KY,3,0.9997,0.03,0.03,True,True,6,3.0,COPD,0.5879063264592753,-5.664138000000005,1489,18920968.0,5676.290399999375,2026,2024
180143,SAINT JOSEPH EAST,Chi Saint Joseph East,LEXINGTON,KY,2,0.98,2.0,2.0,True,True,5,3.0,Hip/knee replacement,0.7785888663761901,3.638525999999998,497,5044809.0,100896.1800000001,2026,2024
190002,OCHSNER LAFAYETTE GENERAL MEDICAL CENTER,Ochsner Lafayette General Medical Center,LAFAYETTE,LA,3,0.9916,0.84,0.84,True,True,6,2.0,Heart bypass surgery (CABG),0.8592122611364118,-1.8999120000000058,5626,66215318.0,556208.6711999975,2026,2024
190102,"OUR LADY OF LOURDES REGIONAL MEDICAL CENTER, INC","Our Lady Of Lourdes Regional Medical Center, Inc",LAFAYETTE,LA,3,0.9933,0.67,0.67,True,True,6,4.0,Heart bypass surgery (CABG),0.5138489404821368,5.77007699999998,5363,59148550.0,396295.2850000023,2026,2024
220052,SIGNATURE HEALTHCARE BROCKTON HOSPITAL,Signature Healthcare Brockton Hospital,BROCKTON,MA,5,0.9984,0.16,0.16,True,True,5,1.0,COPD,1.0,1.1023660000000022,815,10985029.0,17576.046400000505,2026,2024
220163,UMASS MEMORIAL MEDICAL CENTER/UNIVERSITY CAMPUS,Umass Memorial Medical Center Inc,WORCESTER,MA,5,0.9981,0.19,0.18,True,True,6,4.0,Heart bypass surgery (CABG),0.7066595176495691,-2.499416999999999,10335,235855589.0,448125.61910000304,2026,2024
220171,"LAHEY HOSPITAL & MEDICAL CENTER, BURLINGTON","Lahey Hospital & Medical Center, Burlington",BURLINGTON,MA,2,0.996,0.4,0.4,True,True,6,5.0,Hip/knee replacement,0.38648416329147095,-6.43601599999997,9241,182951870.0,731807.4800000007,2026,2024
230019,"ASCENSION PROVIDENCE HOSPITAL, SOUTHFIELD AND NOVI",Ascension Providence Hospital,SOUTHFIELD,MI,3,0.9992,0.08,0.08,True,True,6,1.0,Heart failure,1.0,-5.228315000000025,6582,89341966.0,71473.57280000205,2026,2024
230053,HENRY FORD HEALTH HOSPITAL,Henry Ford Health Hospital,DETROIT,MI,5,0.9974,0.26,0.26,True,True,6,3.0,Heart failure,0.5409023283353884,11.687283000000013,5305,124317568.0,323225.67680000584,2026,2024
230054,UPHS MARQUETTE DLP HOSPITAL,Up Health System - Marquette,MARQUETTE,MI,3,0.9972,0.28,0.28,True,True,6,1.0,Heart bypass surgery (CABG),1.0,-9.829870999999997,1708,31477727.0,88137.63560000078,2026,2024
230059,MERCY HEALTH SAINT MARY'S,Trinity Health Grand Rapids Hospital,GRAND RAPIDS,MI,4,0.999,0.1,0.1,True,True,5,4.0,COPD,0.3495334222052951,-0.6716760000000012,2166,28971168.0,28971.168000000027,2026,2024
230081,MUNSON HEALTHCARE CADILLAC HOSPITAL,Munson Healthcare Cadillac Hospital,CADILLAC,MI,4,0.9997,0.03,0.03,True,True,5,1.0,Pneumonia,1.0,-1.8326239999999971,625,6963132.0,2088.93959999977,2026,2024
230089,BEAUMONT HOSPITAL - GROSSE POINTE,Corewell Health Beaumont Grosse Pointe Hospital,GROSSE POINTE,MI,4,0.9911,0.89,0.89,True,True,6,4.0,Heart failure,0.5093599092740408,8.711829000000002,2229,21979855.0,195620.7095000004,2026,2024
230176,COREWELL HEALTH TRENTON HOSPITAL,Corewell Health Trenton Hospital,TRENTON,MI,2,0.9896,1.04,1.04,True,True,5,3.0,Pneumonia,0.8234437892673078,12.131405000000015,2303,22347032.0,232409.1327999992,2026,2024
230239,CHIPPEWA COUNTY WAR MEMORIAL HOSPITAL,Mymichigan Medical Center-Sault,SAULT STE MARIE,MI,4,0.992,0.8,0.8,True,True,5,1.0,Pneumonia,1.0,1.571660999999999,328,5001599.0,40012.79200000004,2026,2024
230254,ASCENSION PROVIDENCE ROCHESTER HOSPITAL,Henry Ford Health Rochester Hospital,ROCHESTER,MI,1,0.9972,0.28,0.28,True,True,6,2.0,Hip/knee replacement,0.5940127978590182,0.11534500000000408,2573,31039025.0,86909.27000000076,2026,2024
240001,NORTH MEMORIAL HEALTH HOSPITAL,North Memorial Health,ROBBINSDALE,MN,4,0.9925,0.75,0.75,True,True,6,4.0,Heart failure,0.45883233437174165,16.955562,3791,59080906.0,443106.79499999713,2026,2024
240004,HENNEPIN COUNTY MEDICAL CENTER,Hennepin County Medical Center,MINNEAPOLIS,MN,5,0.9998,0.02,0.02,True,True,6,1.0,COPD,1.0,-0.07456799999999453,1873,46055880.0,9211.175999998986,2026,2024
240030,ALOMERE HEALTH,Alomere Health,ALEXANDRIA,MN,2,0.9992,0.08,0.08,True,True,5,2.0,Pneumonia,0.6423468682306308,-1.3650109999999993,654,9388796.0,7511.036800000215,2026,2024
240043,MAYO CLINIC HEALTH SYSTEM - ALBERT LEA AND AUSTIN,Mayo Clinic Health System Albert Lea And Austin,ALBERT LEA,MN,4,0.9981,0.19,0.19,True,True,5,1.0,Hip/knee replacement,1.0,-6.065275999999997,1010,11520746.0,21889.417400000148,2026,2024
240078,M HEALTH FAIRVIEW SOUTHDALE HOSPITAL,M Health Fairview Southdale Hospital,EDINA,MN,2,0.9992,0.08,0.08,True,True,6,1.0,Hip/knee replacement,1.0,-18.960244999999997,4199,59741159.0,47792.927200001366,2026,2024
240088,CENTRACARE- RICE MEMORIAL HOSPITAL,Centracare- Rice Memorial Hospital,WILLMAR,MN,4,0.9978,0.22,0.22,True,True,5,1.0,Heart failure,1.0,0.2612920000000021,674,8193482.0,18025.660399999833,2026,2024
240106,REGIONS HOSPITAL,Regions Hospital,SAINT PAUL,MN,5,0.9982,0.18,0.18,True,True,6,3.0,Heart bypass surgery (CABG),0.9797089356537572,-8.717003000000005,5637,96834583.0,174302.2494000023,2026,2024
240210,M HEALTH FAIRVIEW ST JOHN'S HOSPITAL,M Health Fairview St John's Hospital,MAPLEWOOD,MN,3,0.9984,0.16,0.16,True,True,6,1.0,Heart failure,1.0,-0.8549930000000119,2650,37923217.0,60677.14720000174,2026,2024
250031,MERIT HEALTH RIVER REGION,Merit Health River Region,VICKSBURG,MS,4,0.9931,0.69,0.69,True,True,6,5.0,Pneumonia,0.43330929064832,2.442535000000001,1277,15921441.0,109857.94290000027,2026,2024
260110,MERCY HOSPITAL SOUTHEAST,Mercy Hospital Southeast,CAPE GIRARDEAU,MO,4,0.9949,0.51,0.51,True,True,6,2.0,Pneumonia,0.5007901970624137,7.339558000000002,2193,27533212.0,140419.38119999983,2026,2024
280009,CHI HEALTH GOOD SAMARITAN,Chi Health Good Samaritan,KEARNEY,NE,2,0.9959,0.41,0.41,True,True,6,3.0,Heart bypass surgery (CABG),0.5059731209556998,2.4045569999999974,1839,25158480.0,103149.7679999998,2026,2024
280023,CHI HEALTH ST. FRANCIS,Chi Health St Francis,GRAND ISLAND,NE,3,0.999,0.1,0.1,True,True,5,2.0,Pneumonia,0.9555520653368921,0.3370059999999959,1165,13911467.0,13911.467000000011,2026,2024
280077,METHODIST FREMONT HEALTH,Methodist Fremont Health,FREMONT,NE,2,0.9972,0.28,0.28,True,True,5,3.0,COPD,0.5418448550273338,0.6110609999999982,896,10461921.0,29293.378800000257,2026,2024
280111,"COLUMBUS COMMUNITY HOSPITAL, INC","Columbus Community Hospital, Inc",COLUMBUS,NE,2,0.999,0.1,0.1,True,True,5,1.0,Pneumonia,1.0,0.21626599999999918,754,9364205.0,9364.205000000009,2026,2024
280132,BELLEVUE MEDICAL CENTER,"Bellevue Medical Center, Llc",BELLEVUE,NE,1,0.9912,0.88,0.88,True,True,6,5.0,Hip/knee replacement,0.47570388452580914,5.216249000000009,1852,15732552.0,138446.45760000046,2026,2024
290058,SAINT ROSE DOMINICAN HOSPITALS - NORTH LAS VEGAS,Dignity Health St Rose Dominican N L V  Campus,NORTH LAS VEGAS,NV,2,0.9943,0.57,0.57,True,True,4,1.0,Pneumonia,1.0,,82,633028.0,3608.2596000000244,2026,2024
310003,PALISADES MEDICAL CENTER,Palisades Medical Center,NORTH BERGEN,NJ,5,0.9939,0.61,0.62,True,True,5,3.0,Heart failure,0.6219914707148164,7.032632000000006,1385,24632645.0,150259.13449999987,2026,2024
310034,RIVERVIEW MEDICAL CENTER,Riverview Medical Center,RED BANK,NJ,1,0.9939,0.61,0.61,True,True,6,4.0,Hip/knee replacement,0.8050914312977998,-4.2491850000000015,4169,48904592.0,298318.0111999997,2026,2024
330024,MOUNT SINAI HOSPITAL,Mount Sinai Hospital,NEW YORK,NY,5,0.9996,0.04,0.04,True,True,6,2.0,Heart attack,0.6988412797481748,-4.477332999999996,11260,369916873.0,147966.7491999837,2026,2024
330115,ONEIDA HEALTH HOSPITAL,Oneida Health,ONEIDA,NY,4,0.9933,0.67,0.68,True,True,5,3.0,Heart failure,0.5395128916553742,1.9152159999999996,548,7449705.0,49913.023500000294,2026,2024
330175,GUTHRIE CORTLAND REGIONAL MEDICAL CENTER,Guthrie Cortland Regional Medical Center,CORTLAND,NY,4,0.9942,0.58,0.58,True,True,5,2.0,Heart failure,0.8225652016451097,3.104202000000003,884,9829053.0,57008.50740000027,2026,2024
330204,BELLEVUE HOSPITAL CENTER,Bellevue Hospital Center,NEW YORK,NY,5,0.9992,0.08,0.09,True,True,6,2.0,Heart failure,0.8439061899269511,1.4552159999999987,1827,75776966.0,60621.57280000173,2026,2024
340070,ALAMANCE REGIONAL MEDICAL CENTER,Alamance Regional Medical Center,BURLINGTON,NC,3,0.9932,0.68,0.68,True,True,5,3.0,Hip/knee replacement,0.7212163426818167,0.8090990000000011,1686,19226405.0,130739.55400000054,2026,2024
340084,ATRIUM HEALTH ANSON,Atrium Health Anson,WADESBORO,NC,5,0.9997,0.03,0.03,True,True,3,1.0,Pneumonia,1.0,,119,1460692.0,438.20759999995175,2026,2024
340132,MARIA PARHAM MEDICAL CENTER,Maria Parham Medical Center,HENDERSON,NC,5,0.9965,0.35,0.35,True,True,5,2.0,COPD,0.726700255389156,2.4661420000000027,711,7952040.0,27832.139999999585,2026,2024
340184,HAYWOOD REGIONAL MEDICAL CENTER,Haywood Regional Medical Center,CLYDE,NC,3,0.9995,0.05,0.05,True,True,5,2.0,Heart attack,0.6126021003500594,-3.426921000000001,1478,14536819.0,7268.409499999199,2026,2024
340188,CAPE FEAR VALLEY HOKE HOSPITAL,Cape Fear Valley Hoke Hospital,RAEFORD,NC,4,0.9938,0.62,0.62,True,True,4,2.0,Pneumonia,0.7240277583717567,0.955495999999999,292,2620291.0,16245.804199999957,2026,2024
350070,ESSENTIA HEALTH,Essentia Health Fargo,FARGO,ND,3,0.9985,0.15,0.15,True,True,6,2.0,Heart bypass surgery (CABG),1.0,-4.6484420000000055,3042,40164339.0,60246.50849999782,2026,2024
360025,FIRELANDS REGIONAL MEDICAL CENTER,Firelands Regional Medical Center,SANDUSKY,OH,2,0.9989,0.11,0.11,True,True,6,2.0,Heart failure,0.5132217180409967,-1.1180750000000002,2351,19205821.0,21126.403099999807,2026,2024
360046,MCCULLOUGH-HYDE MEMORIAL HOSPITAL,Mccullough-Hyde Memorial Hospital,OXFORD,OH,1,0.9914,0.86,0.86,True,True,5,3.0,Pneumonia,0.6500191261047842,1.4271160000000014,416,3176279.0,27315.999400000164,2026,2024
360056,MERCY HEALTH - FAIRFIELD HOSPITAL,Mercy Health - Fairfield Hospital,FAIRFIELD,OH,3,0.9954,0.46,0.46,True,True,6,4.0,Pneumonia,0.3491950811788685,3.7820099999999957,2487,25532611.0,117450.01060000123,2026,2024
360066,MERCY HEALTH ST RITAS MEDICAL CENTER,Mercy Health-St Rita's Medical Center,LIMA,OH,3,0.9995,0.05,0.05,True,True,6,2.0,Heart bypass surgery (CABG),0.727054383256133,-11.92977599999999,4383,53821269.0,26910.634499997035,2026,2024
360096,EAST LIVERPOOL CITY HOSPITAL,East Liverpool City Hospital,EAST LIVERPOOL,OH,4,0.9876,1.24,1.24,True,True,5,4.0,Pneumonia,0.5048630632233018,7.167814000000009,853,8587546.0,106485.57039999972,2026,2024
370019,GREAT PLAINS REGIONAL MEDICAL CENTER,Great Plains Regional Medical Center,ELK CITY,OK,4,0.9761,2.39,2.39,True,True,4,1.0,Hip/knee replacement,1.0,-0.2015519999999995,294,2959506.0,70732.19340000009,2026,2024
370025,SAINT FRANCIS HOSPITAL MUSKOGEE,Saint Francis Hospital Muskogee,MUSKOGEE,OK,5,0.9897,1.03,1.03,True,True,5,3.0,Hip/knee replacement,0.6846217496960061,8.914277999999987,3048,28803746.0,296678.5837999993,2026,2024
380018,ASANTE ROGUE REGIONAL MEDICAL CENTER,Asante Rogue Regional Medical Center,MEDFORD,OR,3,1.0,0.0,0.0,True,False,6,1.0,COPD,1.0,-26.270023000000002,4225,93387297.0,0.0,2026,2024
380029,LEGACY SILVERTON MEDICAL CENTER,Legacy Silverton Medical Center,SILVERTON,OR,3,0.9996,0.04,0.04,True,True,5,1.0,Pneumonia,1.0,,143,2310102.0,924.0407999998982,2026,2024
390002,UPMC MCKEESPORT HOSPITAL,Upmc Mckeesport,MC KEESPORT,PA,5,0.9998,0.02,0.02,True,True,4,1.0,COPD,1.0,-0.13085499999999908,511,4377890.0,875.5779999999036,2026,2024
390107,UPMC PASSAVANT,Upmc Passavant,PITTSBURGH,PA,1,0.9969,0.31,0.31,True,True,6,4.0,Heart bypass surgery (CABG),0.43791512857703185,-0.5112839999999911,3217,33313529.0,103271.93989999972,2026,2024
390142,JEFFERSON EINSTEIN PHILADELPHIA HOSPITAL,Albert Einstein Medical Center,PHILADELPHIA,PA,5,0.9986,0.14,0.14,True,True,6,4.0,Heart failure,0.4428309562586454,3.588149999999999,2370,50633377.0,70886.72779999781,2026,2024
390180,CROZER CHESTER MEDICAL CENTER,Crozer Chester Medical Center,UPLAND,PA,5,0.9993,0.07,0.07,True,True,6,2.0,Heart failure,0.5273743016759777,0.4462630000000005,2021,34152428.0,23906.69960000116,2026,2024
390333,"AHN EMERUS WESTMORELAND, LLC","Ahn Emerus Westmoreland, Llc",GREENSBURG,PA,1,0.9994,0.06,0.06,True,True,3,1.0,Pneumonia,1.0,,55,390245.0,234.14700000001753,2026,2024
410009,KENT COUNTY MEMORIAL HOSPITAL,Kent County Memorial Hospital,WARWICK,RI,4,0.9945,0.55,0.55,True,True,5,3.0,Heart failure,0.6000170459388058,5.2401640000000125,2826,32625201.0,179438.60549999835,2026,2024
420038,PRISMA HEALTH LAURENS COUNTY HOSPITAL,Prisma Health Laurens County Hospital,CLINTON,SC,4,0.997,0.3,0.3,True,True,4,2.0,Pneumonia,0.9698798107286171,0.6710040000000017,818,8827695.0,26483.085000000025,2026,2024
430027,SANFORD USD MEDICAL CENTER,Sanford Usd Medical Center,SIOUX FALLS,SD,1,0.9996,0.04,0.04,True,True,6,2.0,Heart bypass surgery (CABG),0.5969506726457392,-23.351546,7020,101063334.0,40425.333599995545,2026,2024
440017,WELLMONT HOLSTON VALLEY MEDICAL CENTER,Holston Valley Medical Center,KINGSPORT,TN,2,0.9996,0.04,0.04,True,True,6,1.0,Hip/knee replacement,1.0,-5.835062999999995,3138,39389257.0,15755.702799998266,2026,2024
440057,CLAIBORNE MEDICAL CENTER,Claiborne Medical Center,TAZEWELL,TN,4,0.9949,0.51,0.51,True,True,4,2.0,Heart failure,0.5215294846057157,0.9512379999999996,263,2666911.0,13601.246099999982,2026,2024
440063,JOHNSON CITY MEDICAL CENTER,Johnson City Medical Center,JOHNSON CITY,TN,3,0.9932,0.68,0.68,True,True,6,4.0,Heart bypass surgery (CABG),0.8269767177093416,-5.838336999999998,4395,54974744.0,373828.25920000154,2026,2024
440073,MAURY REGIONAL HOSPITAL,Maury Regional Hospital,COLUMBIA,TN,2,0.9938,0.62,0.62,True,True,5,5.0,Heart attack,0.2752075476975142,6.303184000000003,3397,35144811.0,217897.8281999994,2026,2024
440082,ASCENSION SAINT THOMAS HOSPITAL,Ascension Saint Thomas Hospital,NASHVILLE,TN,1,0.9976,0.24,0.24,True,True,6,2.0,Heart bypass surgery (CABG),0.65657950730531,-20.718029,8643,139868287.0,335683.8887999941,2026,2024
450040,COVENANT MEDICAL CENTER,Covenant Medical Center,LUBBOCK,TX,2,0.9999,0.01,0.01,True,True,6,1.0,COPD,1.0,-26.500580999999986,5230,70556626.0,7055.662599999223,2026,2024
450064,TEXAS HEALTH ARLINGTON MEMORIAL HOSPITAL,Texas Health Arlington Memorial Hospital,ARLINGTON,TX,1,0.9978,0.22,0.22,True,True,5,2.0,Pneumonia,0.7386307490709116,1.328286999999996,2072,24358194.0,53588.026799999505,2026,2024
450237,CHRISTUS SANTA ROSA MEDICAL CENTER,Christus Santa Rosa Medical Center,SAN ANTONIO,TX,2,0.9948,0.52,0.52,True,True,6,4.0,Heart attack,0.4807840849254093,3.331293000000008,5431,71024259.0,369326.14679999877,2026,2024
450352,HUNT REGIONAL MEDICAL CENTER,Hunt Regional Healthcare,GREENVILLE,TX,2,0.9932,0.68,0.68,True,True,5,3.0,Pneumonia,0.6825330195257031,5.5361760000000055,1847,19155687.0,130258.67160000054,2026,2024
450388,METHODIST HOSPITAL,Methodist Hospital,SAN ANTONIO,TX,2,0.9968,0.32,0.32,True,True,6,4.0,Heart attack,0.47029240649792253,16.98141600000003,19176,247931054.0,793379.3727999952,2026,2024
450539,COVENANT HOSPITAL PLAINVIEW,Covenant Hospital Plainview,PLAINVIEW,TX,2,0.9991,0.09,0.09,True,True,5,1.0,Heart failure,1.0,,232,3649178.0,3284.2602000000434,2026,2024
450654,STARR COUNTY MEMORIAL HOSPITAL,Starr County Memorial Hospital,RIO GRANDE CITY,TX,5,0.996,0.4,0.4,True,True,4,1.0,Pneumonia,1.0,0.5301989999999988,136,1514733.0,6058.932000000005,2026,2024
450888,TEXAS HEALTH HARRIS METHODIST HOSPITAL SOUTHLAKE,Texas Health Harris Methodist Hospital Southlake,SOUTHLAKE,TX,1,0.97,3.0,3.0,True,True,2,1.0,Hip/knee replacement,1.0,,121,2120848.0,63625.44000000005,2026,2024
450890,BAYLOR SCOTT & WHITE MEDICAL CENTER PLANO,Baylor Regional Medical Center At Plano,PLANO,TX,1,0.9981,0.19,0.19,True,True,5,3.0,Hip/knee replacement,0.7559397230933989,-0.9985359999999949,3314,32166418.0,61116.19420000041,2026,2024
460005,OGDEN REGIONAL MEDICAL CENTER,Ogden Regional Medical Center,OGDEN,UT,3,0.9984,0.16,0.16,True,True,6,2.0,Hip/knee replacement,0.5577811016453147,-1.0985009999999995,1151,13500902.0,21601.44320000062,2026,2024
460052,TIMPANOGOS REGIONAL HOSPITAL,Timpanogos Regional Hospital,OREM,UT,1,0.9991,0.09,0.09,True,True,6,1.0,Hip/knee replacement,1.0,,395,4886503.0,4397.852700000059,2026,2024
490009,UNIVERSITY OF VIRGINIA MEDICAL CENTER,Uva Health Sciences Center,CHARLOTTESVILLE,VA,2,0.9994,0.06,0.06,True,True,6,3.0,Hip/knee replacement,0.4436144578313249,-21.61859199999998,7872,206947484.0,124168.4904000093,2026,2024
490017,BON SECOURS MARYVIEW MEDICAL CENTER,Bon Secours Maryview Medical Center,PORTSMOUTH,VA,4,0.9947,0.53,0.53,True,True,6,4.0,Heart failure,0.6195646871561572,6.026952,2153,28545876.0,151293.1427999992,2026,2024
490042,CARILION NEW RIVER VALLEY MEDICAL CENTER,Carilion New River Valley Medical Center,CHRISTIANSBURG,VA,2,0.9993,0.07,0.07,True,True,5,1.0,Pneumonia,1.0,-2.8806299999999956,1994,21322117.0,14925.481900000723,2026,2024
490060,CLINCH VALLEY MEDICAL CENTER,Clinch Valley Medical Center,RICHLANDS,VA,2,0.9985,0.15,0.15,True,True,5,2.0,Heart failure,0.7082505729564567,-0.5542220000000037,644,6024090.0,9036.134999999673,2026,2024
490092,BON SECOURS SOUTHAMPTON MEMORIAL HOSPITAL,Bon Secours Southampton Memorial Hospital,FRANKLIN,VA,3,0.9904,0.96,0.96,True,True,5,2.0,Pneumonia,0.6524955383968729,2.0062799999999985,309,3674968.0,35279.69280000019,2026,2024
490118,HENRICO DOCTORS' HOSPITAL,Henrico Doctors' Hospital,RICHMOND,VA,1,0.9925,0.75,0.75,True,True,6,6.0,Hip/knee replacement,0.2862639565726974,11.328578,6021,70978314.0,532337.3549999965,2026,2024
500129,TACOMA GENERAL ALLENMORE HOSPITAL,Tacoma General Allenmore Hospital,TACOMA,WA,4,0.9953,0.47,0.47,True,True,6,4.0,Heart bypass surgery (CABG),0.7550921761902141,3.9677640000000056,5180,90902685.0,427242.6195000034,2026,2024
510001,"WEST VIRGINIA UNIVERSITY HOSPITALS, INC","West Virginia University Hospitals, Inc",MORGANTOWN,WV,2,0.9993,0.07,0.07,True,True,6,2.0,COPD,0.6060367866687627,-4.875482999999992,7505,123334634.0,86334.24380000419,2026,2024
510022,CHARLESTON AREA MEDICAL CENTER,Charleston Area Medical Center,CHARLESTON,WV,2,0.9876,1.24,1.25,True,True,6,3.0,Heart bypass surgery (CABG),0.7305414777273942,22.592440000000018,7931,108619252.0,1346878.7247999965,2026,2024
520035,AURORA MEDICAL CENTER SHEBOYGAN COUNTY,Aurora Medical Center Sheboygan County,SHEBOYGAN,WI,4,0.9953,0.47,0.47,True,True,5,2.0,Heart failure,0.5913059050006718,3.098804999999998,1412,13269404.0,62366.1988000005,2026,2024
520063,ST JOSEPHS COMMUNITY HOSPITAL WEST BEND,Froedtert West Bend Hospital,WEST BEND,WI,2,0.9972,0.28,0.28,True,True,5,1.0,Hip/knee replacement,1.0,-3.014897000000004,993,8371841.0,23441.154800000208,2026,2024
520070,MAYO CLINIC HEALTH SYSTEM EAU CLAIRE HOSPITAL,Mayo Clinic Health System In Eau Claire,EAU CLAIRE,WI,4,0.9985,0.15,0.15,True,True,6,2.0,Hip/knee replacement,0.7306960520057094,-19.145176999999986,4903,68637636.0,102956.45399999629,2026,2024
520078,ASCENSION ST FRANCIS HOSPITAL,Ascension St Francis Hospital,MILWAUKEE,WI,5,0.9991,0.09,0.09,True,True,5,1.0,Pneumonia,1.0,0.30474399999999946,272,3160454.0,2844.4086000000375,2026,2024
520205,MIDWEST ORTHOPEDIC SPECIALTY HOSPITAL,Midwest Orthopedic Specialty Hospital,FRANKLIN,WI,1,0.97,3.0,3.0,True,True,1,1.0,Hip/knee replacement,1.0,2.9848350000000003,146,1714173.0,51425.190000000046,2026,2024
010040,GADSDEN REGIONAL MEDICAL CENTER,Gadsden Regional Medical Center,GADSDEN,AL,2,0.9931,0.69,0.69,True,True,6,4.0,Heart bypass surgery (CABG),0.6776696234842758,-0.6196399999999932,1744,16068605.0,110873.37450000028,2026,2024
010083,BALDWIN HEALTH,Baldwin Health,FOLEY,AL,1,0.9934,0.66,0.66,True,True,5,3.0,Hip/knee replacement,0.6591620707800466,0.32620899999999925,1595,15962260.0,105350.9160000008,2026,2024
010113,MOBILE INFIRMARY MEDICAL CENTER,Mobile Infirmary Medical Center,MOBILE,AL,2,0.9968,0.32,0.32,True,True,6,3.0,Heart failure,0.6264716247453964,6.162343999999992,4127,51567825.0,165017.039999999,2026,2024
030014,HONOR HEALTH JOHN C. LINCOLN MEDICAL CENTER,Honorhealth John C. Lincoln Medical Center,PHOENIX,AZ,4,0.9987,0.13,0.13,True,True,5,2.0,Heart failure,0.9650180940892633,-1.5060590000000058,3016,43414901.0,56439.3712999986,2026,2024
030038,HONORHEALTH SCOTTSDALE OSBORN MEDICAL CENTER,Honorhealth Scottsdale Osborn Medical Center,SCOTTSDALE,AZ,2,0.9971,0.29,0.29,True,True,5,3.0,Heart failure,0.5209819541101549,5.883640999999988,4662,61653923.0,178796.37670000084,2026,2024
030121,HONORHEALTH FOUR PEAKS MEDICAL CENTER,Honorhealth Mountain Vista Medical Center,MESA,AZ,2,0.9962,0.38,0.38,True,True,6,1.0,Hip/knee replacement,1.0,-2.0193539999999985,924,12440967.0,47275.67460000032,2026,2024
040002,JOHNSON REGIONAL MEDICAL CENTER,Johnson Regional Medical Center,CLARKSVILLE,AR,3,0.9911,0.89,0.89,True,True,4,2.0,Pneumonia,0.9564252293607668,1.0230989999999995,242,2382730.0,21206.297000000046,2026,2024
040011,CHAMBERS MEMORIAL HOSPITAL,Chambers Memorial Hospital,DANVILLE,AR,3,0.9984,0.16,0.16,True,True,4,2.0,Pneumonia,0.7566837892724878,-0.5875549999999998,496,3599963.0,5759.940800000165,2026,2024
040154,BAPTIST HEALTH MEDICAL CENTER- CONWAY,Baptist Health Medical Center- Conway,CONWAY,AR,2,0.9955,0.45,0.45,True,True,5,4.0,Heart failure,0.4172001820125088,2.485933000000002,1288,12441865.0,55988.39249999936,2026,2024
050024,PARADISE VALLEY HOSPITAL,Paradise Valley Hospital,NATIONAL CITY,CA,5,0.996,0.4,0.4,True,True,5,4.0,Heart failure,0.5521992220769038,2.5780909999999997,1129,18945219.0,75780.87600000006,2026,2024
050028,MAD RIVER COMMUNITY HOSPITAL,Mad River Community Hospital,ARCATA,CA,5,0.9996,0.04,0.04,True,True,5,2.0,Hip/knee replacement,0.892756349952964,,321,4468144.0,1787.2575999998032,2026,2024
050056,ANTELOPE VALLEY HOSPITAL,Antelope Valley Hospital,LANCASTER,CA,5,0.9989,0.11,0.11,True,True,6,3.0,Pneumonia,0.7132865300990205,2.0380870000000018,2358,53924479.0,59316.92689999945,2026,2024
050063,HOLLYWOOD PRESBYTERIAN MEDICAL CENTER,Hollywood Presbyterian Medical Center,LOS ANGELES,CA,5,0.9926,0.74,0.74,True,True,6,2.0,Pneumonia,0.6626006653456706,9.254164000000005,2013,39107617.0,289396.3657999985,2026,2024
050089,COMMUNITY HOSPITAL OF SAN BERNARDINO,Community Hospital Of San Bernardino,SAN BERNARDINO,CA,5,0.9994,0.06,0.06,True,True,4,2.0,Heart failure,0.7255331871636411,0.3060240000000005,369,6478888.0,3887.332800000291,2026,2024
050128,TRI-CITY MEDICAL CENTER,Tri-City Medical Center,OCEANSIDE,CA,4,0.9971,0.29,0.29,True,True,6,4.0,Pneumonia,0.44616610828920283,1.5597259999999986,2057,35393142.0,102640.11180000048,2026,2024
050174,PROVIDENCE SANTA ROSA MEMORIAL HOSPITAL,Providence Santa Rosa Memorial Hospital,SANTA ROSA,CA,4,0.9988,0.12,0.12,True,True,6,2.0,Pneumonia,0.7797716150081564,-5.755084000000005,4475,100206030.0,120247.23599999788,2026,2024
050281,ALHAMBRA HOSPITAL MEDICAL CENTER,Alhambra Hospital Medical Center,ALHAMBRA,CA,5,0.9971,0.29,0.29,True,True,5,2.0,Pneumonia,0.9814100665803771,1.9364590000000004,1003,16013822.0,46440.08380000022,2026,2024
050292,RIVERSIDE UNIVERSITY HEALTH SYSTEM-MEDICAL CENTER,Riverside University Health System-Medical Center,MORENO VALLEY,CA,5,0.9979,0.21,0.21,True,True,5,2.0,Heart failure,0.979876247282457,3.9235030000000055,2552,62131702.0,130476.57419999942,2026,2024
050295,MERCY HOSPITAL,Mercy Hospital,BAKERSFIELD,CA,5,0.9999,0.01,0.01,True,True,5,1.0,Heart failure,1.0,0.07251899999999606,2197,35933616.0,3593.361599999604,2026,2024
050561,KAISER FOUNDATION HOSPITAL - WEST LA,Kaiser Foundation Hospital - West La,LOS ANGELES,CA,4,0.9998,0.02,0.02,True,True,5,2.0,Heart failure,0.5490716180371377,,583,9945957.0,1989.191399999781,2026,2024
050608,ADVENTIST HEALTH DELANO,Adventist Health Delano,DELANO,CA,5,0.9975,0.25,0.25,True,True,5,1.0,Pneumonia,1.0,0.6900620000000017,341,6071757.0,15179.392499999676,2026,2024
050714,SUTTER MATERNITY & SURGERY CENTER OF SANTA CRUZ,Sutter Maternity & Surgery Center Of Santa Cruz,SANTA CRUZ,CA,1,1.0,0.0,0.0,True,False,1,1.0,Hip/knee replacement,1.0,,56,1476893.0,0.0,2026,2024
050760,KAISER FOUNDATION HOSPITAL - ANTIOCH,Kaiser Foundation Hospital - Antioch,ANTIOCH,CA,3,0.9973,0.27,0.27,True,True,4,1.0,Pneumonia,1.0,0.739892999999999,553,9342191.0,25223.915700000332,2026,2024
060034,HCA-HEALTHONE DBA SWEDISH MEDICAL CENTER,Hca Healthone Swedish,ENGLEWOOD,CO,2,0.9992,0.08,0.08,True,True,6,1.0,Pneumonia,1.0,0.1835869999999965,3960,63650679.0,50920.543200001455,2026,2024
070002,ST FRANCIS HOSPITAL & MEDICAL CENTER,Saint Francis Hospital & Medical Center,HARTFORD,CT,3,0.9967,0.33,0.33,True,True,6,3.0,Heart bypass surgery (CABG),0.4525877700450729,-17.089679,3683,70903616.0,233981.93279999786,2026,2024
070021,WINDHAM COMMUNITY MEMORIAL HOSPITAL,Windham Comm Mem Hosp & Hatch Hosp,WILLIMANTIC,CT,3,0.9984,0.16,0.16,True,True,5,2.0,Pneumonia,0.613780598368087,-0.0006060000000006616,627,8911269.0,14258.030400000409,2026,2024
070025,HARTFORD HOSPITAL,Hartford Hospital,HARTFORD,CT,2,0.9919,0.81,0.81,True,True,6,4.0,Heart failure,0.6298733242411069,44.176908000000054,8673,178809375.0,1448355.9374999993,2026,2024
080003,ST FRANCIS HOSPITAL,St Francis Hospital,WILMINGTON,DE,4,0.9998,0.02,0.02,True,True,5,1.0,Heart attack,1.0,-1.320752000000003,752,9421953.0,1884.3905999997924,2026,2024
100006,ORLANDO HEALTH,Orlando Health Orlando Regional Medical Center,ORLANDO,FL,2,0.9964,0.36,0.36,True,True,6,3.0,Heart failure,0.8026228618407925,25.555704000000027,12812,197230734.0,710030.6424000094,2026,2024
100025,SACRED HEART HOSPITAL,Ascension Sacred Heart Pensacola,PENSACOLA,FL,2,0.996,0.4,0.41,True,True,6,4.0,Heart failure,0.44705580597816014,10.090241999999977,5469,77353006.0,309412.02400000027,2026,2024
100072,ADVENTHEALTH FISH MEMORIAL,Adventhealth Fish Memorial,ORANGE CITY,FL,1,0.9979,0.21,0.21,True,True,5,2.0,Heart attack,0.7016378679574495,-2.8450360000000083,2582,27541804.0,57837.78839999974,2026,2024
100107,HCA FLORIDA LEHIGH HOSPITAL,Hca Florida Lehigh Regional Medical Center,LEHIGH ACRES,FL,4,0.996,0.4,0.4,True,True,4,2.0,Pneumonia,0.537958555699792,1.0481619999999987,445,4364085.0,17456.340000000015,2026,2024
100117,BAPTIST MEDICAL CENTER  BEACHES,Baptist Medical Center - Beaches,JACKSONVILLE BEACH,FL,1,0.9996,0.04,0.04,True,True,5,2.0,COPD,0.7284766482081299,-6.124508999999993,2589,23267925.0,9307.169999998974,2026,2024
100173,ADVENTHEALTH TAMPA,Adventhealth Tampa,TAMPA,FL,4,0.9957,0.43,0.43,True,True,6,3.0,Heart bypass surgery (CABG),0.5926215281631056,-4.9523129999999975,4943,69830811.0,300272.48729999794,2026,2024
100183,CORAL GABLES HOSPITAL,Coral Gables Hospital,CORAL GABLES,FL,5,0.9991,0.09,0.09,True,True,5,1.0,Heart failure,1.0,-0.19688100000000175,657,7039192.0,6335.272800000083,2026,2024
100238,HCA FLORIDA NORTHSIDE HOSPITAL,Hca Florida Northside Hospital,SAINT PETERSBURG,FL,4,0.9858,1.42,1.42,True,True,6,6.0,Pneumonia,0.35265874119234736,17.081598999999997,2474,32037274.0,454929.29079999967,2026,2024
100289,CLEVELAND CLINIC HOSPITAL,Cleveland Clinic Hospital,WESTON,FL,1,0.9993,0.07,0.07,True,True,6,2.0,Pneumonia,0.8699472759226711,-5.411584000000015,3796,61319858.0,42923.90060000208,2026,2024
100302,ORLANDO HEALTH ST CLOUD HOSPITAL,Orlando Health St Cloud Hospital,SAINT CLOUD,FL,3,0.9948,0.52,0.52,True,True,5,4.0,Heart failure,0.612726354519876,3.2412049999999963,1245,10671104.0,55489.74079999981,2026,2024
110007,PHOEBE PUTNEY MEMORIAL HOSPITAL,Phoebe Putney Memorial Hospital,ALBANY,GA,3,0.9935,0.65,0.65,True,True,6,5.0,Heart failure,0.2951518136824033,2.98269199999999,2716,44129113.0,286839.2344999978,2026,2024
110031,WELLSTAR SPALDING MEDICAL CENTER,Wellstar Spalding Medical Center,GRIFFIN,GA,3,0.9961,0.39,0.39,True,True,5,2.0,Heart attack,0.7282717083482915,-0.09999000000000113,1383,17133190.0,66819.44100000025,2026,2024
110032,STEPHENS COUNTY HOSPITAL,Stephens County Hospital,TOCCOA,GA,2,0.9978,0.22,0.22,True,True,5,2.0,Pneumonia,0.8927441097175014,0.20854399999999998,324,2860657.0,6293.445399999942,2026,2024
110071,APPLING HEALTHCARE,Appling Healthcare,BAXLEY,GA,5,0.9996,0.04,0.04,True,True,3,1.0,Pneumonia,1.0,,67,898046.0,359.2183999999604,2026,2024
110074,PIEDMONT ATHENS REGIONAL MEDICAL CENTER,Piedmont Athens Regional Medical Center,ATHENS,GA,1,0.9969,0.31,0.31,True,True,6,5.0,Heart attack,0.5269530087844295,6.244097999999968,5755,77590457.0,240530.41669999936,2026,2024
110198,WELLSTAR NORTH FULTON MEDICAL CENTER,Wellstar North Fulton Medical Center,ROSWELL,GA,1,0.9995,0.05,0.05,True,True,5,2.0,Heart attack,0.7359590922537297,-7.496700000000003,2458,33326001.0,16663.000499998165,2026,2024
110215,PIEDMONT FAYETTE HOSPITAL,Piedmont Fayette Hospital,FAYETTEVILLE,GA,1,0.9943,0.57,0.57,True,True,5,4.0,Heart failure,0.5446660855173163,11.304130000000004,4207,47930551.0,273204.14070000185,2026,2024
130071,ST LUKE'S NAMPA MEDICAL CENTER,St Luke's Nampa Medical Center,NAMPA,ID,2,0.9999,0.01,0.01,True,True,5,1.0,COPD,1.0,-3.6707810000000007,942,10797250.0,1079.724999999881,2026,2024
140010,NORTHSHORE UNIVERSITY HEALTHSYSTEM - EVANSTON HOSPITAL,Northshore University Healthsystem Evanston Hosp,EVANSTON,IL,2,0.9951,0.49,0.49,True,True,6,2.0,Heart failure,0.5143562345736867,27.666244999999986,14062,200251422.0,981231.9678000031,2026,2024
140048,ADVOCATE TRINITY HOSPITAL,Advocate Trinity Hospital,CHICAGO,IL,5,0.9955,0.45,0.45,True,True,5,4.0,Pneumonia,0.47161919936267666,12.835225999999993,3109,35610412.0,160246.85399999816,2026,2024
140127,CARLE BROMENN MEDICAL CENTER,Carle Bromenn Medical Center,NORMAL,IL,3,0.97,3.0,3.0,True,True,6,5.0,Hip/knee replacement,0.8081469069520911,11.99889099999999,2075,22619612.0,678588.3600000006,2026,2024
140280,TRINITY ROCK ISLAND,Trinity Rock Island,ROCK ISLAND,IL,3,0.9909,0.91,0.91,True,True,6,4.0,Pneumonia,0.7497771016321144,6.270272999999999,2424,27701617.0,252084.71469999992,2026,2024
150011,MARION GENERAL HOSPITAL,Marion General Hospital,MARION,IN,4,0.9972,0.28,0.28,True,True,5,3.0,COPD,0.6643887469413691,-0.13844200000000573,1055,10505325.0,29414.910000000258,2026,2024
150069,NORTON-KING'S DAUGHTERS' HEALTH,Norton-King's Daughters' Health,MADISON,IN,3,0.9985,0.15,0.15,True,True,5,2.0,Heart failure,0.6146143093150338,-0.8544470000000005,883,10950001.0,16425.001499999405,2026,2024
160001,UNITYPOINT HEALTH - MARSHALLTOWN,Unitypoint Health - Marshalltown,MARSHALLTOWN,IA,3,0.9976,0.24,0.24,True,True,5,1.0,Heart failure,1.0,-0.3558429999999992,377,4289989.0,10295.97359999982,2026,2024
170023,ST. CATHERINE HOSPITAL - GARDEN CITY,Centura St. Catherine Hospital-Garden City,GARDEN CITY,KS,2,0.9988,0.12,0.12,True,True,5,3.0,Pneumonia,0.7507103633894124,0.13042499999999896,752,12492448.0,14990.937599999736,2026,2024
180019,MEADOWVIEW REGIONAL MEDICAL CENTER,Meadowview Regional Medical Center,MAYSVILLE,KY,4,0.9999,0.01,0.01,True,True,5,1.0,COPD,1.0,-2.1262059999999967,448,4422197.0,442.2196999999513,2026,2024
180025,CHI SAINT JOSEPH FLAGET MEMORIAL HOSPITAL,Flaget Memorial Hospital,BARDSTOWN,KY,1,0.9983,0.17,0.17,True,True,5,1.0,Heart failure,1.0,0.3035259999999984,539,5458144.0,9278.84480000019,2026,2024
180038,OWENSBORO HEALTH REGIONAL HOSPITAL,Owensboro Health Regional Hospital,OWENSBORO,KY,2,0.9959,0.41,0.41,True,True,6,2.0,Pneumonia,0.7930649809426421,-2.2115259999999983,3620,50508958.0,207086.72779999961,2026,2024
190008,TERREBONNE GENERAL MEDICAL CENTER - PARISH,Terrebonne General Health System,HOUMA,LA,3,0.998,0.2,0.2,True,True,6,2.0,Heart attack,0.749505971303376,-1.6966479999999873,1583,20236024.0,40472.04800000004,2026,2024
190015,NORTH OAKS MEDICAL CENTER,"North Oaks Medical Center, L L C",HAMMOND,LA,4,0.9852,1.48,1.48,True,True,6,4.0,Heart failure,0.444534583745721,21.752552999999992,2396,26009596.0,384942.02080000093,2026,2024
190164,BYRD REGIONAL HOSPITAL,Byrd Regional Hospital,LEESVILLE,LA,4,0.9878,1.22,1.22,True,True,5,3.0,Pneumonia,0.619209446006367,3.8251809999999975,518,5004872.0,61059.43839999994,2026,2024
190256,STERLING SURGICAL HOSPITAL,Sterling Surgical Hospital,SLIDELL,LA,1,0.977,2.3,2.3,True,True,1,1.0,Hip/knee replacement,1.0,,89,1445874.0,33255.10200000003,2026,2024
190308,ST BERNARD PARISH HOSPITAL,St Bernard Parish Hospital,CHALMETTE,LA,4,0.9986,0.14,0.14,True,True,4,1.0,Heart failure,1.0,,161,1104808.0,1546.7311999999524,2026,2024
220002,MOUNT AUBURN HOSPITAL,Mount Auburn Hospital,CAMBRIDGE,MA,3,0.9955,0.45,0.45,True,True,6,1.0,Pneumonia,1.0,1.950576000000004,2875,45288134.0,203796.60299999767,2026,2024
220010,MERRIMACK HEALTH LAWRENCE HOSPITAL,Lawrence General Hospital,LAWRENCE,MA,5,0.9985,0.15,0.15,True,True,5,2.0,Heart attack,0.7159867265274223,1.760943999999997,3324,42260204.0,63390.30599999771,2026,2024
220012,CAPE COD HOSPITAL,Cape Cod Hospital,HYANNIS,MA,2,0.9844,1.56,1.56,True,True,6,6.0,Pneumonia,0.3926725257571409,56.46873599999999,9112,158468891.0,2472114.6995999916,2026,2024
220095,HEYWOOD HOSPITAL -,Heywood Hospital -,GARDNER,MA,5,0.9948,0.52,0.52,True,True,5,3.0,COPD,0.3971642288038005,4.4115909999999925,1206,12458132.0,64782.28639999978,2026,2024
230037,HILLSDALE HOSPITAL,Hillsdale Hospital,HILLSDALE,MI,4,0.9992,0.08,0.08,True,True,5,1.0,Heart failure,1.0,0.17739099999999894,308,3680252.0,2944.2016000000845,2026,2024
230041,MCLAREN BAY REGION,Mclaren Bay Region,BAY CITY,MI,4,0.9778,2.22,2.22,True,True,6,6.0,Heart bypass surgery (CABG),0.4709712737939579,23.877981999999992,2743,30889322.0,685742.9483999999,2026,2024
230130,BEAUMONT HOSPITAL ROYAL OAK,Corewell Health William Beaumont University Hospit,ROYAL OAK,MI,3,0.9963,0.37,0.37,True,True,6,4.0,Heart failure,0.7447568840315472,23.113865000000057,10226,149127922.0,551773.3114000055,2026,2024
230216,MCLAREN PORT HURON,Mclaren Port Huron,PORT HURON,MI,3,0.9957,0.43,0.43,True,True,6,3.0,Heart attack,0.4761275481486923,-2.9460679999999977,2151,22933015.0,98611.96449999932,2026,2024
230222,MYMICHIGAN MEDICAL CENTER MIDLAND,Mymichigan Medical Center Midland,MIDLAND,MI,3,0.9993,0.07,0.07,True,True,6,2.0,Hip/knee replacement,0.9176778172554801,-5.576536,3547,52011053.0,36407.73710000177,2026,2024
230277,HURON VALLEY-SINAI HOSPITAL,Huron Valley-Sinai Hospital,COMMERCE TOWNSHIP,MI,2,0.9904,0.96,0.96,True,True,5,1.0,Hip/knee replacement,1.0,-4.714655999999995,1546,19857981.0,190636.61760000105,2026,2024
240071,ALLINA HEALTH FARIBAULT MEDICAL CENTER,Allina Health Faribault Medical Center,FARIBAULT,MN,4,0.9992,0.08,0.08,True,True,5,1.0,Pneumonia,1.0,,578,5483170.0,4386.536000000126,2026,2024
250043,NESHOBA COUNTY GENERAL HOSPITAL,Neshoba County General Hospital,PHILADELPHIA,MS,4,0.9997,0.03,0.03,True,True,4,2.0,COPD,0.9870536038984666,-0.6400800000000004,200,1682589.0,504.7766999999444,2026,2024
250048,ST DOMINIC-JACKSON MEMORIAL HOSPITAL,St Dominic-Jackson Memorial Hospital,JACKSON,MS,3,0.993,0.7,0.7,True,True,6,4.0,Pneumonia,0.7163426024636678,18.519947000000013,6626,74859617.0,524017.3190000005,2026,2024
250162,OCHSNER MEDICAL CENTER-HANCOCK,Ochsner Medical Center-Hancock,BAY SAINT LOUIS,MS,2,0.9941,0.59,0.59,True,True,4,2.0,Heart failure,0.6162451624075154,0.3975749999999996,273,3205083.0,18909.989700000053,2026,2024
250168,UNIVERSITY OF MISSISSIPPI MEDICAL CENTER- GRENADA,University Of Mississippi Medical Center- Grenada,GRENADA,MS,5,0.9951,0.49,0.49,True,True,5,3.0,Pneumonia,0.6505775886905495,2.0796410000000005,568,5959548.0,29201.785200000093,2026,2024
260022,NORTHEAST REGIONAL MEDICAL CENTER,Northeast Regional Medical Center,KIRKSVILLE,MO,4,0.9983,0.17,0.17,True,True,5,3.0,Heart attack,0.4746465555542891,-1.2262740000000028,679,12828475.0,21808.407500000445,2026,2024
260025,HANNIBAL REGIONAL HOSPITAL,Hannibal Regional Hospital,HANNIBAL,MO,4,0.983,1.7,1.7,True,True,6,4.0,Pneumonia,0.39092383597007446,19.809431999999997,1874,24056598.0,408962.1660000004,2026,2024
260040,COX MEDICAL CENTERS,Cox Medical Centers,SPRINGFIELD,MO,3,0.9972,0.28,0.28,True,True,6,1.0,Heart attack,1.0,-7.288212000000006,6034,79848147.0,223574.81160000197,2026,2024
260081,SSM ST CLARE HEALTH CENTER,Ssm Health St Clare Hospital - Fenton,FENTON,MO,2,0.9963,0.37,0.37,True,True,6,4.0,Heart failure,0.7032300267323216,3.7578670000000187,2186,21337202.0,78947.64740000079,2026,2024
260097,WESTERN MISSOURI MEDICAL CENTER,Western Missouri Medical Center,WARRENSBURG,MO,4,0.9952,0.48,0.48,True,True,5,3.0,Heart failure,0.6689449004450315,1.0171319999999997,484,6990837.0,33556.01760000019,2026,2024
270086,GREAT FALLS CLINIC HOSPITAL,Great Falls Clinic Hospital,GREAT FALLS,MT,1,0.9967,0.33,0.33,True,True,6,1.0,Heart bypass surgery (CABG),1.0,-0.2723599999999999,639,8116319.0,26783.852699999752,2026,2024
280061,REGIONAL WEST MEDICAL CENTER,Regional West Medical Center,SCOTTSBLUFF,NE,4,0.9966,0.34,0.34,True,True,5,2.0,Pneumonia,0.763925368308193,2.1962129999999904,1838,26988694.0,91761.55959999889,2026,2024
290045,SAINT ROSE DOMINICAN HOSPITALS - SIENA CAMPUS,Saint Rose Dominican Hospitals - Siena Campus,HENDERSON,NV,1,0.9925,0.75,0.75,True,True,6,2.0,Pneumonia,0.7593252274266195,19.505096000000016,5190,75065879.0,562994.0924999963,2026,2024
300011,ST JOSEPH HOSPITAL,St Joseph Hospital,NASHUA,NH,1,0.9995,0.05,0.05,True,True,5,1.0,Heart attack,1.0,-8.173365000000015,1931,18928766.0,9464.382999998958,2026,2024
300012,ELLIOT HOSPITAL,Elliot Hospital,MANCHESTER,NH,2,0.9952,0.48,0.48,True,True,5,4.0,Hip/knee replacement,0.706885556255239,-3.9737920000000004,3440,38390544.0,184274.611200001,2026,2024
310011,CAPE REGIONAL MEDICAL CENTER INC,"Cape Regional Medical Center, Inc",CAPE MAY COURT HOUSE,NJ,3,0.9941,0.59,0.59,True,True,5,3.0,Pneumonia,0.44007560945085705,7.270286999999998,2497,24204886.0,142808.8274000004,2026,2024
310012,VALLEY HOSPITAL,Valley Hospital,PARAMUS,NJ,1,0.9988,0.12,0.12,True,True,6,2.0,Hip/knee replacement,0.9678488331100616,-31.955007999999978,8426,124382445.0,149258.93399999736,2026,2024
310045,ENGLEWOOD HOSPITAL AND MEDICAL CENTER,Englewood Hospital,ENGLEWOOD,NJ,2,0.9948,0.52,0.52,True,True,6,4.0,Pneumonia,0.5154688932863558,-0.2361160000000025,4955,86819585.0,451461.8419999985,2026,2024
310048,ROBERT WOOD JOHNSON UNIVERSITY HOSPITAL - SOMERSET,Robert Wood Johnson University Hospital Somerset,SOMERVILLE,NJ,2,0.9854,1.46,1.46,True,True,5,5.0,Pneumonia,0.591776090414697,30.05768700000002,4406,47816164.0,698115.9943999974,2026,2024
310110,ROBERT WOOD JOHNSON UNIVERSITY HOSPITAL AT HAMILTON,Robert Wood Johnson University Hospital Hamilton,HAMILTON,NJ,2,0.987,1.3,1.3,True,True,5,4.0,Pneumonia,0.5382728201126468,15.687581999999976,2591,26450648.0,343858.4240000003,2026,2024
310112,BAYSHORE MEDICAL CENTER,Bayshore Medical Center,HOLMDEL,NJ,2,0.9938,0.62,0.62,True,True,5,2.0,Pneumonia,0.9944135551979539,5.424518000000001,3077,38809050.0,240616.10999999935,2026,2024
320004,CHRISTUS SOUTHERN NEW MEXICO,Christus Southern New Mexico,ALAMOGORDO,NM,2,0.9995,0.05,0.05,True,True,5,2.0,Heart attack,0.7520950965824643,-2.3881409999999987,999,16416543.0,8208.271499999097,2026,2024
330006,ST JOSEPH'S MEDICAL CENTER,St Joseph's Medical Center,YONKERS,NY,5,0.9989,0.11,0.11,True,True,5,2.0,Pneumonia,0.8099551116895535,0.43021800000000177,591,11146743.0,12261.417299999886,2026,2024
330019,"NEW YORK COMMUNITY HOSPITAL OF BROOKLYN, INC.","New York Community Hospital Of Brooklyn, Inc.",BROOKLYN,NY,5,0.983,1.7,1.7,True,True,5,3.0,Heart failure,0.4725112669882627,35.60621100000001,3004,40336903.0,685727.3510000006,2026,2024
330079,ADIRONDACK MEDICAL CENTER - SARANAC LAKE,Adirondack Medical Center - Saranac Lake,SARANAC LAKE,NY,3,0.9991,0.09,0.09,True,True,5,2.0,Pneumonia,0.8095205758522347,0.22327500000000058,660,10464536.0,9418.082400000125,2026,2024
330085,AURELIA OSBORN FOX MEMORIAL HOSPITAL,Aurelia Osborn Fox Memorial Hospital,ONEONTA,NY,4,0.9954,0.46,0.46,True,True,5,2.0,Heart failure,0.5420582168232868,1.2174470000000008,662,7349558.0,33807.96680000036,2026,2024
330193,FLUSHING HOSPITAL MEDICAL CENTER,Flushing Hospital Medical Center,FLUSHING,NY,5,0.9998,0.02,0.02,True,True,5,1.0,COPD,1.0,-2.004965000000003,1792,40468091.0,8093.618199999109,2026,2024
330195,LONG ISLAND JEWISH MEDICAL CENTER,Long Island Jewish Medical Center,NEW HYDE PARK,NY,5,0.9965,0.35,0.35,True,True,5,4.0,Pneumonia,0.6576007056748023,27.054270999999964,11527,210742110.0,737597.384999989,2026,2024
330196,SOUTH BROOKLYN HEALTH,South Brooklyn Health,BROOKLYN,NY,5,0.9847,1.53,1.53,True,True,5,4.0,Pneumonia,0.7313696987408485,33.446448000000004,3474,86443474.0,1322585.1521999983,2026,2024
330218,OSWEGO HOSPITAL,Oswego Hospital,OSWEGO,NY,4,0.9917,0.83,0.83,True,True,5,3.0,Pneumonia,0.8935967555387965,3.220566,849,10167585.0,84390.95549999973,2026,2024
330224,HEALTHALLIANCE HOSPITAL MARYS AVENUE CAMPUS,Healthalliance Hospital Marys Avenue Campus,KINGSTON,NY,5,0.9977,0.23,0.23,True,True,5,3.0,Hip/knee replacement,0.48219345424930776,0.10799099999999207,2390,27735001.0,63790.502299999134,2026,2024
330264,MONTEFIORE ST LUKE'S CORNWALL,St Luke's Cornwall Hospital,NEWBURGH,NY,4,0.9932,0.68,0.68,True,True,5,5.0,Pneumonia,0.6668009641242645,9.025806999999991,2400,31997704.0,217584.3872000009,2026,2024
330265,CLIFTON SPRINGS HOSPITAL AND CLINIC,Clifton Springs Hospital And Clinic,CLIFTON SPRINGS,NY,4,0.9976,0.24,0.24,True,True,5,2.0,Pneumonia,0.7572044474699329,0.41720400000000035,416,4185284.0,10044.681599999823,2026,2024
340049,NORTH CAROLINA SPECIALTY HOSPITAL,North Carolina Specialty Hospital,DURHAM,NC,1,0.9871,1.29,1.29,True,True,1,1.0,Hip/knee replacement,1.0,,171,2940762.0,37935.829800000065,2026,2024
340143,CATAWBA VALLEY MEDICAL CENTER,Catawba Valley Medical Center,HICKORY,NC,3,0.9998,0.02,0.02,True,True,5,2.0,Heart attack,0.7530503455083928,-4.3237929999999976,1580,19693583.0,3938.7165999995664,2026,2024
350006,TRINITY HOSPITALS,Trinity Hospitals,MINOT,ND,2,0.9995,0.05,0.05,True,True,6,1.0,COPD,1.0,-2.000977000000004,2469,32526898.0,16263.448999998209,2026,2024
350015,SANFORD MEDICAL CENTER BISMARCK,Sanford Medical Center Bismarck,BISMARCK,ND,2,0.9986,0.14,0.14,True,True,6,1.0,Heart bypass surgery (CABG),1.0,-23.520068999999985,3719,50482860.0,70676.00399999782,2026,2024
360008,SOUTHERN OHIO MEDICAL CENTER,Southern Ohio Medical Center,PORTSMOUTH,OH,4,0.997,0.3,0.3,True,True,6,3.0,Heart failure,0.9530252510233904,4.620222000000007,2354,31336241.0,94008.72300000009,2026,2024
360009,LIMA MEMORIAL HEALTH SYSTEM,Lima Memorial Health System,LIMA,OH,3,0.9903,0.97,0.97,True,True,6,4.0,Heart attack,0.3740032017235448,5.559783999999993,1929,23132720.0,224387.38400000098,2026,2024
360013,WILSON MEMORIAL HOSPITAL,Wilson Memorial Hospital,SIDNEY,OH,2,0.9985,0.15,0.15,True,True,5,3.0,Heart attack,0.5099861826403733,0.04850999999999949,496,4605797.0,6908.695499999751,2026,2024
360065,FISHER-TITUS HOSPITAL,Fisher-Titus Hospital,NORWALK,OH,2,0.9926,0.74,0.74,True,True,5,2.0,Heart failure,0.5780394965243999,3.542981999999993,1118,14231713.0,105314.67619999946,2026,2024
360077,FAIRVIEW HOSPITAL,Fairview Hospital,CLEVELAND,OH,3,0.9959,0.41,0.41,True,True,6,3.0,Pneumonia,0.8579147639002809,-6.058018999999993,4454,51628842.0,211678.2521999996,2026,2024
360091,MEDINA HOSPITAL,Medina Hospital,MEDINA,OH,1,0.9998,0.02,0.02,True,True,5,1.0,Pneumonia,1.0,-1.6794429999999958,2361,18760848.0,3752.169599999587,2026,2024
360112,MERCY ST VINCENT MEDICAL CENTER,Mercy Health St Vincent Medical Center,TOLEDO,OH,4,0.9882,1.18,1.18,True,True,6,4.0,Heart bypass surgery (CABG),0.34550814979103384,24.646333000000006,6538,87772744.0,1035718.3792000029,2026,2024
360175,TRIHEALTH CLINTON REGIONAL HOSPITAL,Clinton Memorial Hospital,WILMINGTON,OH,3,0.9949,0.51,0.5,True,True,5,4.0,Heart failure,0.5595779821412913,1.1332080000000013,320,3541135.0,18059.788499999977,2026,2024
360218,LICKING MEMORIAL HOSPITAL,Licking Memorial Hospital,NEWARK,OH,2,0.9939,0.61,0.61,True,True,5,3.0,Heart failure,0.5228623094807543,5.716615000000003,1682,15613030.0,95239.4829999999,2026,2024
360234,MERCY HEALTH - WEST HOSPITAL,Mercy Health - West Hospital,CINCINNATI,OH,4,0.9935,0.65,0.65,True,True,6,4.0,Heart attack,0.3758720724336576,9.097172,2626,24159542.0,157037.0229999988,2026,2024
370023,"DUNCAN REGIONAL HOSPITAL, INC","Duncan Regional Hospital, Inc",DUNCAN,OK,3,0.9971,0.29,0.29,True,True,5,1.0,Pneumonia,1.0,-3.442475999999994,1633,14790108.0,42891.3132000002,2026,2024
370203,"COMMUNITY HOSPITAL, LLC","Community Hospital, Llc",OKLAHOMA CITY,OK,1,0.9985,0.15,0.15,True,True,3,1.0,Hip/knee replacement,1.0,,447,7312790.0,10969.184999999603,2026,2024
380004,PROVIDENCE ST VINCENT MEDICAL CENTER,Providence St Vincent Medical Center,PORTLAND,OR,3,0.9996,0.04,0.04,True,True,6,2.0,Pneumonia,0.8654150920394985,-13.58981800000002,5434,97153107.0,38861.24279999572,2026,2024
390041,UNIONTOWN HOSPITAL,Uniontown Hospital,UNIONTOWN,PA,5,0.997,0.3,0.3,True,True,5,2.0,Heart failure,0.8019519009567265,2.713219999999999,1636,14528412.0,43585.23600000004,2026,2024
390117,UPMC BEDFORD MEMORIAL,Upmc Bedford Memorial,EVERETT,PA,4,0.9987,0.13,0.13,True,True,4,1.0,Pneumonia,1.0,0.09925799999999821,291,2508155.0,3260.6014999999193,2026,2024
390137,WILKES-BARRE GENERAL HOSPITAL,Wilkes-Barre General Hospital,WILKES-BARRE,PA,3,0.9978,0.22,0.22,True,True,6,1.0,Heart attack,1.0,-0.5021480000000169,3053,32405955.0,71293.10099999934,2026,2024
390153,PAOLI HOSPITAL,Paoli Hospital,PAOLI,PA,1,0.9998,0.02,0.02,True,True,6,1.0,COPD,1.0,-8.705583999999991,5759,60488791.0,12097.758199998667,2026,2024
390203,DOYLESTOWN HOSPITAL,Doylestown Hospital,DOYLESTOWN,PA,1,0.9885,1.15,1.15,True,True,6,5.0,Heart attack,0.29668282022837394,11.842718999999999,5293,59142295.0,680136.3924999973,2026,2024
390256,MILTON S HERSHEY MEDICAL CENTER,Milton S Hershey Medical Center,HERSHEY,PA,2,0.9985,0.15,0.15,True,True,6,3.0,Pneumonia,0.47511697955936055,1.8396369999999904,5221,116334487.0,174501.7304999937,2026,2024
420043,CHEROKEE MEDICAL CENTER,Cherokee Medical Center,GAFFNEY,SC,4,0.998,0.2,0.2,True,True,4,1.0,Heart failure,1.0,0.39679500000000034,378,4263843.0,8527.686000000007,2026,2024
420048,KERSHAWHEALTH,Kershaw Medical Center,CAMDEN,SC,4,0.9991,0.09,0.09,True,True,5,1.0,COPD,1.0,-3.988094000000002,819,7600591.0,6840.531900000091,2026,2024
420086,PRISMA HEALTH BAPTIST,Prisma Health Baptist,COLUMBIA,SC,4,0.9974,0.26,0.26,True,True,5,1.0,Hip/knee replacement,1.0,-0.8397539999999989,1631,19329271.0,50256.1046000009,2026,2024
420107,MCLEOD HEALTH CHERAW,Mcleod Health Cheraw,CHERAW,SC,5,0.9859,1.41,1.41,True,True,4,2.0,Pneumonia,0.9603308856814751,5.189778000000002,676,6516642.0,91884.65220000001,2026,2024
430098,PINE RIDGE IHS HOSPITAL,Pine Ridge Ihs Hospital,PINE RIDGE,SD,5,0.9994,0.06,0.06,True,True,4,1.0,Pneumonia,1.0,,157,1551359.0,930.8154000000698,2026,2024
440006,TRISTAR SKYLINE MEDICAL CENTER,Tristar Skyline Medical Center,NASHVILLE,TN,3,0.997,0.3,0.3,True,True,6,4.0,Pneumonia,0.5891013920732117,4.663907000000006,2581,34282092.0,102846.27600000009,2026,2024
440084,SWEETWATER HOSPITAL ASSOCIATION,Sweetwater Hospital Association,SWEETWATER,TN,4,0.9892,1.08,1.08,True,True,4,3.0,Pneumonia,0.5223547501841983,2.9724529999999985,429,3766274.0,40675.75920000012,2026,2024
450056,ASCENSION SETON MEDICAL CENTER AUSTIN,Ascension Seton Medical Center Austin,AUSTIN,TX,1,0.9957,0.43,0.43,True,True,6,3.0,Pneumonia,0.6015194338300135,3.663292999999999,3167,63844630.0,274531.9089999981,2026,2024
450072,CHI ST LUKE'S HEALTH BRAZOSPORT,Chi St Luke's Health Brazosport,LAKE JACKSON,TX,1,0.9928,0.72,0.72,True,True,5,3.0,Heart failure,0.6677505011289578,3.340093,721,7769989.0,55943.920799999876,2026,2024
450082,CHRISTUS SPOHN HOSPITAL BEEVILLE,Christus Spohn Hospital Beeville,BEEVILLE,TX,4,0.9957,0.43,0.43,True,True,4,1.0,Pneumonia,1.0,0.4307320000000004,217,3154781.0,13565.558299999908,2026,2024
450083,UT HEALTH EAST TEXAS TYLER REGIONAL HOSPITAL,Ut Health East Texas Tyler Regional Hospital,TYLER,TX,2,0.9899,1.01,1.01,True,True,6,5.0,Heart attack,0.4342734920861257,16.194981999999992,5734,83883044.0,847218.7443999999,2026,2024
450087,MEDICAL CITY NORTH HILLS,Medical City North Hills,NORTH RICHLAND HILLS,TX,2,0.9939,0.61,0.61,True,True,6,4.0,Pneumonia,0.5058664102945226,4.837643000000009,1486,17575995.0,107213.5694999999,2026,2024
450101,BAYLOR SCOTT & WHITE MEDICAL CENTER HILLCREST,Baylor Scott & White Medical Center - Hillcrest,WACO,TX,2,0.9993,0.07,0.07,True,True,6,2.0,COPD,0.573619181192813,-0.6051039999999891,2828,35899867.0,25129.906900001217,2026,2024
450102,CHRISTUS MOTHER FRANCES HOSPITAL,Christus Mother Frances Hospital,TYLER,TX,1,1.0,0.0,0.0,True,False,6,1.0,Hip/knee replacement,1.0,-32.607932000000005,7149,93006811.0,0.0,2026,2024
450104,GUADALUPE REGIONAL MEDICAL CENTER,Guadalupe Regional Medical Center,SEGUIN,TX,2,0.9845,1.55,1.55,True,True,5,5.0,Hip/knee replacement,0.6101491143309229,3.212059000000004,1111,11005908.0,170591.57399999953,2026,2024
450154,VAL VERDE REGIONAL MEDICAL CENTER,Val Verde Regional Medical Center,DEL RIO,TX,4,0.9981,0.19,0.19,True,True,4,2.0,Heart failure,0.7247496538299465,-0.19622000000000012,330,4763789.0,9051.199100000062,2026,2024
450200,WADLEY REGIONAL MEDICAL CENTER,Wadley Regional Medical Center,TEXARKANA,TX,4,0.9961,0.39,0.4,True,True,5,3.0,Pneumonia,0.7659586908538106,2.9238809999999997,753,7815793.0,30481.592700000114,2026,2024
450451,GLEN ROSE MEDICAL CENTER,Glen Rose Medical Center,GLEN ROSE,TX,1,0.9978,0.22,0.22,True,True,5,1.0,Pneumonia,1.0,,102,857502.0,1886.5043999999825,2026,2024
450571,SHANNON MEDICAL CENTER,Shannon Medical Center,SAN ANGELO,TX,2,0.9974,0.26,0.26,True,True,6,3.0,Heart bypass surgery (CABG),0.6438718239998201,-12.015290999999998,4364,46839613.0,121782.9938000022,2026,2024
450641,NOCONA GENERAL HOSPITAL,Nocona General Hospital,NOCONA,TX,1,0.9979,0.21,0.21,True,True,4,2.0,Heart failure,0.7268702149248234,,164,1688141.0,3545.0960999999843,2026,2024
450644,HCA HOUSTON HEALTHCARE WEST,Hca Houston Healthcare West,HOUSTON,TX,5,0.9996,0.04,0.04,True,True,6,3.0,Heart attack,0.4840235205805082,-0.21904399999999913,1089,17225436.0,6890.174399999241,2026,2024
450686,UNIVERSITY MEDICAL CENTER,University Medical Center,LUBBOCK,TX,3,0.9961,0.39,0.39,True,True,6,3.0,Heart bypass surgery (CABG),0.5511317964850311,3.4273239999999943,3588,70239183.0,273932.81370000105,2026,2024
450853,BAYLOR SCOTT & WHITE MEDICAL CENTER - FRISCO,Baylor Medical Center At Frisco,FRISCO,TX,1,0.9959,0.41,0.41,True,True,3,1.0,Hip/knee replacement,1.0,,203,2484010.0,10184.44099999998,2026,2024
450855,HARLINGEN MEDICAL CENTER,Harlingen Medical Center,HARLINGEN,TX,4,0.9988,0.12,0.12,True,True,6,2.0,Heart attack,0.8742024344877981,-2.4898019999999983,990,11549059.0,13858.870799999755,2026,2024
450867,ASCENSION SETON NORTHWEST,Ascension Seton Northwest,AUSTIN,TX,1,0.9965,0.35,0.35,True,True,4,4.0,Hip/knee replacement,0.4333837496082521,0.3466860000000006,725,9224783.0,32286.740499999516,2026,2024
460015,INTERMOUNTAIN HEALTH LOGAN REGIONAL HOSPITAL,Logan Regional Hospital,LOGAN,UT,2,0.9989,0.11,0.11,True,True,5,1.0,Hip/knee replacement,1.0,-3.8898319999999984,952,11327152.0,12459.867199999886,2026,2024
490004,SENTARA RMH MEDICAL CENTER,Sentara Rmh Medical Center,HARRISONBURG,VA,2,0.9982,0.18,0.18,True,True,6,1.0,Heart failure,1.0,-1.6809539999999688,3717,52984807.0,95372.65260000127,2026,2024
490022,MARY WASHINGTON HOSPITAL,"Mary Washington Hospital, Inc",FREDERICKSBURG,VA,2,0.9805,1.95,1.95,True,True,6,5.0,Pneumonia,0.5925848487747436,76.09961699999995,7564,89731038.0,1749755.2409999967,2026,2024
490143,RIVERSIDE DOCTORS' HOSPITAL OF WILLIAMSBURG,Riverside Doctors' Hospital Of Williamsburg,WILLIAMSBURG,VA,1,0.9996,0.04,0.04,True,True,5,1.0,COPD,1.0,-1.8695899999999996,872,5960471.0,2384.1883999997376,2026,2024
500050,PEACEHEALTH SOUTHWEST MEDICAL CENTE,Peacehealth Southwest Medical Cente,VANCOUVER,WA,3,0.9979,0.21,0.21,True,True,6,3.0,Pneumonia,0.5061207933787868,-9.558451999999999,3819,60802123.0,127684.45829999945,2026,2024
510048,LOGAN REGIONAL MEDICAL CENTER,Logan Regional Medical Center,LOGAN,WV,4,1.0,0.0,0.0,True,False,5,1.0,Pneumonia,1.0,-0.4488139999999978,979,10368450.0,0.0,2026,2024
510050,"WHEELING HOSPITAL, INC","Wheeling Hospital, Inc",WHEELING,WV,2,0.99,1.0,1.01,True,True,6,5.0,Pneumonia,0.533912172571714,11.499421999999996,3279,34745089.0,347450.8900000003,2026,2024
520193,AURORA BAYCARE MEDICAL CTR,Aurora Baycare Medical Ctr,GREEN BAY,WI,3,0.997,0.3,0.3,True,True,6,2.0,Hip/knee replacement,0.551328008312228,-4.013704999999999,1781,22820809.0,68462.42700000005,2026,2024
530008,SAGEWEST HEALTH CARE,Sagewest Health Care,RIVERTON,WY,3,1.0,0.0,0.0,True,False,5,1.0,Heart failure,1.0,-1.166828999999998,630,7178056.0,0.0,2026,2024
530025,IVINSON MEMORIAL HOSPITAL,Ivinson Memorial Hospital,LARAMIE,WY,1,0.9998,0.02,0.02,True,True,5,1.0,COPD,1.0,,591,10264179.0,2052.835799999774,2026,2024
670031,ST LUKE'S PATIENTS MEDICAL CENTER,St Luke's Patients Medical Center,PASADENA,TX,1,0.9984,0.16,0.16,True,True,5,3.0,Pneumonia,0.8849292774573374,0.21523300000000006,461,4124299.0,6598.878400000189,2026,2024
670069,METHODIST MCKINNEY HOSPITAL,Methodist Mckinney Hospital,MCKINNEY,TX,1,0.97,3.0,3.0,True,True,1,1.0,Hip/knee replacement,1.0,2.733780000000001,139,1749407.0,52482.21000000005,2026,2024
670088,BAYLOR SCOTT & WHITE MEDICAL CENTER- COLLEGE STATI,Baylor Scott & White Medical Center- College Stati,COLLEGE STATION,TX,1,0.9961,0.39,0.39,True,True,6,4.0,Hip/knee replacement,0.39676187824980386,1.776711999999999,2210,28362185.0,110612.52150000041,2026,2024
010008,CRENSHAW COMMUNITY HOSPITAL,Crenshaw Community Hospital,LUVERNE,AL,4,0.9996,0.04,0.04,True,True,4,1.0,Pneumonia,1.0,,102,753614.0,301.4455999999668,2026,2024
040067,MAGNOLIA REGIONAL MEDICAL CENTER,Magnolia Regional Medical Center,MAGNOLIA,AR,3,0.999,0.1,0.1,True,True,5,1.0,Pneumonia,1.0,,317,2723138.0,2723.138000000002,2026,2024
390337,GEISINGER MEDICAL CENTER MUNCY,Geisinger Medical Center Muncy,MUNCY,PA,2,0.9969,0.31,0.31,True,True,3,2.0,Heart failure,0.5032302043472195,,297,1844580.0,5718.197999999985,2026,2024
240052,LAKE REGION HEALTHCARE CORPORATION,Lake Region Healthcare Corporation,FERGUS FALLS,MN,2,0.9876,1.24,1.24,True,True,5,1.0,Hip/knee replacement,1.0,-0.6325479999999991,388,4583337.0,56833.378799999846,2026,2024
450498,STEPHENS MEMORIAL HOSPITAL,Stephens Memorial Hospital,BRECKENRIDGE,TX,1,0.9992,0.08,0.08,True,True,4,1.0,Pneumonia,1.0,,55,482399.0,385.9192000000111,2026,2024
050350,ADVENTIST HEALTH WHITE MEMORIAL MONTEBELLO,ADVENTIST HEALTH WHITE MEMORIAL MONTEBELLO,MONTEBELLO,CA,5,0.9988,0.12,0.12,True,True,6,4.0,Heart attack,0.4496757983465719,0.822102000000001,,,,2026,
110153,,,,,2,0.9903,0.97,0.97,True,True,5,2.0,Hip/knee replacement,0.9932081739182012,,,,,2026,
010044,MARION REGIONAL MEDICAL CENTER,Marion Regional Medical Center,HAMILTON,AL,1,0.9979,0.21,0.21,True,True,4,1.0,Pneumonia,1.0,,118,1069632.0,2246.2271999999903,2026,2024
010144,SPRINGHILL MEDICAL CENTER,Springhill Memorial Hospital,MOBILE,AL,1,0.9984,0.16,0.16,True,True,6,4.0,Heart failure,0.6045191070395599,1.4555169999999955,1760,22416891.0,35867.02560000103,2026,2024
010168,JACK HUGHSTON MEMORIAL HOSPITAL,Jack Hughston Memorial Hospital,PHENIX CITY,AL,1,0.9981,0.19,0.19,True,True,5,1.0,Hip/knee replacement,1.0,,515,7947150.0,15099.585000000101,2026,2024
030013,YUMA REGIONAL MEDICAL CENTER,Yuma Regional Medical Center,YUMA,AZ,5,0.9962,0.38,0.38,True,True,6,2.0,Heart failure,0.9854281059554697,4.353266999999999,3413,50151122.0,190574.2636000013,2026,2024
030030,ABRAZO CENTRAL CAMPUS,Abrazo Central Campus,PHOENIX,AZ,5,0.9996,0.04,0.04,True,True,4,1.0,Pneumonia,1.0,0.25685399999999947,645,8632418.0,3452.96719999962,2026,2024
030043,CANYON VISTA MEDICAL CENTER,Canyon Vista Medical Center,SIERRA VISTA,AZ,3,0.993,0.7,0.7,True,True,5,4.0,Pneumonia,0.6668744982384905,3.221761999999995,1400,20046110.0,140322.77000000014,2026,2024
030065,BANNER DESERT MEDICAL CENTER,Banner Desert Medical Center,MESA,AZ,4,0.9943,0.57,0.57,True,True,6,4.0,Pneumonia,0.8820233095390865,12.192381999999993,4927,76203126.0,434357.81820000295,2026,2024
040014,WHITE COUNTY MEDICAL CENTER,Unity Health White County Medical Center,SEARCY,AR,3,0.991,0.9,0.9,True,True,5,3.0,Pneumonia,0.7503082336925115,14.09958,2901,31162240.0,280460.16000000027,2026,2024
040041,ST MARYS REGIONAL MEDICAL CENTER,St Marys Regional Medical Center,RUSSELLVILLE,AR,3,0.9989,0.11,0.11,True,True,5,1.0,Heart attack,1.0,-6.154441999999995,981,9114748.0,10026.222799999909,2026,2024
050017,MERCY GENERAL HOSPITAL,Mercy General Hospital,SACRAMENTO,CA,5,0.994,0.6,0.6,True,True,6,3.0,Hip/knee replacement,0.4350835992012673,7.765577999999996,3244,77834328.0,467005.9680000004,2026,2024
050060,COMMUNITY REGIONAL MEDICAL CENTER,Community Regional Medical Center,FRESNO,CA,5,0.9958,0.42,0.42,True,True,6,4.0,Heart failure,0.32092779813228306,20.41474,6098,139176154.0,584539.8467999974,2026,2024
050103,ADVENTIST HEALTH WHITE MEMORIAL,Adventist Health White Memorial,LOS ANGELES,CA,5,0.9971,0.29,0.29,True,True,6,3.0,Pneumonia,0.9172030916442303,3.6573530000000005,2186,46589953.0,135110.86370000063,2026,2024
050121,ADVENTIST HEALTH HANFORD,Adventist Health Hanford,HANFORD,CA,5,0.9983,0.17,0.17,True,True,5,1.0,Heart failure,1.0,-0.5100360000000106,1962,33288257.0,56590.036900001156,2026,2024
050126,VALLEY PRESBYTERIAN HOSPITAL,Valley Presbyterian Hospital,VAN NUYS,CA,5,0.9924,0.76,0.76,True,True,6,3.0,Heart failure,0.5567022108616451,9.06355800000001,1835,35232834.0,267769.5384000018,2026,2024
050168,PROVIDENCE ST. JUDE MEDICAL CENTER,Providence St. Jude Medical Center,FULLERTON,CA,4,0.9956,0.44,0.44,True,True,6,3.0,Pneumonia,0.9883158070438994,6.826446999999998,4119,73196965.0,322066.64599999704,2026,2024
050324,SCRIPPS MEMORIAL HOSPITAL LA JOLLA,Scripps Memorial Hospital La Jolla,LA JOLLA,CA,2,0.9985,0.15,0.15,True,True,6,3.0,Hip/knee replacement,0.5303371644583593,-18.787719,7469,153784658.0,230676.98699999167,2026,2024
050353,PROVIDENCE LITTLE COMPANY OF MARY MED CTR TORRANCE,Providence Little Company Of Mary Med Ctr Torrance,TORRANCE,CA,5,0.9992,0.08,0.08,True,True,6,1.0,Heart attack,1.0,-0.582485000000001,3254,55013439.0,44010.75120000126,2026,2024
050516,MERCY SAN JUAN MEDICAL CENTER,Mercy San Juan Medical Center,CARMICHAEL,CA,5,0.9964,0.36,0.36,True,True,6,4.0,Pneumonia,0.6820885942817692,6.441516000000008,4586,84820824.0,305354.96640000405,2026,2024
050633,ADVENTIST HEALTH TWIN CITIES,Adventist Health Twin Cities,TEMPLETON,CA,3,0.9947,0.53,0.53,True,True,5,3.0,Pneumonia,0.5220532045274316,3.298019000000003,1462,19572049.0,103731.85969999943,2026,2024
050771,COAST PLAZA HOSPITAL,Coast Plaza Hospital,NORWALK,CA,5,0.9996,0.04,0.04,True,True,5,1.0,Heart failure,1.0,0.6557190000000008,763,12174582.0,4869.8327999994635,2026,2024
060028,SAINT JOSEPH HOSPITAL,Intermountain Health Saint Joseph Hospital,DENVER,CO,2,1.0,0.0,0.0,True,False,6,1.0,COPD,1.0,-0.7680000000000002,1508,35808095.0,0.0,2026,2024
070022,YALE-NEW HAVEN HOSPITAL,Yale-New Haven Hospital,NEW HAVEN,CT,3,0.9996,0.04,0.04,True,True,6,2.0,Heart bypass surgery (CABG),0.6348083566376057,-23.97092999999999,11262,268361846.0,107344.73839998817,2026,2024
090011,MEDSTAR WASHINGTON HOSPITAL CENTER,Medstar Washington Hospital Center,WASHINGTON,DC,4,0.999,0.1,0.1,True,True,6,4.0,Heart attack,0.7654644066442258,-23.330266999999967,8228,235470385.0,235470.3850000002,2026,2024
100062,ADVENTHEALTH OCALA,Adventhealth Ocala,OCALA,FL,1,0.993,0.7,0.7,True,True,6,3.0,Heart failure,0.5606628047215453,9.040419999999997,4409,51767243.0,362370.70100000035,2026,2024
100069,AdventHealth Carrollwood,Adventhealth Carrollwood,TAMPA,FL,4,0.9958,0.42,0.42,True,True,5,3.0,Hip/knee replacement,0.7926502164482204,-0.26206499999999866,1206,17843081.0,74940.94019999968,2026,2024
100077,Adventhealth Port Charlotte,Adventhealth Port Charlotte,PORT CHARLOTTE,FL,1,0.9842,1.58,1.58,True,True,6,5.0,Pneumonia,0.33045331472554657,20.825504,2850,33908772.0,535758.5976000013,2026,2024
100084,UF HEALTH LEESBURG HOSPITAL,Uf Health Leesburg Hospital,LEESBURG,FL,1,0.9985,0.15,0.15,True,True,6,3.0,Pneumonia,0.4966353409024663,-5.258689999999976,4435,50565642.0,75848.46299999727,2026,2024
100099,ADVENTHEALTH LAKE WALES,Adventhealth Lake Wales,LAKE WALES,FL,3,0.9901,0.99,0.99,True,True,4,2.0,Pneumonia,0.9724930138672548,2.558250000000003,774,7718638.0,76414.51620000016,2026,2024
100157,LAKELAND REGIONAL MEDICAL CENTER,Lakeland Regional Medical Center,LAKELAND,FL,2,0.9904,0.96,0.96,True,True,6,4.0,Pneumonia,0.5137367380523958,49.209515999999965,9140,111819653.0,1073468.668800006,2026,2024
100220,GULF COAST MEDICAL CENTER LEE HEALTH,Gulf Coast Medical Center,FORT MYERS,FL,1,0.9992,0.08,0.08,True,True,6,2.0,Heart failure,0.5732650198796784,-11.824516000000017,10227,121157246.0,96925.79680000278,2026,2024
100252,HCA FLORIDA RAULERSON HOSPITAL,Hca Florida Raulerson Hospital,OKEECHOBEE,FL,2,0.9907,0.93,0.93,True,True,5,3.0,Heart failure,0.582326794360213,5.175216,1024,11437041.0,106364.48129999971,2026,2024
100258,DELRAY MEDICAL CENTER,Delray Medical Center,DELRAY BEACH,FL,1,0.9968,0.32,0.32,True,True,6,6.0,Heart bypass surgery (CABG),0.4322717775055841,1.77172099999998,7447,80879602.0,258814.72639999844,2026,2024
100307,ASCENSION ST VINCENT'S SOUTHSIDE,Ascension St Vincent's Southside,JACKSONVILLE,FL,2,0.995,0.5,0.5,True,True,5,4.0,Pneumonia,0.6301812281587282,3.7915379999999965,1552,21851721.0,109258.6050000001,2026,2024
110028,PIEDMONT AUGUSTA HOSPITAL,Piedmont Augusta Hospital,AUGUSTA,GA,2,0.9965,0.35,0.35,True,True,6,3.0,Heart bypass surgery (CABG),0.5413986801956845,-1.6089950000000053,4999,59159268.0,207057.4379999969,2026,2024
110029,"NORTHEAST GEORGIA MEDICAL CENTER, INC","Northeast Georgia Medical Center, Inc",GAINESVILLE,GA,1,0.9981,0.19,0.19,True,True,6,2.0,Heart bypass surgery (CABG),0.9543140886944882,-24.660523,9228,147849420.0,280913.8980000019,2026,2024
110083,"PIEDMONT HOSPITAL, INC","Piedmont Hospital, Inc",ATLANTA,GA,1,0.9973,0.27,0.27,True,True,6,4.0,Heart bypass surgery (CABG),0.5305858597597297,4.173582999999984,6783,119782744.0,323413.4088000043,2026,2024
120007,KUAKINI MEDICAL CENTER,Kuakini Medical Center,HONOLULU,HI,4,0.9993,0.07,0.07,True,True,5,2.0,Heart failure,0.6695878798293111,-1.9057499999999963,1005,19116053.0,13381.237100000648,2026,2024
140034,SSM HEALTH ST MARY'S HOSPITAL -CENTRALIA,Ssm Health St Mary's Hospital -Centralia,CENTRALIA,IL,5,0.9903,0.97,0.97,True,True,5,2.0,Pneumonia,0.8169648772702047,6.2159439999999995,1143,11678374.0,113280.22780000049,2026,2024
140179,OSF LITTLE COMPANY OF MARY MEDICAL CENTER,Osf Little Company Of Mary Medical Center,EVERGREEN PARK,IL,5,0.9892,1.08,1.08,True,True,5,4.0,Heart failure,0.45138682790604573,22.656946999999995,2632,31606700.0,341352.36000000103,2026,2024
140184,HEARTLAND REGIONAL MEDICAL CENTER,Deaconess Illinois Medical Center,MARION,IL,5,0.9941,0.59,0.59,True,True,5,3.0,Pneumonia,0.442734416217291,4.0245579999999945,1097,10778025.0,63590.34750000018,2026,2024
140286,NORTHWESTERN MEDICINE KISHWAUKEE HOSPITAL,Northwestern Medicine Kishwaukee Hospital,DEKALB,IL,4,0.9993,0.07,0.07,True,True,5,2.0,COPD,0.9360337404446016,-6.175511,2098,23489344.0,16442.540800000796,2026,2024
140289,ANDERSON HOSPITAL,Anderson Hospital,MARYVILLE,IL,3,0.9936,0.64,0.64,True,True,5,4.0,Pneumonia,0.7191150616091576,3.823051999999999,1793,16051105.0,102727.07199999937,2026,2024
140304,UCHICAGO MEDICINE ADVENTHEALTH BOLINGBROOK,Uchicago Medicine Adventhealth Bolingbrook,BOLINGBROOK,IL,5,0.9991,0.09,0.09,True,True,5,2.0,COPD,0.9389294103102944,1.6940829999999991,1273,13205118.0,11884.606200000157,2026,2024
150001,JOHNSON MEMORIAL HOSPITAL,Johnson Memorial Hospital,FRANKLIN,IN,4,0.9986,0.14,0.14,True,True,5,1.0,Heart failure,1.0,-0.20495999999999898,483,4022937.0,5632.111799999826,2026,2024
150017,LUTHERAN HOSPITAL OF INDIANA,Lutheran Hospital Of Indiana,FORT WAYNE,IN,3,0.9988,0.12,0.12,True,True,6,2.0,Heart bypass surgery (CABG),0.9785215443404922,-3.955596999999991,3762,56716738.0,68060.0855999988,2026,2024
150018,ELKHART GENERAL HOSPITAL,Elkhart General Hospital,ELKHART,IN,3,0.9968,0.32,0.32,True,True,6,3.0,Heart failure,0.5376839606130241,-6.125006999999995,2631,30898163.0,98874.1215999994,2026,2024
150056,INDIANA UNIVERSITY HEALTH,Indiana University Health,INDIANAPOLIS,IN,4,0.9993,0.07,0.07,True,True,6,2.0,Heart bypass surgery (CABG),0.9776174620791716,-3.1584150000000095,7573,165966839.0,116176.78730000563,2026,2024
150074,COMMUNITY HOSPITAL EAST,Community Hospital East,INDIANAPOLIS,IN,5,0.992,0.8,0.8,True,True,6,3.0,Heart attack,0.6570586703446148,12.927869999999992,3138,51049902.0,408399.21600000036,2026,2024
150128,"COMMUNITY HOSPITAL SOUTH, INC.",Community Hospital South,INDIANAPOLIS,IN,3,0.9974,0.26,0.26,True,True,5,2.0,Pneumonia,0.8888184207728602,0.252066000000003,2180,23950846.0,62272.19960000112,2026,2024
150133,KOSCIUSKO COMMUNITY HOSPITAL,Lutheran Kosciusko Hospital,WARSAW,IN,2,0.9955,0.45,0.45,True,True,5,2.0,Pneumonia,0.8251363878748108,0.5033370000000041,628,5581998.0,25118.99099999971,2026,2024
150161,INDIANA UNIVERSITY HEALTH NORTH HOSPITAL,Indiana University Health North Hospital,CARMEL,IN,2,0.9983,0.17,0.17,True,True,5,3.0,Heart failure,0.9441826873473879,-5.784377999999996,1825,20076365.0,34129.8205000007,2026,2024
150165,FRANCISCAN HEALTH MUNSTER,Franciscan Health Munster,MUNSTER,IN,4,0.9924,0.76,0.76,True,True,5,5.0,Heart failure,0.6199858549396178,6.225287000000003,1273,13881402.0,105498.6552000007,2026,2024
160029,UNIVERSITY OF IOWA HEALTH CARE MEDICAL CENTER DOWN,University Of Iowa Health Care Medical Center Down,IOWA CITY,IA,1,0.9945,0.55,0.55,True,True,5,4.0,Heart failure,0.7945005882902891,5.027566000000001,1601,15570900.0,85639.94999999921,2026,2024
160110,ALLEN HOSPITAL,Allen Hospital,WATERLOO,IA,3,0.9971,0.29,0.29,True,True,6,2.0,Heart attack,0.8135210288494964,-8.460768999999994,2478,28609340.0,82967.08600000039,2026,2024
160117,FINLEY HOSPITAL,Finley Hospital,DUBUQUE,IA,3,0.9982,0.18,0.18,True,True,5,3.0,Pneumonia,0.8773581902680225,0.4992840000000032,1471,13856042.0,24940.87560000033,2026,2024
170009,SAINT JOHN HOSPITAL,Saint John Hospital,LEAVENWORTH,KS,2,0.996,0.4,0.4,True,True,4,1.0,Heart failure,1.0,-0.3556350000000029,454,3161629.0,12646.51600000001,2026,2024
170049,UNIVERSITY OF KANSAS HEALTH SYSTEM OLATHE HOSPITAL,Olathe Medical Center,OLATHE,KS,2,0.9995,0.05,0.05,True,True,6,1.0,Heart bypass surgery (CABG),1.0,-13.932324999999999,3163,32435195.0,16217.597499998214,2026,2024
180011,SAINT JOSEPH LONDON,Chi Saint Joseph London,LONDON,KY,3,0.9947,0.53,0.53,True,True,5,3.0,Heart failure,0.799686553925241,2.8447800000000054,1153,11694187.0,61979.19109999967,2026,2024
180045,ST ELIZABETH FLORENCE,St Elizabeth Florence,FLORENCE,KY,2,0.9967,0.33,0.33,True,True,5,2.0,Pneumonia,0.901649870269356,2.3606570000000024,2457,22748216.0,75069.1127999993,2026,2024
180051,JENNIE STUART MEDICAL CENTER,Jennie Stuart Medical Center,HOPKINSVILLE,KY,4,0.9952,0.48,0.48,True,True,5,1.0,Pneumonia,1.0,0.471822999999997,829,8300911.0,39844.37280000022,2026,2024
180092,CLARK REGIONAL MEDICAL CENTER,Clark Regional Medical Center,WINCHESTER,KY,3,0.9964,0.36,0.36,True,True,5,2.0,Pneumonia,0.6195914428180793,-0.2555310000000022,667,5832128.0,20995.660800000278,2026,2024
190020,LANE REGIONAL MEDICAL CENTER,Lane Regional Medical Center,ZACHARY,LA,4,0.9945,0.55,0.55,True,True,5,3.0,Hip/knee replacement,0.6658117937451306,0.6735620000000015,502,4668550.0,25677.024999999765,2026,2024
190026,RAPIDES REGIONAL MEDICAL CENTER,Rapides Regional Medical Center,ALEXANDRIA,LA,4,0.994,0.6,0.6,True,True,6,2.0,Pneumonia,0.785080003486131,10.302784999999993,3461,43229141.0,259374.84600000022,2026,2024
190040,SLIDELL MEMORIAL HOSPITAL,Slidell Memorial Hospital,SLIDELL,LA,2,0.9831,1.69,1.69,True,True,6,5.0,Heart failure,0.5421743932434114,16.83357,2652,23690937.0,400376.8353000006,2026,2024
190044,ACADIA GENERAL HOSPITAL,Ochsner Acadia General Hospital,CROWLEY,LA,5,0.9993,0.07,0.07,True,True,5,1.0,Hip/knee replacement,1.0,-1.7519620000000002,672,6405796.0,4484.057200000218,2026,2024
190208,EAST CARROLL PARISH HOSPITAL,East Carroll Parish Hospital,LAKE PROVIDENCE,LA,5,0.9885,1.15,1.15,True,True,3,1.0,COPD,1.0,0.8434560000000004,84,544365.0,6260.197499999976,2026,2024
220020,SAINT ANNE'S HOSPITAL,Brown University Health Saint Anne's Hospital,FALL RIVER,MA,5,0.9981,0.19,0.19,True,True,5,3.0,Heart failure,0.5127109591967535,2.870657000000003,2766,32278307.0,61328.78330000041,2026,2024
220029,ANNA JAQUES HOSPITAL,Anna Jaques Hospital,NEWBURYPORT,MA,3,0.9777,2.23,2.23,True,True,5,4.0,Hip/knee replacement,0.4089311548724213,16.239255,2243,22087017.0,492540.4790999997,2026,2024
220101,NEWTON-WELLESLEY HOSPITAL,Newton-Wellesley Hospital,NEWTON,MA,2,0.9958,0.42,0.42,True,True,5,3.0,Hip/knee replacement,0.8567917182072542,-13.418745000000012,6981,83292348.0,349827.86159999843,2026,2024
230047,HENRY FORD MACOMB HOSPITAL,Henry Ford Health Macomb Hospital,CLINTON TOWNSHIP,MI,2,0.9999,0.01,0.01,True,True,6,1.0,Heart attack,1.0,-18.696866000000004,5380,66409180.0,6640.917999999268,2026,2024
230075,BRONSON BATTLE CREEK HOSPITAL,Bronson Battle Creek Hospital,BATTLE CREEK,MI,5,0.9934,0.66,0.66,True,True,5,3.0,Hip/knee replacement,0.6866767405433787,2.285722000000001,1913,18420176.0,121573.16160000092,2026,2024
230303,MUNSON HEALTHCARE MANISTEE HOSPITAL,Munson Healthcare Manistee Hospital,MANISTEE,MI,3,0.9994,0.06,0.06,True,True,5,1.0,Pneumonia,1.0,,210,3216712.0,1930.0272000001446,2026,2024
240207,M HEALTH FAIRVIEW RIDGES HOSPITAL,M Health Fairview Ridges Hospital,BURNSVILLE,MN,3,0.9995,0.05,0.05,True,True,5,1.0,Heart attack,1.0,-9.267525000000003,2255,25870289.0,12935.144499998576,2026,2024
260052,MERCY HOSPITAL WASHINGTON,Mercy Hospital Washington,WASHINGTON,MO,2,0.9989,0.11,0.11,True,True,5,1.0,Hip/knee replacement,1.0,-3.4297409999999955,1249,12467574.0,13714.331399999874,2026,2024
260141,UNIVERSITY OF MISSOURI HEALTH CARE,University Of Missouri Health Care,COLUMBIA,MO,4,0.9983,0.17,0.17,True,True,6,5.0,Heart failure,0.41237308198889616,2.294743999999993,6284,103380508.0,175746.8636000036,2026,2024
280065,GREAT PLAINS HEALTH,Great Plains Health,NORTH PLATTE,NE,3,0.9944,0.56,0.56,True,True,5,3.0,Pneumonia,0.7711432791932853,6.029872999999999,1824,20407150.0,114280.04000000101,2026,2024
290005,NORTH VISTA HOSPITAL,North Vista Hospital,NORTH LAS VEGAS,NV,5,0.9973,0.27,0.27,True,True,4,3.0,Heart failure,0.4837255990773569,2.991540000000002,1394,20176645.0,54476.94150000072,2026,2024
300017,PARKLAND MEDICAL CENTER,Parkland Medical Center,DERRY,NH,1,0.9961,0.39,0.39,True,True,5,3.0,Heart failure,0.7180060099001261,2.3915419999999976,1544,13594065.0,53016.8535000002,2026,2024
310002,NEWARK BETH ISRAEL MEDICAL CENTER,Newark Beth Israel Medical Center,NEWARK,NJ,5,0.9937,0.63,0.63,True,True,6,4.0,Heart failure,0.3093567618834569,5.206101000000003,1685,47718591.0,300627.1232999987,2026,2024
310025,CAREPOINT HEALTH - BAYONNE MEDICAL CENTER,Carepoint Health - Bayonne Medical Center,BAYONNE,NJ,4,0.991,0.9,0.9,True,True,5,5.0,Pneumonia,0.3172497565256476,5.845100999999994,1007,14345745.0,129111.70500000012,2026,2024
310096,SAINT MICHAEL'S MEDICAL CENTER,Saint Michael's Medical Center,NEWARK,NJ,5,0.9985,0.15,0.15,True,True,6,3.0,Pneumonia,0.4610296611766491,1.4611039999999997,804,14778061.0,22167.0914999992,2026,2024
320061,GALLUP INDIAN MEDICAL CENTER,Gallup Indian Medical Center,GALLUP,NM,4,0.9994,0.06,0.06,True,True,3,1.0,Heart failure,1.0,,536,6931118.0,4158.670800000312,2026,2024
320085,MOUNTAIN VIEW REGIONAL MEDICAL CENTER,Mountain View Regional Medical Center,LAS CRUCES,NM,3,0.9931,0.69,0.69,True,True,6,5.0,Heart attack,0.3264403010509968,5.135265999999998,1819,23018733.0,158829.2577000004,2026,2024
330126,GARNET HEALTH MEDICAL CENTER,Garnet Health Medical Center,MIDDLETOWN,NY,4,0.9927,0.73,0.73,True,True,6,4.0,Pneumonia,0.6581483948595485,27.791706999999985,7072,103773535.0,757546.8054999972,2026,2024
330219,ERIE COUNTY MEDICAL CENTER,Erie County Medical Center,BUFFALO,NY,5,0.9994,0.06,0.06,True,True,5,1.0,Heart failure,1.0,1.583237999999997,2256,40551165.0,24330.699000001823,2026,2024
330233,BROOKDALE HOSPITAL MEDICAL CENTER,Brookdale Hospital Medical Center,BROOKLYN,NY,5,0.9983,0.17,0.17,True,True,5,2.0,Heart failure,0.9684155838288693,1.5071660000000036,2194,55174749.0,93797.07330000192,2026,2024
330277,CORNING HOSPITAL,Corning Hospital,CORNING,NY,4,0.9948,0.52,0.52,True,True,5,2.0,Heart failure,0.8979538945977109,3.2062509999999977,1051,11047763.0,57448.36759999981,2026,2024
330331,PLAINVIEW HOSPITAL,Plainview Hospital,PLAINVIEW,NY,4,0.9992,0.08,0.08,True,True,5,3.0,Hip/knee replacement,0.5539263789680275,-11.95991599999999,3922,51156625.0,40925.300000001174,2026,2024
340027,UNC LENOIR HEALTH CARE,Unc Lenoir Health Care,KINSTON,NC,5,0.9983,0.17,0.17,True,True,5,1.0,Heart failure,1.0,1.501280000000004,1445,14404897.0,24488.3249000005,2026,2024
340115,FIRSTHEALTH MOORE REGIONAL HOSPITAL,Firsthealth Moore Regional Hospital,PINEHURST,NC,3,0.9942,0.58,0.58,True,True,6,4.0,Hip/knee replacement,0.4786589971529831,-4.018549000000015,5570,64531015.0,374279.8870000018,2026,2024
360002,UNIVERSITY HOSPITALS SAMARITAN MEDICAL CENTER,University Hospitals Samaritan Medical Center,ASHLAND,OH,2,0.9963,0.37,0.37,True,True,5,3.0,Heart failure,0.46706899043921757,0.9872619999999988,572,5482853.0,20286.5561000002,2026,2024
360055,INSIGHT HOSPITAL AND MEDICAL CENTER TRUMBULL,Trumbull Regional Medical Center,WARREN,OH,2,0.9939,0.61,0.6,True,True,6,4.0,Pneumonia,0.4070437641427473,4.027157000000006,989,10863115.0,66265.00149999994,2026,2024
360137,UH CLEVELAND MEDICAL CENTER,Uh Cleveland Medical Center,CLEVELAND,OH,4,0.9987,0.13,0.13,True,True,6,5.0,Pneumonia,0.5386620017421478,4.2590349999999955,4978,132264772.0,171944.20359999576,2026,2024
380082,PROVIDENCE MILWAUKIE HOSPITAL,Providence Milwaukie Hospital,MILWAUKIE,OR,4,0.9996,0.04,0.04,True,True,5,1.0,Pneumonia,1.0,-0.9689750000000019,672,8361854.0,3344.7415999996315,2026,2024
380091,KAISER SUNNYSIDE MEDICAL CENTER,Kaiser Sunnyside Medical Center,CLACKAMAS,OR,1,1.0,0.0,0.0,True,False,6,1.0,Heart failure,1.0,,945,13543452.0,0.0,2026,2024
390042,"WASHINGTON HOSPITAL, THE",Upmc Washington,WASHINGTON,PA,3,0.9979,0.21,0.21,True,True,6,4.0,Heart failure,0.5531261827614523,1.4164290000000024,1564,14145791.0,29706.16109999987,2026,2024
390045,UPMC WILLIAMSPORT,Upmc Williamsport,WILLIAMSPORT,PA,4,0.998,0.2,0.2,True,True,6,4.0,Heart attack,0.7394124056089857,1.5326120000000099,2945,35045879.0,70091.75800000006,2026,2024
390070,LOWER BUCKS HOSPITAL,Lower Bucks Hospital,BRISTOL,PA,5,0.9979,0.21,0.21,True,True,5,2.0,Heart failure,0.6879391940341312,0.7187600000000011,620,7735015.0,16243.531499999928,2026,2024
390091,UPMC NORTHWEST,Upmc Northwest,SENECA,PA,4,0.991,0.9,0.9,True,True,5,2.0,Pneumonia,0.9638936718029271,1.9553090000000048,1009,7849006.0,70641.05400000006,2026,2024
390179,CHESTER COUNTY HOSPITAL,Chester County Hospital,WEST CHESTER,PA,1,0.9978,0.22,0.22,True,True,6,3.0,Heart bypass surgery (CABG),0.4711991368951034,-13.155875999999987,5888,59315077.0,130493.1693999988,2026,2024
420073,LEXINGTON MEDICAL CENTER,Lexington Medical Center,WEST COLUMBIA,SC,2,0.9935,0.65,0.65,True,True,6,5.0,Heart bypass surgery (CABG),0.27924758371757774,7.170964999999999,8913,105326205.0,684620.3324999948,2026,2024
420098,TIDELANDS WACCAMAW COMMUNITY HOSPITAL,Tidelands Waccamaw Community Hospital,MURRELLS INLET,SC,1,0.9988,0.12,0.12,True,True,5,2.0,Hip/knee replacement,0.8349251592482065,-7.738281999999989,2601,25818567.0,30982.280399999454,2026,2024
420110,ROPER ST FRANCIS HOSPITAL-BERKELEY INC,Roper St Francis Hospital-Berkely Inc,SUMMERVILLE,SC,2,0.9988,0.12,0.11,True,True,5,2.0,Heart failure,0.5081521739130465,-0.16035499999999298,848,7256119.0,8707.342799999846,2026,2024
430014,AVERA ST LUKES,Avera St Lukes,ABERDEEN,SD,1,0.9962,0.38,0.38,True,True,5,2.0,Hip/knee replacement,0.7625570776255708,-4.717878000000001,1514,17268132.0,65618.90160000045,2026,2024
440003,HIGHPOINT HEALTH-SUMNER WITH ASCENSION SAINT THOMA,Highpoint Health-Sumner With Ascension Saint Thoma,GALLATIN,TN,3,0.9988,0.12,0.12,True,True,5,2.0,Heart attack,0.6187610619469024,-2.118474999999999,1870,16543799.0,19852.55879999965,2026,2024
440007,UNITY MEDICAL CENTER,Unity Medical Center,MANCHESTER,TN,4,0.9969,0.31,0.31,True,True,4,1.0,COPD,1.0,0.0399049999999998,196,2189756.0,6788.243599999982,2026,2024
440035,VANDERBILT CLARKSVILLE HOSPITAL,Tennova Healthcare-Clarksville,CLARKSVILLE,TN,3,0.9867,1.33,1.33,True,True,5,3.0,Pneumonia,0.7230808410396807,16.71785799999999,2461,23153487.0,307941.3770999995,2026,2024
440046,TRISTAR HORIZON MEDICAL CENTER,Tristar Horizon Medical Center,DICKSON,TN,3,0.9989,0.11,0.11,True,True,6,3.0,Heart attack,0.4295618198006628,-6.894204000000006,1452,13798042.0,15177.84619999986,2026,2024
440061,VOLUNTEER COMMUNITY HOSPITAL,West Tennessee Healthcare Volunteer Hospital,MARTIN,TN,4,0.9995,0.05,0.05,True,True,4,1.0,COPD,1.0,,217,1698309.0,849.1544999999065,2026,2024
440102,LINCOLN MEDICAL CENTER,Lincoln Medical Center,FAYETTEVILLE,TN,3,0.9991,0.09,0.09,True,True,4,1.0,Heart failure,1.0,,256,2779657.0,2501.691300000033,2026,2024
440109,HARDIN MEDICAL CENTER,Hardin Medical Center,SAVANNAH,TN,4,0.9973,0.27,0.27,True,True,5,2.0,Pneumonia,0.8866483205355238,0.2519999999999996,317,3273781.0,8839.208700000117,2026,2024
440137,VANDERBILT BEDFORD HOSPITAL,Vanderbilt Bedford Hospital,SHELBYVILLE,TN,3,0.9997,0.03,0.03,True,True,5,1.0,COPD,1.0,-0.2154359999999995,474,5714113.0,1714.2338999998112,2026,2024
440150,TRISTAR SUMMIT MEDICAL CENTER,Tristar Summit Medical Center,HERMITAGE,TN,2,0.9965,0.35,0.35,True,True,6,3.0,Heart failure,0.7078187941623196,4.0001310000000085,2581,25917818.0,90712.36299999864,2026,2024
440184,FRANKLIN WOODS COMMUNITY HOSPITAL,Franklin Woods Community Hospital,JOHNSON CITY,TN,2,0.9991,0.09,0.09,True,True,4,1.0,Pneumonia,1.0,-0.01439200000000046,1052,8240457.0,7416.411300000098,2026,2024
450021,BAYLOR UNIVERSITY MEDICAL CENTER,Baylor University Medical Center,DALLAS,TX,2,0.9986,0.14,0.14,True,True,6,2.0,Heart bypass surgery (CABG),0.6254743338476301,-21.10775600000001,7561,144497978.0,202297.16919999378,2026,2024
450024,UNIVERSITY MEDICAL CENTER OF EL PASO,University Medical Center Of El Paso,EL PASO,TX,4,0.9989,0.11,0.11,True,True,6,2.0,Pneumonia,0.5476394340406402,0.17951200000000087,1617,46073178.0,50680.49579999953,2026,2024
450068,MEMORIAL HERMANN - TEXAS MEDICAL CENTER,Memorial Hermann Texas Medical Center,HOUSTON,TX,2,0.9991,0.09,0.09,True,True,6,2.0,Pneumonia,0.7374348958333339,-7.970619999999991,6211,163684521.0,147316.06890000193,2026,2024
450163,CHRISTUS SPOHN HOSPITAL KLEBERG,Christus Spohn Hospital Kleberg,KINGSVILLE,TX,4,0.9988,0.12,0.12,True,True,4,1.0,Heart failure,1.0,0.2535279999999988,241,3068331.0,3681.997199999935,2026,2024
450211,CHI ST LUKES HEALTH MEMORIAL LUFKIN,Chi St Lukes Health Memorial Lufkin,LUFKIN,TX,2,0.9948,0.52,0.52,True,True,6,3.0,Heart failure,0.4693525876025825,3.947574000000003,2002,24824812.0,129089.02239999957,2026,2024
450222,HCA HOUSTON HEALTHCARE CONROE,Hca Houston Healthcare Conroe,CONROE,TX,1,0.9906,0.94,0.94,True,True,6,5.0,Pneumonia,0.4370939228111192,8.127444999999998,2249,33527276.0,315156.39439999877,2026,2024
450447,NAVARRO REGIONAL HOSPITAL,Navarro Regional Hospital,CORSICANA,TX,4,0.9879,1.21,1.21,True,True,5,3.0,Pneumonia,0.7788071349561476,1.959129999999996,638,7289976.0,88208.7096,2026,2024
450587,HENDRICK MEDICAL CENTER BROWNWOOD,Hendrick Medical Center Brownwood,BROWNWOOD,TX,3,0.9851,1.49,1.49,True,True,5,1.0,Hip/knee replacement,1.0,-1.139053999999999,1237,13245404.0,197356.51960000032,2026,2024
450659,HCA HOUSTON HEALTHCARE MEDICAL CENTER,Hca Houston Healthcare Medical Center,HOUSTON,TX,2,0.997,0.3,0.3,True,True,6,3.0,Pneumonia,0.650421140198091,0.6895119999999997,969,22865675.0,68597.02500000007,2026,2024
450684,MEMORIAL HERMANN NORTHEAST HOSPITAL,Memorial Hermann Northeast Hospital,HUMBLE,TX,2,0.9962,0.38,0.38,True,True,5,2.0,Pneumonia,0.8316183516244839,2.6771199999999906,2282,31479650.0,119622.6700000008,2026,2024
450688,DALLAS REGIONAL MEDICAL CENTER,Dallas Regional Medical Center,MESQUITE,TX,4,0.9973,0.27,0.27,True,True,5,2.0,COPD,0.5427975854431765,-0.09221599999999985,905,11882626.0,32083.090200000424,2026,2024
460023,AMERICAN FORK HOSPITAL,American Fork Hospital,AMERICAN FORK,UT,2,0.9988,0.12,0.12,True,True,5,1.0,Pneumonia,1.0,0.12535600000000016,722,6770251.0,8124.301199999857,2026,2024
490013,SENTARA HALIFAX REGIONAL HOSPITAL,Sentara Halifax Regional Hospital,SOUTH BOSTON,VA,3,0.9995,0.05,0.05,True,True,5,1.0,COPD,1.0,-4.378663999999998,994,9582141.0,4791.070499999472,2026,2024
490024,CARILION MEDICAL CENTER,Carilion Roanoke Memorial Hospital,ROANOKE,VA,2,0.9999,0.01,0.01,True,True,6,1.0,Hip/knee replacement,1.0,-37.938948000000025,8883,137469067.0,13746.906699998486,2026,2024
490032,MEDICAL COLLEGE OF VIRGINIA HOSPITALS,Medical College Of Virginia Hospitals,RICHMOND,VA,3,0.9983,0.17,0.17,True,True,6,2.0,Heart bypass surgery (CABG),0.5030510798765849,-4.320155000000002,6886,161275016.0,274167.5272000056,2026,2024
490059,BON SECOURS ST MARYS HOSPITAL,Bon Secours St Marys Hospital,RICHMOND,VA,1,1.0,0.0,0.0,True,False,6,1.0,Heart failure,1.0,-10.945194000000019,5422,71399152.0,0.0,2026,2024
490093,SENTARA CAREPLEX HOSPITAL,Sentara Careplex Hospital,HAMPTON,VA,2,0.9946,0.54,0.54,True,True,5,3.0,Heart failure,0.8804513353934925,6.594150999999995,2135,26832690.0,144896.52599999894,2026,2024
510038,STONEWALL JACKSON MEMORIAL HOSPITAL COMPANY,Stonewall Jackson Memorial Hospital,WESTON,WV,3,0.9941,0.59,0.59,True,True,5,2.0,Pneumonia,0.7896114466166397,0.7074400000000012,299,2939849.0,17345.10910000005,2026,2024
520049,BELLIN MEMORIAL HOSPITAL,Bellin Memorial Hospital,GREEN BAY,WI,2,0.9999,0.01,0.01,True,True,6,1.0,COPD,1.0,-3.4215269999999993,1556,23949391.0,2394.9390999997363,2026,2024
520083,SSM HEALTH ST MARY'S HOSPITAL - MADISON,Ssm Health St Mary's Hospital - Madison,MADISON,WI,2,0.9998,0.02,0.02,True,True,6,1.0,Pneumonia,1.0,-16.184112000000002,6495,91561883.0,18312.376599997984,2026,2024
520095,SAUK PRAIRIE HOSPITAL,Sauk Prairie Hospital,PRAIRIE DU SAC,WI,1,1.0,0.0,0.0,True,False,5,1.0,Heart failure,1.0,,401,4160975.0,0.0,2026,2024
520202,MARSHFIELD MEDICAL CENTER - WESTON,Marshfield Medical Center - Weston,WESTON,WI,3,0.9973,0.27,0.27,True,True,6,2.0,Pneumonia,0.5190237986963776,1.4604429999999968,949,11077747.0,29909.916900000397,2026,2024
520206,AURORA MEDICAL CENTER - SUMMIT,Aurora Medical Center Summit,SUMMIT,WI,2,0.9985,0.15,0.15,True,True,5,3.0,Heart failure,0.4971912900216343,-0.1194379999999961,1404,13513928.0,20270.89199999927,2026,2024
670044,TEXAS HEALTH PRESBYTERIAN HOSPITAL ROCKWALL,Texas Health Presbyterian Hospital Rockwall,ROCKWALL,TX,1,0.9992,0.08,0.08,True,True,5,2.0,Heart failure,0.874545282751454,-2.611503999999996,1198,10246664.0,8197.331200000235,2026,2024
010039,HUNTSVILLE HOSPITAL,Huntsville Hospital,HUNTSVILLE,AL,1,0.9997,0.03,0.03,True,True,6,2.0,Hip/knee replacement,0.6100030684258982,-29.334118000000032,10623,131225884.0,39367.765199995665,2026,2024
010052,LAKE MARTIN COMMUNITY HOSPITAL,Lake Martin Community Hospital,DADEVILLE,AL,2,0.9978,0.22,0.22,True,True,3,1.0,Pneumonia,1.0,,139,945217.0,2079.4773999999807,2026,2024
010087,USA HEALTH UNIVERSITY HOSPITAL,Usa Health University Hospital,MOBILE,AL,3,0.9998,0.02,0.02,True,True,6,1.0,Heart failure,1.0,0.18820999999999904,1740,29198676.0,5839.735199999357,2026,2024
010099,D W MCMILLAN MEMORIAL HOSPITAL,D W Mcmillan Memorial Hospital,BREWTON,AL,2,0.9988,0.12,0.12,True,True,4,1.0,Heart failure,1.0,,175,1309453.0,1571.3435999999724,2026,2024
010130,ST VINCENT'S ST CLAIR,St Vincent's St Clair,PELL CITY,AL,1,0.9928,0.72,0.72,True,True,5,2.0,Pneumonia,0.6451436322434959,1.1634480000000011,532,3868633.0,27854.15759999994,2026,2024
020008,BARTLETT REGIONAL HOSPITAL,Bartlett Regional Hospital,JUNEAU,AK,4,0.9986,0.14,0.14,True,True,5,2.0,COPD,0.6672131147540977,0.4152759999999997,542,13597772.0,19036.880799999413,2026,2024
030069,HAVASU REGIONAL MEDICAL CENTER,Havasu Regional Medical Center,LAKE HAVASU CITY,AZ,1,0.9966,0.34,0.34,True,True,6,4.0,Heart bypass surgery (CABG),0.5070716119140726,1.43661699999999,1912,26902687.0,91469.13579999888,2026,2024
030088,BANNER BAYWOOD MEDICAL CENTER,Banner Baywood Medical Center,MESA,AZ,2,0.9998,0.02,0.02,True,True,5,1.0,Hip/knee replacement,1.0,-13.188351000000013,3408,37223921.0,7444.78419999918,2026,2024
030134,BANNER GOLDFIELD MEDICAL CENTER,Banner Goldfield Medical Center,APACHE JUNCTION,AZ,2,0.999,0.1,0.1,True,True,3,1.0,Heart failure,1.0,-0.3340999999999994,164,1439150.0,1439.1500000000012,2026,2024
040001,SILOAM SPRINGS REGIONAL HOSPITAL,Siloam Springs Regional Hospital,SILOAM SPRINGS,AR,3,0.9989,0.11,0.11,True,True,5,2.0,Pneumonia,0.8097447593843587,0.12409800000000036,371,4221954.0,4644.1493999999575,2026,2024
040026,CHI ST. VINCENT HOSPITAL HOT SPRINGS,Chi St Vincent Hospital Hot Springs,HOT SPRINGS,AR,2,0.9949,0.51,0.51,True,True,6,4.0,Heart failure,0.5506593832282547,12.121297000000002,4072,44743320.0,228190.9319999997,2026,2024
040072,BAPTIST HEALTH MEDICAL CENTER-STUTTGART,Baptist Health Medical Center-Stuttgart,STUTTGART,AR,3,0.9968,0.32,0.32,True,True,4,1.0,Heart failure,1.0,,147,1293553.0,4139.3695999999745,2026,2024
040084,SALINE MEMORIAL HOSPITAL,Saline Memorial Hospital,BENTON,AR,3,0.9954,0.46,0.46,True,True,5,2.0,Pneumonia,0.8450540926038688,1.0234959999999993,1064,9373123.0,43116.36580000046,2026,2024
050013,ADVENTIST HEALTH ST HELENA,Adventist Health St Helena,SAINT HELENA,CA,5,0.9979,0.21,0.21,True,True,6,1.0,Heart attack,1.0,-0.365714999999992,1478,39652079.0,83269.36589999964,2026,2024
050075,KAISER FOUNDATION HOSPITAL - OAKLAND/RICHMOND,Kaiser Foundation Hospital - Oakland/Richmond,OAKLAND,CA,4,0.9962,0.38,0.38,True,True,4,4.0,Heart failure,0.5547936760365265,4.218763999999998,1571,30098140.0,114372.93200000077,2026,2024
050082,ST JOHNS REGIONAL MEDICAL CENTER,St Johns Regional Medical Center,OXNARD,CA,5,0.9998,0.02,0.02,True,True,6,1.0,Heart bypass surgery (CABG),1.0,-9.562100999999982,4505,79826749.0,15965.349799998241,2026,2024
050093,SAINT AGNES MEDICAL CENTER,Saint Agnes Medical Center,FRESNO,CA,5,0.9855,1.45,1.45,True,True,6,4.0,Heart failure,0.3860234626487025,60.944225,6061,109076477.0,1581608.9164999954,2026,2024
050414,MERCY HOSPITAL OF FOLSOM,Mercy Hospital Of Folsom,FOLSOM,CA,3,0.9963,0.37,0.37,True,True,5,2.0,Heart failure,0.8508566498212747,3.936388999999993,1890,25206194.0,93262.91780000093,2026,2024
050488,EDEN MEDICAL CENTER,Eden Medical Center,CASTRO VALLEY,CA,5,0.9995,0.05,0.05,True,True,5,1.0,Hip/knee replacement,1.0,-3.222233999999993,2620,50873929.0,25436.964499997197,2026,2024
050599,UNIVERSITY OF CALIFORNIA DAVIS MEDICAL CENTER,University Of California Davis Medical Center,SACRAMENTO,CA,5,0.9983,0.17,0.17,True,True,6,2.0,Pneumonia,0.7836346580745902,6.723601999999992,8337,298743493.0,507863.9381000104,2026,2024
050609,KAISER FOUNDATION HOSPITAL - ORANGE COUNTY - ANAHEIM,Kaiser Foundation Hospital - Orange County - Anahe,ANAHEIM,CA,2,0.9997,0.03,0.03,True,True,5,1.0,Pneumonia,1.0,,785,9612129.0,2883.6386999996826,2026,2024
050697,PATIENTS' HOSPITAL OF REDDING,Patients' Hospital Of Redding,REDDING,CA,3,0.9867,1.33,1.33,True,True,1,1.0,Hip/knee replacement,1.0,,26,443719.0,5901.46269999999,2026,2024
050764,SHASTA REGIONAL MEDICAL CENTER,Shasta Regional Medical Center,REDDING,CA,5,0.9843,1.57,1.58,True,True,6,5.0,Hip/knee replacement,0.6330683335430367,16.231124,2967,54609494.0,857369.0558000025,2026,2024
060027,BOULDER COMMUNITY HEALTH,Foothills Hospital,BOULDER,CO,1,0.9981,0.19,0.19,True,True,6,3.0,Heart bypass surgery (CABG),0.5948820206048533,-8.601392,2338,33324407.0,63316.37330000043,2026,2024
060064,AdventHealth Porter,Adventhealth Porter,DENVER,CO,3,0.9977,0.23,0.23,True,True,6,2.0,Hip/knee replacement,0.5964125560538116,-1.402082,1577,27137818.0,62416.98139999915,2026,2024
100007,ADVENTHEALTH ORLANDO,Adventhealth Orlando,ORLANDO,FL,2,0.9839,1.61,1.61,True,True,6,6.0,Pneumonia,0.3430393801402724,238.29712500000005,31984,432617444.0,6965140.848400001,2026,2024
100057,ADVENTHEALTH WATERMAN,Adventhealth Waterman,TAVARES,FL,1,0.992,0.8,0.79,True,True,6,3.0,Heart bypass surgery (CABG),0.644437927687425,2.676122999999987,5692,59269911.0,474159.2880000004,2026,2024
100142,JACKSON HOSPITAL,Jackson Hospital,MARIANNA,FL,4,0.9946,0.54,0.54,True,True,5,3.0,Pneumonia,0.5968323646265142,1.9481729999999995,732,6733152.0,36359.02079999974,2026,2024
100217,ORLANDO HEALTH SEBASTIAN RIVER HOSPITAL,Orlando Health Sebastian River Hospital,SEBASTIAN,FL,1,0.9997,0.03,0.03,True,True,5,1.0,Pneumonia,1.0,-3.3750960000000063,1102,11156866.0,3347.059799999631,2026,2024
100287,GOOD SAMARITAN MEDICAL CENTER,Good Samaritan Medical Center,WEST PALM BEACH,FL,4,0.9862,1.38,1.38,True,True,5,5.0,Hip/knee replacement,0.5350954519639166,11.847456000000005,2356,27120349.0,374260.81620000093,2026,2024
100288,ST MARY'S MEDICAL CENTER,St Mary's Medical Center,WEST PALM BEACH,FL,4,1.0,0.0,0.0,True,False,5,1.0,Heart failure,1.0,-0.24358000000000105,1666,25215873.0,0.0,2026,2024
110036,SAVANNAH HEALTH SERVICES LLC DBA MEMORIAL HEALTH UNIVERSITY MEDICAL CENTER,Memorial Health University Medical Center,SAVANNAH,GA,2,0.9916,0.84,0.84,True,True,6,5.0,Pneumonia,0.3864106890419079,12.591139000000007,5381,80997198.0,680376.463199997,2026,2024
110045,"NGMC BARROW, LLC",Northeast Georgia Medical Center Barrow,WINDER,GA,3,0.9989,0.11,0.11,True,True,4,2.0,COPD,0.8516189877397037,,251,2551403.0,2806.5432999999744,2026,2024
110089,"COFFEE REGIONAL MEDICAL CENTER, INC","Coffee Regional Medical Center, Inc",DOUGLAS,GA,4,0.9975,0.25,0.25,True,True,5,3.0,Heart attack,0.5376825110580503,-0.3183420000000032,586,5705007.0,14262.517499999696,2026,2024
110165,SOUTHERN REGIONAL MEDICAL CENTER,Southern Regional Medical Center,RIVERDALE,GA,5,0.9971,0.29,0.29,True,True,5,2.0,Pneumonia,0.7446324970728692,1.1958080000000004,549,9679529.0,28070.634100000134,2026,2024
110200,PIEDMONT COLUMBUS REGIONAL NORTHSIDE,Piedmont Columbus Regional Northside,COLUMBUS,GA,1,0.9996,0.04,0.04,True,True,5,1.0,Pneumonia,1.0,-2.149545999999999,1684,15035567.0,6014.226799999337,2026,2024
120006,ADVENTIST HEALTH CASTLE,Adventist Health Castle,KAILUA,HI,4,0.9996,0.04,0.04,True,True,6,3.0,COPD,0.7856110559118409,-1.8299220000000012,1398,21852651.0,8741.060399999038,2026,2024
130018,EASTERN IDAHO REGIONAL MEDICAL CENTER,Eastern Idaho Regional Medical Center,IDAHO FALLS,ID,2,0.9988,0.12,0.12,True,True,6,2.0,Heart bypass surgery (CABG),0.6296619323864774,-11.932275000000006,2508,42845756.0,51414.90719999909,2026,2024
140015,BLESSING HOSPITAL,Blessing Hospital,QUINCY,IL,4,0.9994,0.06,0.07,True,True,6,1.0,Hip/knee replacement,1.0,-14.369751999999982,4487,55128496.0,33077.097600002475,2026,2024
140054,MACNEAL  HOSPITAL,Macneal  Hospital,BERWYN,IL,5,0.995,0.5,0.5,True,True,5,4.0,Heart failure,0.3535867278785179,7.1142599999999865,1658,21478910.0,107394.55000000009,2026,2024
140088,THE UNIVERSITY OF CHICAGO MEDICAL CENTER,The University Of Chicago Medical Center,CHICAGO,IL,5,0.9984,0.16,0.17,True,True,6,4.0,Pneumonia,0.5473313837657723,10.252498000000008,7077,205030906.0,328049.4496000094,2026,2024
140187,HSHS ST ELIZABETH'S HOSPITAL,Hshs St Elizabeth's Hospital,O FALLON,IL,4,0.9984,0.16,0.16,True,True,6,4.0,Heart bypass surgery (CABG),0.6428965263738269,-3.7112450000000097,3124,39025543.0,62440.86880000179,2026,2024
140209,CARLE HEALTH METHODIST HOSPITAL,Carle Health Methodist Hospital,PEORIA,IL,4,0.9949,0.51,0.51,True,True,6,4.0,Heart failure,0.5538190182311242,7.671504999999991,2605,37863485.0,193103.77349999975,2026,2024
150009,NORTON CLARK HOSPITAL,Norton Clark Hospital,JEFFERSONVILLE,IN,4,0.9996,0.04,0.04,True,True,5,1.0,COPD,1.0,-7.6725039999999955,1936,19023834.0,7609.533599999162,2026,2024
150010,ASCENSION ST VINCENT KOKOMO,Ascension St Vincent Kokomo,KOKOMO,IN,2,0.9963,0.37,0.37,True,True,5,2.0,Pneumonia,0.6279241668662098,-1.0897500000000075,1119,11008985.0,40733.2445000004,2026,2024
150023,UNION HOSPITAL INC,Union Hospital Inc,TERRE HAUTE,IN,4,0.9893,1.07,1.07,True,True,6,3.0,Pneumonia,0.4863074926100415,27.839010000000016,4904,55818438.0,597257.2866000024,2026,2024
150101,PARKVIEW WHITLEY HOSPITAL,Parkview Whitley Hospital,COLUMBIA CITY,IN,1,0.9995,0.05,0.05,True,True,4,1.0,Heart failure,1.0,0.002559999999999718,478,4832676.0,2416.3379999997337,2026,2024
160083,MERCYONE DES MOINES MEDICAL CENTER,Mercyone Des Moines Medical Center,DES MOINES,IA,2,0.9974,0.26,0.26,True,True,6,1.0,Heart bypass surgery (CABG),1.0,-37.58303299999997,6447,92000180.0,239200.4680000043,2026,2024
170016,UNIVERSITY OF KANSAS HEALTH SYSTEM - ST FRANCIS CAMPUS,University Of Kansas Hlth System St Francis Campus,TOPEKA,KS,3,0.9975,0.25,0.25,True,True,6,3.0,Heart bypass surgery (CABG),0.8264316237682807,-12.562928000000003,2522,25656996.0,64142.48999999863,2026,2024
180027,MURRAY-CALLOWAY COUNTY HOSPITAL,Murray-Calloway County Hospital,MURRAY,KY,1,0.9944,0.56,0.56,True,True,5,3.0,Heart failure,0.5362014690451203,2.290207999999998,1134,12323977.0,69014.27120000061,2026,2024
180124,TRISTAR GREENVIEW REGIONAL HOSPITAL,Tristar Greenview Regional Hospital,BOWLING GREEN,KY,2,0.9904,0.96,0.96,True,True,5,4.0,Hip/knee replacement,0.5620825832515216,1.1971209999999957,1408,12398411.0,119024.74560000065,2026,2024
190039,WEST JEFFERSON MEDICAL CENTER,West Jefferson Medical Center,MARRERO,LA,4,0.9977,0.23,0.23,True,True,5,2.0,Heart failure,0.7202133965619447,2.335928000000002,1243,15291990.0,35171.576999999525,2026,2024
220035,NORTH SHORE MEDICAL CENTER -,North Shore Medical Center -,SALEM,MA,5,0.9957,0.43,0.43,True,True,5,2.0,Pneumonia,0.9722012924271567,7.825286000000004,7075,89272783.0,383872.9668999974,2026,2024
220049,MARLBOROUGH HOSPITAL,Marlborough Hospital,MARLBOROUGH,MA,5,0.986,1.4,1.4,True,True,5,4.0,Pneumonia,0.6415240051319608,10.528234000000003,1326,13550753.0,189710.54200000016,2026,2024
230093,COREWELL HEALTH BIG RAPIDS HOSPITAL,Corewell Health Big Rapids Hospital,BIG RAPIDS,MI,4,0.9956,0.44,0.44,True,True,3,2.0,Pneumonia,0.54081570030203,0.5748120000000008,417,3792008.0,16684.835199999845,2026,2024
230095,MYMICHIGAN MEDICAL CENTER WEST BRANCH,Mymichigan Medical Center West Branch,WEST BRANCH,MI,4,0.9981,0.19,0.19,True,True,5,2.0,COPD,0.573926297857079,0.36715799999999804,469,4698331.0,8926.82890000006,2026,2024
230121,MEMORIAL HEALTHCARE,Memorial Healthcare,OWOSSO,MI,4,0.9911,0.89,0.89,True,True,5,2.0,Pneumonia,0.8646480976229225,1.1277179999999998,855,7911493.0,70412.28770000015,2026,2024
230142,COREWELL HEALTH WAYNE HOSPITAL,Corewell Health Wayne Hospital,WAYNE,MI,5,0.9976,0.24,0.24,True,True,5,2.0,Heart attack,0.8405778194195702,1.4319099999999985,1185,13516053.0,32438.52719999943,2026,2024
240066,LAKEVIEW MEMORIAL HOSPITAL,Lakeview Memorial Hospital,STILLWATER,MN,1,0.9983,0.17,0.17,True,True,5,2.0,Hip/knee replacement,0.7521630871033395,-0.6831569999999978,1183,11585554.0,19695.441800000404,2026,2024
250058,SOUTH CENTRAL REG MED CTR,South Central Reg Med Ctr,LAUREL,MS,4,0.9844,1.56,1.56,True,True,5,4.0,Pneumonia,0.6438737162006322,13.995224000000004,1583,13154390.0,205208.4839999993,2026,2024
250104,ANDERSON REGIONAL MEDICAL CENTER,Anderson Regional Medical Center,MERIDIAN,MS,3,0.9939,0.61,0.61,True,True,6,3.0,Pneumonia,0.8271012442242521,5.56788900000001,2612,26508434.0,161701.44739999986,2026,2024
260017,PHELPS COUNTY REGIONAL MEDICAL CENTER,Phelps Health,ROLLA,MO,5,0.9888,1.12,1.12,True,True,5,5.0,Pneumonia,0.42671590781918484,14.407371000000001,1750,24515254.0,274570.8447999997,2026,2024
260179,ST LUKES HOSPITAL,St Lukes Hospital,CHESTERFIELD,MO,1,0.9928,0.72,0.72,True,True,6,3.0,Hip/knee replacement,0.8013285942498459,-0.11261399999998822,5064,57721345.0,415593.6839999991,2026,2024
290019,CARSON TAHOE REGIONAL MEDICAL CENTER,Carson Tahoe Regional Medical Center,CARSON CITY,NV,1,0.9969,0.31,0.31,True,True,6,3.0,Heart bypass surgery (CABG),0.43581157348182703,-17.010693,3354,52651620.0,163220.02199999956,2026,2024
290032,NORTHERN NEVADA MEDICAL CENTER,Northern Nevada Medical Center,SPARKS,NV,1,0.9966,0.34,0.34,True,True,5,3.0,Hip/knee replacement,0.6303340258910026,-0.49181799999999876,1533,25413621.0,86406.31139999894,2026,2024
290046,SPRING VALLEY HOSPITAL MEDICAL CENTER,Spring Valley Hospital Medical Center,LAS VEGAS,NV,1,0.995,0.5,0.5,True,True,6,3.0,Pneumonia,0.6425137634139053,8.926406999999989,2975,48565659.0,242828.29500000022,2026,2024
300001,CONCORD HOSPITAL,Concord Hospital,CONCORD,NH,1,0.9971,0.29,0.29,True,True,6,3.0,Heart failure,0.7803097721532236,4.251475999999997,4516,62941510.0,182530.37900000086,2026,2024
300020,SOUTHERN NH MEDICAL CENTER,Southern Nh Medical Center,NASHUA,NH,1,0.998,0.2,0.2,True,True,5,3.0,Hip/knee replacement,0.49303356554781474,-7.810529000000006,2487,26798911.0,53597.82200000005,2026,2024
310005,HUNTERDON MEDICAL CENTER,Hunterdon Medical Center,FLEMINGTON,NJ,2,0.989,1.1,1.1,True,True,5,4.0,Pneumonia,0.5551858659791202,10.18259000000001,3150,37569203.0,413261.23300000036,2026,2024
310014,COOPER UNIVERSITY HOSPITAL,Cooper University Hospital,CAMDEN,NJ,4,0.9928,0.72,0.72,True,True,6,4.0,Heart bypass surgery (CABG),0.447784073217531,15.137517000000003,6372,146533016.0,1055037.7151999976,2026,2024
310040,CAREPOINT HEALTH-HOBOKEN UNIVERSITY MEDICAL CENTER,Carepoint Health-Hoboken University Medical Center,HOBOKEN,NJ,5,0.9948,0.52,0.52,True,True,5,2.0,Pneumonia,0.7960664639563826,1.8500269999999994,392,7033147.0,36572.364399999875,2026,2024
310044,CAPITAL HEALTH MEDICAL CENTER - HOPEWELL,Capital Health Medical Center - Hopewell,PENNINGTON,NJ,2,0.9954,0.46,0.46,True,True,5,4.0,Heart failure,0.386316304771703,4.409143000000006,2413,35078945.0,161363.1470000017,2026,2024
310061,VIRTUA WILLINGBORO HOSPITAL,Virtua Willingboro Hospital,WILLINGBORO,NJ,4,0.9966,0.34,0.34,True,True,4,2.0,COPD,0.5968715789948872,2.1280370000000017,1203,11518030.0,39161.30199999952,2026,2024
310086,JEFFERSON STRATFORD HOSPITAL,Jefferson Stratford Hospital,STRATFORD,NJ,3,0.9857,1.43,1.43,True,True,5,5.0,Pneumonia,0.39600310320590343,69.695314,8684,113289953.0,1620046.3278999976,2026,2024
310118,HUDSON REGIONAL HOSPITAL,Hudson Regional Hospital,SECAUCUS,NJ,5,0.9952,0.48,0.48,True,True,5,3.0,Pneumonia,0.5604726264504133,1.4480690000000007,528,8037921.0,38582.02080000021,2026,2024
320091,THREE CROSSES REGIONAL HOSPITAL LLC,Three Crosses Regional Hospital Llc,LAS CRUCES,NM,1,0.9938,0.62,0.62,True,True,5,3.0,Pneumonia,0.501047514251789,1.9760659999999994,866,10797259.0,66943.00579999982,2026,2024
330049,NORTHERN DUTCHESS HOSPITAL,Northern Dutchess Hospital,RHINEBECK,NY,2,0.9981,0.19,0.19,True,True,5,2.0,Hip/knee replacement,0.8665329927022162,-5.501192999999999,1636,22360162.0,42484.307800000286,2026,2024
330160,STATEN ISLAND UNIVERSITY HOSPITAL,Staten Island University Hospital,STATEN ISLAND,NY,5,0.9983,0.17,0.17,True,True,6,4.0,COPD,0.5373517572776277,0.0679759999999987,8468,165162263.0,280775.8471000058,2026,2024
330169,MOUNT SINAI BETH ISRAEL,Mount Sinai Beth Israel,NEW YORK,NY,5,0.9932,0.68,0.68,True,True,5,2.0,Pneumonia,0.9042269344193231,17.004908999999998,4017,67580750.0,459549.1000000019,2026,2024
330222,SARATOGA HOSPITAL,Saratoga Hospital,SARATOGA SPRINGS,NY,3,0.9972,0.28,0.27,True,True,5,2.0,COPD,0.5747147763195193,0.0505999999999891,2391,28291214.0,79215.3992000007,2026,2024
330231,QUEENS HOSPITAL CENTER,Queens Hospital Center,JAMAICA,NY,5,0.9966,0.34,0.34,True,True,5,2.0,Pneumonia,0.9071477744009938,0.9217119999999992,996,35655933.0,121230.17219999853,2026,2024
330241,UNIVERSITY HOSPITAL S U N Y HEALTH SCIENCE CENTER,University Hospital S U N Y Health Science Center,SYRACUSE,NY,4,0.9993,0.07,0.07,True,True,6,4.0,Pneumonia,0.6799964545817121,2.179797000000019,5912,115839219.0,81087.45330000394,2026,2024
330286,GOOD SAMARITAN HOSPITAL MEDICAL CENTER,Good Samaritan Hospital Medical Center,WEST ISLIP,NY,4,0.9992,0.08,0.08,True,True,6,1.0,Heart attack,1.0,-39.09019499999999,7222,116714459.0,93371.56720000267,2026,2024
340039,IREDELL MEMORIAL HOSPITAL INC,Iredell Memorial Hospital Inc,STATESVILLE,NC,3,0.999,0.1,0.1,True,True,5,1.0,Hip/knee replacement,1.0,-4.835923999999994,1571,14347528.0,14347.528000000013,2026,2024
340051,WATAUGA MEDICAL CENTER,Watauga Medical Center,BOONE,NC,2,0.9951,0.49,0.48,True,True,5,3.0,Hip/knee replacement,0.6037277727621633,0.34358099999999314,1245,16412895.0,80423.18550000025,2026,2024
340068,COLUMBUS REGIONAL HEALTHCARE SYSTEM,Columbus Regional Healthcare System,WHITEVILLE,NC,4,0.9928,0.72,0.72,True,True,5,3.0,Hip/knee replacement,0.790973522725147,0.984410000000002,718,7667950.0,55209.23999999988,2026,2024
340099,VIDANT ROANOKE CHOWAN HOSPITAL,Vidant Roanoke Chowan Hospital,AHOSKIE,NC,5,0.9957,0.43,0.43,True,True,5,2.0,Heart failure,0.7076680076013713,3.102991000000002,762,8362720.0,35959.695999999756,2026,2024
340120,VIDANT DUPLIN HOSPITAL,Vidant Duplin  Hospital,KENANSVILLE,NC,5,0.9954,0.46,0.46,True,True,4,2.0,Heart failure,0.884860038883331,2.7758409999999984,599,5692398.0,26185.030800000277,2026,2024
340129,DUKE HEALTH LAKE NORMAN HOSPITAL,Lake Norman Regional Medical Center,MOORESVILLE,NC,2,0.9885,1.15,1.15,True,True,5,4.0,Pneumonia,0.3515658382668117,3.030578,814,8515549.0,97928.81349999961,2026,2024
340141,NOVANT HEALTH NEW HANOVER REGIONAL MEDICAL CENTER,Novant Health New Hanover Regional Medical Center,WILMINGTON,NC,2,0.9994,0.06,0.06,True,True,6,2.0,Heart attack,0.9142520113725727,-45.05545999999998,11214,173743615.0,104246.16900000781,2026,2024
360016,THE JEWISH HOSPITAL-MERCY HEALTH,The Jewish Hospital-Mercy Health,CINCINNATI,OH,3,0.9952,0.48,0.48,True,True,6,4.0,Hip/knee replacement,0.4201489847410786,1.991089999999998,2749,38944053.0,186931.45440000104,2026,2024
360082,EUCLID HOSPITAL,Euclid Hospital,EUCLID,OH,5,0.9956,0.44,0.44,True,True,5,2.0,Hip/knee replacement,0.723857704340853,0.34354600000000507,813,6372102.0,28037.248799999743,2026,2024
360125,ASHTABULA COUNTY MEDICAL CENTER,Ashtabula County Medical Center,ASHTABULA,OH,4,0.9885,1.15,1.15,True,True,5,4.0,Heart failure,0.536579418931083,9.934197999999997,1338,13810726.0,158823.34899999938,2026,2024
360156,MEMORIAL HOSPITAL,Memorial Hospital,FREMONT,OH,3,0.9987,0.13,0.13,True,True,5,2.0,Heart failure,0.6150245409925449,-0.1501130000000035,473,2873123.0,3735.0598999999074,2026,2024
360161,MH ST JOSEPH WARREN HOSPITAL,Mh St Joseph Warren Hospital,WARREN,OH,3,0.9987,0.13,0.12,True,True,5,2.0,Hip/knee replacement,0.7672210126464992,-0.9898720000000034,1833,17008006.0,22110.40779999945,2026,2024
360170,BERGER HOSPITAL,Berger Hospital,CIRCLEVILLE,OH,3,0.9947,0.53,0.53,True,True,5,2.0,Heart failure,0.9680035657136176,0.6188639999999979,670,7178718.0,38047.205399999795,2026,2024
360210,GRADY MEMORIAL HOSPITAL,Grady Memorial Hospital,DELAWARE,OH,2,0.9999,0.01,0.01,True,True,5,1.0,COPD,1.0,-0.7540560000000021,635,7212648.0,721.2647999999206,2026,2024
360236,MERCY HEALTH - CLERMONT HOSPITAL,Mercy Health - Clermont Hospital,BATAVIA,OH,5,0.9974,0.26,0.26,True,True,5,2.0,Pneumonia,0.8750642673521859,0.37427800000000744,1355,12060828.0,31358.152800000564,2026,2024
360365,AVITA ONTARIO,Avita Ontario,ONTARIO,OH,2,0.9989,0.11,0.11,True,True,5,2.0,Heart failure,0.8444323144104785,0.1700049999999994,407,3824054.0,4206.4593999999615,2026,2024
370218,"SAINT FRANCIS HOSPITAL SOUTH, LLC","Saint Francis Hospital South, Llc",TULSA,OK,2,0.9907,0.93,0.93,True,True,5,4.0,Hip/knee replacement,0.5642739169363573,-0.6557949999999986,1582,14382872.0,133760.70959999965,2026,2024
390037,HERITAGE VALLEY SEWICKLEY,Heritage Valley Sewickley,SEWICKLEY,PA,2,0.9963,0.37,0.37,True,True,5,2.0,Hip/knee replacement,0.8914240878366935,-1.1581510000000015,906,7347202.0,27184.647400000267,2026,2024
390048,GEISINGER-LEWISTOWN HOSPITAL,Geisinger-Lewistown Hospital,LEWISTOWN,PA,4,0.9996,0.04,0.04,True,True,5,1.0,Heart failure,1.0,-2.284789000000002,1360,13063244.0,5225.297599999424,2026,2024
390112,CHAN SOON- SHIONG MEDICAL CENTER AT WINDBER,Chan Soon- Shiong Medical Center At Windber,WINDBER,PA,1,0.9861,1.39,1.39,True,True,5,4.0,Hip/knee replacement,0.6181933343219911,0.23076200000000072,202,1284143.0,17849.58770000003,2026,2024
390164,UPMC PRESBYTERIAN SHADYSIDE,Upmc Presbyterian Shadyside,PITTSBURGH,PA,4,0.9967,0.33,0.33,True,True,6,4.0,Heart bypass surgery (CABG),0.7255735265048893,0.3299639999999977,7576,167466935.0,552640.885499995,2026,2024
390336,PENN STATE HEALTH HAMPDEN MEDICAL CENTER,Penn State Health Hampden Medical Center,ENOLA,PA,2,0.9972,0.28,0.28,True,True,5,2.0,Heart failure,0.9231830438326957,0.385000000000001,1158,8914108.0,24959.50240000022,2026,2024
390339,PENN STATE HEALTH LANCASTER MEDICAL CENTER,Penn State Health Lancaster Medical Center,LANCASTER,PA,1,0.999,0.1,0.1,True,True,5,2.0,Heart failure,0.8012148807985217,0.22319199999999953,1519,13080875.0,13080.875000000011,2026,2024
420018,PRISMA HEALTH RICHLAND HOSPITAL,Prisma Health Richland Hospital,COLUMBIA,SC,4,0.9988,0.12,0.12,True,True,6,2.0,Heart attack,0.8741116751269035,-11.419357999999983,5057,105879654.0,127055.58479999776,2026,2024
420080,NOVANT HEALTH HILTON HEAD MEDICAL CENTER,Hilton Head Regional Medical Center,HILTON HEAD ISLAND,SC,1,0.9898,1.02,1.02,True,True,6,5.0,Pneumonia,0.5354550693689218,11.065314,2191,32913908.0,335721.8615999996,2026,2024
420085,GRAND STRAND REGIONAL MEDICAL CENTER,Grand Strand Regional Medical Center,MYRTLE BEACH,SC,1,0.9943,0.57,0.58,True,True,6,5.0,Pneumonia,0.43198706890060556,6.258362999999982,7484,104956361.0,598251.257700004,2026,2024
430008,BROOKINGS HEALTH SYSTEM,Brookings Health System,BROOKINGS,SD,1,0.9993,0.07,0.07,True,True,4,1.0,Heart failure,1.0,0.15252399999999966,469,3601191.0,2520.833700000122,2026,2024
440009,CUMBERLAND MEDICAL CENTER,Cumberland Medical Center,CROSSVILLE,TN,3,0.9977,0.23,0.23,True,True,5,3.0,Heart failure,0.6716280011643936,1.483892999999992,1434,13613290.0,31310.566999999573,2026,2024
440059,COOKEVILLE REGIONAL MEDICAL CENTER,Cookeville Regional Medical Center,COOKEVILLE,TN,3,0.9832,1.68,1.68,True,True,6,6.0,Pneumonia,0.4529757385990895,31.804685999999993,3947,46635709.0,783479.9112000017,2026,2024
450058,BAPTIST MEDICAL CENTER,Baptist Medical Center,SAN ANTONIO,TX,2,0.9993,0.07,0.07,True,True,6,1.0,Hip/knee replacement,1.0,-23.739951,8968,120694636.0,84486.2452000041,2026,2024
450080,TITUS REGIONAL MEDICAL CENTER,Titus Regional Medical Center,MOUNT PLEASANT,TX,3,0.9996,0.04,0.04,True,True,5,1.0,Heart failure,1.0,-0.1818169999999987,660,7307675.0,2923.069999999678,2026,2024
450184,MEMORIAL HERMANN HOSPITAL SYSTEM,Memorial Hermann Hospital System,HOUSTON,TX,2,0.9951,0.49,0.49,True,True,6,5.0,Pneumonia,0.3573047346889548,17.164858000000013,11231,182110776.0,892342.8024000028,2026,2024
450634,MEDICAL CITY DENTON,Medical City Denton,DENTON,TX,2,0.992,0.8,0.8,True,True,6,5.0,Pneumonia,0.6262483180398715,10.987444000000004,4023,50779022.0,406232.1760000004,2026,2024
450668,SIERRA MEDICAL CENTER,Sierra Medical Center,EL PASO,TX,3,0.9916,0.84,0.84,True,True,6,3.0,Heart bypass surgery (CABG),0.6519440017427794,0.22517399999999688,1529,21114172.0,177359.04479999922,2026,2024
450723,METHODIST CHARLTON MEDICAL CENTER,Methodist Charlton Medical Center,DALLAS,TX,4,0.9981,0.19,0.2,True,True,6,3.0,Heart failure,0.8254636522287842,2.4501860000000035,2369,30904354.0,58718.2726000004,2026,2024
450743,TEXAS HEALTH PRESBYTERIAN HOSPITAL DENTON,Texas Health Presbyterian Hospital Denton,DENTON,TX,1,0.997,0.3,0.3,True,True,6,2.0,Pneumonia,0.9325746070070225,-7.022111000000022,2612,30239113.0,90717.33900000008,2026,2024
450809,NORTH AUSTIN MEDICAL CENTER,North Austin Medical Center,AUSTIN,TX,1,0.9923,0.77,0.77,True,True,6,4.0,Pneumonia,0.8104731718928129,8.499256000000011,3137,37475257.0,288559.4789000015,2026,2024
450874,BAYLOR SURGICAL HOSPITAL AT LAS COLINAS,Baylor Scott And White Surgical Hospital Las Colin,IRVING,TX,1,0.9773,2.27,2.27,True,True,1,1.0,Hip/knee replacement,1.0,,146,2573426.0,58416.77020000014,2026,2024
450875,QUAIL CREEK SURGICAL HOSPITAL,Quail Creek Surgical Hospital,AMARILLO,TX,1,0.9808,1.92,1.92,True,True,1,1.0,Hip/knee replacement,1.0,1.085993,240,3789693.0,72762.10559999998,2026,2024
450893,THE HEART HOSPITAL BAYLOR DENTON,The Heart Hospital Baylor Denton,DENTON,TX,1,0.9963,0.37,0.37,True,True,5,2.0,Heart attack,0.5914858294794263,-2.8775099999999973,629,13784105.0,51001.188500000506,2026,2024
460042,LAKEVIEW HOSPITAL,Lakeview Hospital,BOUNTIFUL,UT,1,0.9984,0.16,0.16,True,True,5,1.0,Heart failure,1.0,0.6244440000000014,629,7966239.0,12745.982400000365,2026,2024
470012,SOUTHWESTERN VERMONT MEDICAL CENTER,Southwestern Vermont Medical Center,BENNINGTON,VT,4,0.9988,0.12,0.12,True,True,5,2.0,COPD,0.8937905558915346,-1.0902289999999992,1120,7692944.0,9231.532799999837,2026,2024
490002,RUSSELL COUNTY HOSPITAL,Russell County Hospital,LEBANON,VA,4,0.9934,0.66,0.66,True,True,3,3.0,Pneumonia,0.5391449015995377,1.236421000000001,310,3029260.0,19993.11600000015,2026,2024
490005,WINCHESTER MEDICAL CENTER,Winchester Medical Center,WINCHESTER,VA,1,0.9965,0.35,0.35,True,True,6,5.0,Pneumonia,0.6632749188939718,12.025860000000014,8276,109048100.0,381668.3499999943,2026,2024
490045,UVA HEALTH PRINCE WILLIAM MEDICAL CENTER,Uva Health Prince William Medical Center,MANASSAS,VA,2,0.9956,0.44,0.44,True,True,5,2.0,Pneumonia,0.9792434512539595,1.09643200000001,1549,18474839.0,81289.29159999925,2026,2024
500024,PROVIDENCE ST PETER HOSPITAL,Providence St Peter Hospital,OLYMPIA,WA,2,0.996,0.4,0.4,True,True,6,4.0,Heart attack,0.7713458337047469,5.282874000000001,4904,82142496.0,328569.9840000003,2026,2024
500051,OVERLAKE HOSPITAL MEDICAL CENTER & CLINICS,Overlake Hospital Medical Center,BELLEVUE,WA,1,0.9955,0.45,0.45,True,True,6,2.0,Pneumonia,0.9416178537201697,2.8238280000000056,3026,46461953.0,209078.7884999976,2026,2024
500124,EVERGREENHEALTH MEDICAL CENTER,Evergreenhealth Medical Center,KIRKLAND,WA,1,1.0,0.0,0.0,True,False,5,1.0,COPD,1.0,-25.260493,3414,42954059.0,0.0,2026,2024
510002,"CAMC GREENBRIER VALLEY MEDICAL CENTER, INC","Camc Greenbrier Valley Medical Center, Inc",RONCEVERTE,WV,3,0.9997,0.03,0.03,True,True,5,1.0,COPD,1.0,-1.9331040000000004,820,8240948.0,2472.2843999997276,2026,2024
510012,RIVERS HEALTH,Rivers Health,POINT PLEASANT,WV,4,0.9941,0.59,0.59,True,True,4,3.0,Heart failure,0.49312168619707464,0.7921240000000005,278,2027021.0,11959.423900000033,2026,2024
520044,ST NICHOLAS HOSPITAL,St Nicholas Hospital,SHEBOYGAN,WI,3,0.9992,0.08,0.08,True,True,5,1.0,Pneumonia,1.0,,324,2730595.0,2184.4760000000624,2026,2024
520051,ASCENSION COLUMBIA ST MARYS HOSPITAL MILWAUKEE,Ascension Columbia St Mary's Hospital Milwaukee Ca,MILWAUKEE,WI,5,0.9976,0.24,0.24,True,True,6,1.0,Heart bypass surgery (CABG),1.0,-4.480073000000003,2291,33772764.0,81054.63359999857,2026,2024
520103,COMMUNITY MEMORIAL HOSPITAL,Froedtert Menomonee Falls Hospital,MENOMONEE FALLS,WI,2,0.9918,0.82,0.82,True,True,5,4.0,Heart failure,0.7488461854315512,8.512717999999998,2010,21249641.0,174247.05619999967,2026,2024
520139,WEST ALLIS MEMORIAL HOSPITAL,Aurora West Allis Medical Center,WEST ALLIS,WI,4,0.9968,0.32,0.32,True,True,5,2.0,Hip/knee replacement,0.6118916974003776,0.7543700000000042,1656,15017627.0,48056.40639999971,2026,2024
670041,ASCENSION SETON WILLIAMSON,Ascension Seton Williamson,ROUND ROCK,TX,1,0.9993,0.07,0.07,True,True,6,2.0,Heart failure,0.8492375994291887,-2.6790220000000033,2296,30738413.0,21516.889100001044,2026,2024
670106,HCA HOUSTON HEALTHCARE PEARLAND,Hca Houston Healthcare Pearland,PEARLAND,TX,3,0.9972,0.28,0.28,True,True,5,2.0,Heart failure,0.5075697971055957,1.02747,596,7687024.0,21523.66720000019,2026,2024
010021,DALE MEDICAL CENTER,Dale Medical Center,OZARK,AL,3,0.9993,0.07,0.07,True,True,4,1.0,Pneumonia,1.0,,182,1737037.0,1215.9259000000588,2026,2024
010036,ANDALUSIA HEALTH,Andalusia Health,ANDALUSIA,AL,3,0.993,0.7,0.7,True,True,5,2.0,Hip/knee replacement,0.6119562488596473,0.066276000000002,581,4903454.0,34324.17800000003,2026,2024
010089,WALKER BAPTIST MEDICAL CENTER,Walker Baptist Medical Center,JASPER,AL,2,0.9983,0.17,0.17,True,True,5,2.0,Heart failure,0.5722643553629471,0.120753000000004,1127,11110336.0,18887.571200000388,2026,2024
010139,BAPTIST HEALTH BROOKWOOD HOSPITAL,Brookwood Baptist Medical Center,BIRMINGHAM,AL,1,0.9998,0.02,0.02,True,True,6,1.0,Heart failure,1.0,-1.8793699999999995,1740,22551955.0,4510.390999999503,2026,2024
030007,VERDE VALLEY MEDICAL CENTER,Verde Valley Medical Center,COTTONWOOD,AZ,2,0.9989,0.11,0.11,True,True,5,1.0,Heart attack,1.0,-7.581873999999997,1582,25370384.0,27907.422399999745,2026,2024
030011,ST JOSEPH'S HOSPITAL,St Joseph's Hospital,TUCSON,AZ,3,0.9989,0.11,0.11,True,True,5,3.0,Heart attack,0.9031799007233975,-0.845880000000001,2116,31950623.0,35145.68529999968,2026,2024
040020,ST BERNARDS MEDICAL CENTER,St Bernards Medical Center,JONESBORO,AR,4,0.9907,0.93,0.93,True,True,6,4.0,Heart bypass surgery (CABG),0.55352893377445,14.961369999999995,5541,64562286.0,600429.2597999984,2026,2024
040062,MERCY HOSPITAL FORT SMITH,Mercy Hospital Fort Smith,FORT SMITH,AR,3,0.9973,0.27,0.27,True,True,6,4.0,Heart attack,0.3444092883959855,2.4582999999999995,4405,49598737.0,133916.58990000177,2026,2024
050014,SUTTER AMADOR HOSPITAL,Sutter Amador Hospital,JACKSON,CA,3,0.9983,0.17,0.17,True,True,5,1.0,Hip/knee replacement,1.0,-2.404406000000006,982,17142765.0,29142.700500000596,2026,2024
050043,ALTA BATES SUMMIT MEDICAL CENTER,Alta Bates Summit Medical Center,OAKLAND,CA,5,1.0,0.0,0.0,True,False,6,1.0,COPD,1.0,-15.52779999999999,4162,90878346.0,0.0,2026,2024
050073,KAISER FOUNDATION HOSPITAL AND REHAB CENTER,Kaiser Foundation Hospital And Rehab Center,VALLEJO,CA,3,0.9999,0.01,0.01,True,True,4,1.0,Pneumonia,1.0,,549,11287136.0,1128.7135999998757,2026,2024
050101,SUTTER SOLANO MEDICAL CENTER,Sutter Solano Medical Center,VALLEJO,CA,5,0.9993,0.07,0.07,True,True,5,1.0,Pneumonia,1.0,-0.45982200000000184,1316,25343772.0,17740.64040000086,2026,2024
050108,"SUTTER MEDICAL CENTER, SACRAMENTO","Sutter Medical Center, Sacramento",SACRAMENTO,CA,5,0.9997,0.03,0.03,True,True,6,2.0,Pneumonia,0.545163941912503,-1.9256029999999886,6089,168418827.0,50525.64809999443,2026,2024
050133,ADVENTIST HEALTH AND RIDEOUT,Adventist Health And Rideout,MARYSVILLE,CA,5,0.9922,0.78,0.78,True,True,6,4.0,Heart failure,0.5048790981843211,23.616040000000005,3952,74138895.0,578283.3810000021,2026,2024
050140,KAISER FOUNDATION HOSPITAL FONTANA/ONTARIO,Kaiser Foundation Hospital Fontana,FONTANA,CA,3,0.9998,0.02,0.02,True,True,5,2.0,Pneumonia,0.5436186664240892,,1170,16210000.0,3241.999999999643,2026,2024
050145,COMMUNITY HOSPITAL OF THE MONTEREY PENINSULA,Community Hospital Of The Monterey Peninsula,MONTEREY,CA,3,0.9981,0.19,0.19,True,True,6,1.0,Hip/knee replacement,1.0,-8.317336999999974,5549,123011753.0,233722.33070000156,2026,2024
050235,PROVIDENCE SAINT JOSEPH MEDICAL CTR,Providence Saint Joseph Medical Ctr,BURBANK,CA,5,0.989,1.1,1.1,True,True,6,6.0,Pneumonia,0.48731711199405964,37.82128999999999,5325,96359559.0,1059955.149000001,2026,2024
050242,DOMINICAN HOSPITAL,Dominican Hospital,SANTA CRUZ,CA,4,0.9959,0.41,0.41,True,True,6,3.0,Heart attack,0.773137314153063,-4.741597000000009,4286,84578673.0,346772.5592999994,2026,2024
050308,EL CAMINO HEALTH,El Camino Hospital,MOUNTAIN VIEW,CA,3,0.9953,0.47,0.47,True,True,6,4.0,Pneumonia,0.6509996492458787,3.3569579999999797,6372,130965109.0,615536.012300005,2026,2024
050334,SALINAS VALLEY HEALTH MEDICAL CENTER,Salinas Valley Memorial Hospital,SALINAS,CA,5,0.9942,0.58,0.58,True,True,6,3.0,Heart failure,0.38448654924532544,13.019871999999998,4123,84027172.0,487357.5976000023,2026,2024
050342,PIONEERS MEMORIAL HEALTHCARE DISTRICT,Pioneers Memorial Healthcare District,BRAWLEY,CA,5,0.9996,0.04,0.04,True,True,5,2.0,Heart failure,0.8047178732793946,-1.2565270000000033,1083,15368001.0,6147.200399999323,2026,2024
050351,TORRANCE MEMORIAL MEDICAL CENTER,Torrance Memorial Medical Center,TORRANCE,CA,4,0.9945,0.55,0.55,True,True,6,5.0,Pneumonia,0.5065984542847424,5.983383000000007,6477,107620100.0,591910.5499999946,2026,2024
050393,PIH HEALTH DOWNEY HOSPITAL,Pih Health Downey Hospital,DOWNEY,CA,5,0.9962,0.38,0.38,True,True,6,2.0,Pneumonia,0.9720880826283157,2.6503409999999996,1518,23390044.0,88882.1672000006,2026,2024
050457,UCSF HEALTH ST. MARY'S HOSPITAL,St Mary's Medical Center,SAN FRANCISCO,CA,5,0.9982,0.18,0.18,True,True,5,3.0,Heart attack,0.5043714294732199,-0.276001000000009,1543,36366527.0,65459.748600000865,2026,2024
050485,MEMORIALCARE LONG BEACH MEDICAL CENTER,Memorialcare Long Beach Medical Center,LONG BEACH,CA,5,0.9977,0.23,0.23,True,True,6,4.0,Hip/knee replacement,0.5269216850799323,-5.015185000000002,3726,78887186.0,181440.52779999754,2026,2024
050567,PROVIDENCE MISSION HOSPITAL,Providence Mission Hospital,MISSION VIEJO,CA,1,0.9976,0.24,0.24,True,True,6,4.0,Pneumonia,0.8357536244109959,4.112829000000003,5365,96284426.0,231082.62239999592,2026,2024
060113,AdventHealth Littleton,Adventhealth Littleton,LITTLETON,CO,1,0.9958,0.42,0.42,True,True,6,4.0,Pneumonia,0.7152403952510876,2.3496040000000074,2392,34638939.0,145483.54379999937,2026,2024
100017,HALIFAX HEALTH MEDICAL CENTER,Halifax Health Medical Center,DAYTONA BEACH,FL,2,0.9938,0.62,0.62,True,True,6,5.0,Pneumonia,0.3639479667754561,10.565277000000007,4234,57852381.0,358684.762199999,2026,2024
100090,FLAGLER HOSPITAL,Flagler Hospital,SAINT AUGUSTINE,FL,1,0.9962,0.38,0.38,True,True,6,3.0,Pneumonia,0.7413454406959726,4.423641999999998,3879,52831382.0,200759.25160000136,2026,2024
100127,MORTON PLANT HOSPITAL,Morton Plant Hospital,CLEARWATER,FL,2,0.9946,0.54,0.54,True,True,6,3.0,Heart failure,0.6284882655503031,17.017344,7491,91645922.0,494887.9787999964,2026,2024
100128,TAMPA GENERAL HOSPITAL,Tampa General Hospital,TAMPA,FL,3,0.9961,0.39,0.39,True,True,6,4.0,Hip/knee replacement,0.5880181347150256,9.961251000000008,8657,174464156.0,680410.2084000026,2026,2024
100167,HCA FLORIDA MERCY HOSPITAL,Hca Florida Mercy Hospital,PLANTATION,FL,5,0.9962,0.38,0.38,True,True,6,3.0,Hip/knee replacement,0.5153666695343693,1.0892399999999953,1492,21448658.0,81504.90040000055,2026,2024
100181,LARKIN COMMUNITY HOSPITAL,Larkin Community Hospital,SOUTH MIAMI,FL,5,0.9998,0.02,0.02,True,True,4,2.0,Pneumonia,0.9939692431400147,0.38036000000000003,998,17476023.0,3495.204599999615,2026,2024
100243,HCA FLORIDA BRANDON HOSPITAL,Hca Florida Brandon Hospital,BRANDON,FL,2,0.9923,0.77,0.77,True,True,6,4.0,Pneumonia,0.5097202644334057,10.951994999999982,3961,56920043.0,438284.3311000023,2026,2024
100254,HCA FLORIDA CAPITAL HOSPITAL,Hca Florida Capital Hospital,TALLAHASSEE,FL,4,0.9923,0.77,0.77,True,True,6,4.0,Pneumonia,0.4201631092324011,8.853437999999999,2475,27679102.0,213129.08540000112,2026,2024
100256,HCA FLORIDA BAYONET POINT HOSPITAL,Hca Florida Bayonet Point Hospital,HUDSON,FL,1,0.9847,1.53,1.53,True,True,6,3.0,Heart bypass surgery (CABG),0.3831352842272308,16.754544,3625,51655026.0,790321.897799999,2026,2024
100267,HCA FLORIDA ENGLEWOOD HOSPITAL,Hca Florida Englewood Hospital,ENGLEWOOD,FL,1,0.9912,0.88,0.88,True,True,5,4.0,Heart failure,0.4085785831250251,6.568400000000001,1678,13500828.0,118807.2864000004,2026,2024
100275,WELLINGTON REGIONAL MEDICAL CENTER,Wellington Regional Medical Center,WELLINGTON,FL,2,0.9931,0.69,0.69,True,True,5,3.0,Pneumonia,0.5488143247566988,8.412346000000007,2409,26567547.0,183316.07430000044,2026,2024
100313,ASCENSION SACRED HEART GULF,Ascension Sacred Heart Gulf,PORT SAINT JOE,FL,1,0.994,0.6,0.6,True,True,3,1.0,Pneumonia,1.0,,101,1222595.0,7335.570000000006,2026,2024
100359,SARASOTA MEMORIAL HOSPITAL - VENICE,Sarasota Memorial Hospital - Venice,NORTH VENICE,FL,1,0.9995,0.05,0.05,True,True,5,1.0,Heart failure,1.0,-15.021384000000007,6291,52909313.0,26454.656499997087,2026,2024
110042,WELLSTAR PAULDING MEDICAL CENTER,Wellstar Paulding Medical Center,HIRAM,GA,1,0.9895,1.05,1.05,True,True,4,3.0,Pneumonia,0.5034582336902225,12.76262800000001,2293,20090513.0,210950.38649999906,2026,2024
110129,ST FRANCIS HOSPITAL- EMORY HEALTHCARE,St Francis Hospital- Emory Healthcare,COLUMBUS,GA,2,0.9973,0.27,0.27,True,True,6,3.0,Heart attack,0.8335932199777639,-1.631842999999996,2141,25658009.0,69276.62430000091,2026,2024
110132,MEMORIAL HOSPITAL AND MANOR,Memorial Hospital And Manor,BAINBRIDGE,GA,3,0.9926,0.74,0.74,True,True,4,2.0,Pneumonia,0.6716163025595104,0.44608199999999953,193,2077207.0,15371.331799999922,2026,2024
110177,DOCTORS HOSPITAL,Doctors Hospital,AUGUSTA,GA,2,0.9994,0.06,0.06,True,True,5,3.0,Heart failure,0.46150940545440833,-1.1507829999999988,2740,36381992.0,21829.195200001635,2026,2024
140001,GRAHAM HOSPITAL ASSOCIATION,Graham Hospital Association,CANTON,IL,4,0.9988,0.12,0.12,True,True,5,2.0,Heart failure,0.9505195447798119,0.05337799999999909,583,6637043.0,7964.451599999859,2026,2024
140007,SAINT JOSEPH MEDICAL CENTER,Saint Joseph Medical Center,JOLIET,IL,4,0.995,0.5,0.5,True,True,6,5.0,Heart failure,0.42751684909899157,11.228366999999995,3855,44337933.0,221689.66500000018,2026,2024
140083,LORETTO HOSPITAL,Loretto Hospital,CHICAGO,IL,5,0.9999,0.01,0.01,True,True,4,1.0,Heart failure,1.0,,253,3304472.0,330.44719999996363,2026,2024
140095,SAINT ANTHONY HOSPITAL,Saint Anthony Hospital,CHICAGO,IL,5,0.9998,0.02,0.02,True,True,5,1.0,Heart failure,1.0,,237,3641700.0,728.3399999999198,2026,2024
140191,INGALLS MEMORIAL HOSPITAL,Ingalls Memorial Hospital,HARVEY,IL,5,0.9902,0.98,0.98,True,True,5,5.0,Heart failure,0.8733232636093106,16.779157000000005,1904,23308724.0,228425.49520000073,2026,2024
150024,ESKENAZI HEALTH,Eskenazi Health,INDIANAPOLIS,IN,5,0.9983,0.17,0.17,True,True,5,4.0,Pneumonia,0.671477385127236,2.2622809999999993,1270,32512400.0,55271.08000000113,2026,2024
150058,MEMORIAL HOSPITAL OF SOUTH BEND,Memorial Hospital Of South Bend,SOUTH BEND,IN,3,0.9988,0.12,0.11,True,True,6,1.0,COPD,1.0,-2.0980640000000044,3602,46995271.0,56394.32519999901,2026,2024
150076,SAINT JOSEPH REGIONAL MEDICAL CENTER - PLYMOUTH,Saint Joseph Regional Medical Center - Plymouth,PLYMOUTH,IN,2,0.9999,0.01,0.01,True,True,4,1.0,COPD,1.0,-1.267206000000002,296,2783787.0,278.37869999996934,2026,2024
150115,MEMORIAL HOSPITAL AND HEALTH CARE CENTER,Memorial Hospital And Health Care Center,JASPER,IN,2,0.9998,0.02,0.02,True,True,5,1.0,Heart attack,1.0,-5.097805999999998,1549,16667502.0,3333.500399999633,2026,2024
170197,KANSAS MEDICAL CENTER LLC,Kansas Medical Center Llc,ANDOVER,KS,1,0.9952,0.48,0.48,True,True,6,3.0,Heart bypass surgery (CABG),0.8999789217998765,-1.3480279999999998,916,10639114.0,51067.74720000028,2026,2024
170203,MERCY SPECIALTY HOSPITAL SOUTHEAST KANSAS,Mercy Specialty Hospital Southeast Kansas,GALENA,KS,1,0.9961,0.39,0.39,True,True,2,1.0,Hip/knee replacement,1.0,,143,3242891.0,12647.274900000048,2026,2024
180012,BAPTIST HEALTH HARDIN,Baptist Health Hardin,ELIZABETHTOWN,KY,1,0.9908,0.92,0.92,True,True,5,2.0,Pneumonia,0.9431701522306633,9.950208999999969,3603,32235275.0,296564.52999999956,2026,2024
180016,UOFL HEALTH - SHELBYVILLE HOSPITAL,Uofl Health - Shelbyville Hospital,SHELBYVILLE,KY,2,0.9997,0.03,0.03,True,True,3,1.0,Heart failure,1.0,,282,2987164.0,896.1491999999013,2026,2024
180035,ST ELIZABETH EDGEWOOD,St Elizabeth Medical Center North,EDGEWOOD,KY,1,0.9928,0.72,0.72,True,True,6,3.0,Heart attack,0.609394069157478,13.14828600000002,5461,63306661.0,455807.959199999,2026,2024
180105,MONROE COUNTY MEDICAL CENTER,Monroe County Medical Center,TOMPKINSVILLE,KY,4,0.9774,2.26,2.26,True,True,4,3.0,Pneumonia,0.6864436637697735,4.769827000000003,411,2408912.0,54441.411199999886,2026,2024
190027,CHRISTUS OCHSNER ST PATRICK HOSPITAL,Christus Ochsner St Patrick Hospital,LAKE CHARLES,LA,2,0.9953,0.47,0.47,True,True,6,3.0,Heart attack,0.6186287019004769,-2.3460780000000128,2103,29863348.0,140357.73560000112,2026,2024
190053,OCHSNER AMERICAN LEGION HOSPITAL,Ochsner American Legion Hospital,JENNINGS,LA,4,0.993,0.7,0.7,True,True,5,3.0,Heart failure,0.7165018584947227,2.476915000000002,605,5354917.0,37484.41900000003,2026,2024
190065,BATON ROUGE GENERAL MEDICAL CENTER,Baton Rouge General Medical Center,BATON ROUGE,LA,3,0.9958,0.42,0.42,True,True,6,2.0,Hip/knee replacement,0.8174760541396506,0.6159909999999957,3323,45202170.0,189849.11399999916,2026,2024
190145,LASALLE GENERAL HOSPITAL,Lasalle General Hospital,JENA,LA,5,0.9988,0.12,0.12,True,True,3,2.0,Pneumonia,0.7311724992556642,0.17862000000000045,133,989844.0,1187.812799999979,2026,2024
190274,OCHSNER MEDICAL CENTER-KENNER,Ochsner Medical Center-Kenner,KENNER,LA,4,0.9997,0.03,0.03,True,True,5,1.0,Heart attack,1.0,-0.807045999999998,902,9378813.0,2813.6438999996903,2026,2024
200001,ST JOSEPH HOSPITAL,St Joseph Hospital,BANGOR,ME,4,0.9863,1.37,1.37,True,True,5,2.0,Pneumonia,0.9716464208090372,6.217983000000001,1183,14421186.0,197570.24820000064,2026,2024
220063,LOWELL GENERAL HOSPITAL,Lowell General Hospital,LOWELL,MA,5,0.9899,1.01,1.01,True,True,6,4.0,Pneumonia,0.38872789475486774,35.384418000000004,5396,62941177.0,635705.8876999998,2026,2024
220176,ST VINCENT HOSPITAL,St Vincent Hospital,WORCESTER,MA,5,0.9955,0.45,0.45,True,True,6,5.0,Heart attack,0.2363702015011632,5.36940700000001,2854,49229727.0,221533.77149999747,2026,2024
230017,BRONSON METHODIST HOSPITAL,Bronson Methodist Hospital,KALAMAZOO,MI,4,0.9999,0.01,0.01,True,True,6,1.0,Hip/knee replacement,1.0,-9.125826000000002,4632,60242044.0,6024.204399999337,2026,2024
230035,SPECTRUM HEALTH UNITED HOSPITAL,Corewell Health United Hospital,GREENVILLE,MI,4,0.9915,0.85,0.85,True,True,4,2.0,Pneumonia,0.9854632562397103,1.5016330000000002,498,4906567.0,41705.819499999765,2026,2024
230092,HENRY FORD ALLEGIANCE HEALTH,Henry Ford Health Jackson Hospital,JACKSON,MI,4,0.9968,0.32,0.33,True,True,6,4.0,Heart bypass surgery (CABG),0.45931277491368266,2.2729479999999915,3885,51167292.0,163735.334399999,2026,2024
230117,BORGESS MEDICAL CENTER,Ascension Borgess Hospital,KALAMAZOO,MI,3,0.9987,0.13,0.13,True,True,6,2.0,Heart bypass surgery (CABG),0.8077693826354151,-16.404685,2262,36603064.0,47583.983199998824,2026,2024
230133,MUNSON HEALTHCARE OTSEGO MEMORIAL HOSPITAL,Munson Healthcare Otsego Memorial Hospital,GAYLORD,MI,3,0.9914,0.86,0.86,True,True,5,2.0,Heart failure,0.5542610798356042,2.1450000000000005,475,5687668.0,48913.944800000296,2026,2024
230180,MYMICHIGAN MEDICAL CENTER CLARE,Mymichigan Medical Center Clare,CLARE,MI,4,0.994,0.6,0.6,True,True,5,3.0,Heart failure,0.5637225645514085,0.8336940000000004,320,2880550.0,17283.300000000014,2026,2024
230195,Henry Ford Health Warren Hospital,Ascension Macomb Oakland Hosp-Warren Campus,WARREN,MI,5,0.9956,0.44,0.44,True,True,5,5.0,Heart failure,0.3469154179484636,15.929227000000001,3720,48608620.0,213877.92799999804,2026,2024
250001,UNIVERSITY OF MISSISSIPPI MED CENTER,University Of Mississippi Med Center,JACKSON,MS,4,0.9977,0.23,0.24,True,True,6,5.0,Heart bypass surgery (CABG),0.44005513675797486,4.8554680000000054,4920,103517963.0,238091.31489999677,2026,2024
250019,MEMORIAL HOSPITAL AT GULFPORT,Memorial Hospital At Gulfport,GULFPORT,MS,2,0.9939,0.61,0.61,True,True,6,3.0,Heart failure,0.8363079818811818,14.419040000000006,4291,49406235.0,301378.0334999997,2026,2024
250057,KING'S DAUGHTERS MEDICAL CENTER-BROOKHAVEN,King's Daughters Medical Center-Brookhaven,BROOKHAVEN,MS,4,0.9996,0.04,0.04,True,True,4,1.0,COPD,1.0,-1.663700000000001,618,7325557.0,2930.222799999677,2026,2024
250061,YALOBUSHA GENERAL HOSPITAL,Yalobusha General Hospital,WATER VALLEY,MS,4,0.9969,0.31,0.31,True,True,4,2.0,Heart failure,0.6280082175699468,,102,545209.0,1690.1478999999954,2026,2024
260006,MOSAIC LIFE CARE AT ST JOSEPH,Mosaic Life Care At St Joseph,SAINT JOSEPH,MO,4,0.9983,0.17,0.17,True,True,6,2.0,Heart failure,0.6206521181586598,-14.945230999999984,5434,85798960.0,145858.232000003,2026,2024
260095,CENTERPOINT MEDICAL CENTER,Centerpoint Medical Center,INDEPENDENCE,MO,3,0.9951,0.49,0.49,True,True,6,2.0,Pneumonia,0.872398366076639,5.2108799999999915,3243,36895577.0,180788.32730000056,2026,2024
280125,FAITH HEALTH,Faith Regional Health Services,NORFOLK,NE,3,0.9978,0.22,0.22,True,True,6,2.0,Heart bypass surgery (CABG),0.880084151472651,-3.9997279999999957,1473,22252600.0,48955.71999999955,2026,2024
300034,CATHOLIC MEDICAL CENTER,Catholic Medical Center,MANCHESTER,NH,2,0.9955,0.45,0.45,True,True,6,3.0,Heart bypass surgery (CABG),0.8372911622795715,-3.1071360000000037,3485,51276990.0,230746.45499999737,2026,2024
310024,ROBERT WOOD JOHNSON UNIVERSITY HOSPITAL AT RAHWAY,Robert Wood Johnson University Hospital At Rahway,RAHWAY,NJ,3,0.9942,0.58,0.58,True,True,5,3.0,Pneumonia,0.7175491583133488,4.340915999999997,1346,17419583.0,101033.58140000048,2026,2024
310047,SHORE MEDICAL CENTER,Shore Medical Center,SOMERS POINT,NJ,2,0.997,0.3,0.3,True,True,5,3.0,Heart failure,0.46271842112841566,-0.07856200000000912,2808,29161505.0,87484.51500000007,2026,2024
310054,HACKENSACK MERIDIAN MOUNTAINSIDE MEDICAL,Hackensack Meridian Mountainside Medical,MONTCLAIR,NJ,2,0.9958,0.42,0.42,True,True,5,4.0,Pneumonia,0.6272819391054003,5.401742000000003,3041,41514135.0,174359.36699999924,2026,2024
310058,BERGEN NEW BRIDGE MEDICAL CENTER,Bergen New Bridge Medical Center,PARAMUS,NJ,5,0.9981,0.19,0.19,True,True,4,1.0,Pneumonia,1.0,0.36417000000000077,356,10874744.0,20662.01360000014,2026,2024
330011,"OUR LADY OF LOURDES MEMORIAL HOSPITAL, INC","Our Lady Of Lourdes Memorial Hospital, Inc",BINGHAMTON,NY,3,0.9931,0.69,0.69,True,True,5,4.0,Pneumonia,0.5257063093244,2.8196970000000006,1715,23592714.0,162789.7266000004,2026,2024
330102,KENMORE MERCY HOSPITAL,Kenmore Mercy Hospital,KENMORE,NY,3,0.9971,0.29,0.29,True,True,5,3.0,Pneumonia,0.7840315888100656,1.8837689999999994,1250,15178435.0,44017.46150000021,2026,2024
330104,NYACK HOSPITAL,Nyack Hospital,NYACK,NY,5,0.9856,1.44,1.44,True,True,5,4.0,Pneumonia,0.6998067359257634,17.21092200000001,3351,45624172.0,656988.0767999985,2026,2024
330111,BERTRAND CHAFFEE HOSPITAL,Bertrand Chaffee Hospital,SPRINGVILLE,NY,2,0.9994,0.06,0.06,True,True,4,1.0,Pneumonia,1.0,,163,1341981.0,805.1886000000603,2026,2024
330202,KINGS COUNTY HOSPITAL CENTER,Kings County Hospital Center,BROOKLYN,NY,5,0.9993,0.07,0.07,True,True,5,1.0,Pneumonia,1.0,-1.5463960000000037,1579,56085762.0,39260.0334000019,2026,2024
330238,NICHOLAS H NOYES MEMORIAL HOSPITAL,Nicholas H Noyes Memorial Hospital,DANSVILLE,NY,4,0.9995,0.05,0.06,True,True,5,1.0,Pneumonia,1.0,0.052890000000001276,493,6689475.0,3344.737499999632,2026,2024
340001,CAROLINAS MEDICAL CENTER-NORTHEAST,Atrium Health Cabarrus,CONCORD,NC,2,0.9983,0.17,0.17,True,True,6,3.0,Heart failure,0.5620933930894894,-0.9846769999999867,5387,66853560.0,113651.05200000232,2026,2024
340008,SCOTLAND MEMORIAL HOSPITAL,Scotland Memorial Hospital,LAURINBURG,NC,5,0.9966,0.34,0.34,True,True,5,2.0,Pneumonia,0.989566907321065,0.7577519999999989,864,9157157.0,31134.333799999622,2026,2024
340017,PARDEE HOSPITAL HENDERSON COUNTY,Margaret R Pardee Memorial Hospital,HENDERSONVILLE,NC,2,0.9998,0.02,0.02,True,True,5,1.0,Heart attack,1.0,-12.33885100000001,2675,26035362.0,5207.072399999426,2026,2024
340032,CAROMONT REGIONAL MEDICAL CENTER,Caromont Regional Medical Center,GASTONIA,NC,3,0.9915,0.85,0.85,True,True,6,5.0,Pneumonia,0.2743446661837399,17.06856,4681,53256438.0,452679.72299999744,2026,2024
350011,SANFORD MEDICAL CENTER FARGO,Sanford,FARGO,ND,3,0.9997,0.03,0.03,True,True,6,1.0,Heart bypass surgery (CABG),1.0,-34.78998500000004,7707,116048698.0,34814.60939999617,2026,2024
360036,WOOSTER COMMUNITY HOSPITAL,Wooster Community Hospital,WOOSTER,OH,3,0.9989,0.11,0.11,True,True,5,2.0,COPD,0.5771902307864649,0.029219999999999746,1206,10301369.0,11331.505899999896,2026,2024
360059,METROHEALTH SYSTEM,Metrohealth System,CLEVELAND,OH,5,0.996,0.4,0.4,True,True,6,3.0,Heart failure,0.49375998911823715,6.959970999999986,2683,38166386.0,152665.54400000014,2026,2024
360174,UPPER VALLEY MEDICAL CENTER,Upper Valley Medical Center,TROY,OH,2,0.995,0.5,0.5,True,True,5,3.0,Heart failure,0.727479538283866,3.332392999999999,1693,13501051.0,67505.25500000006,2026,2024
370211,INTEGRIS CANADIAN VALLEY HOSPITAL,Integris Canadian Valley Hospital,YUKON,OK,2,0.9991,0.09,0.09,True,True,5,1.0,Pneumonia,1.0,-0.23708000000000432,1080,8975688.0,8078.1192000001065,2026,2024
370220,ONECORE HEALTH,Onecore Health,OKLAHOMA CITY,OK,1,0.9912,0.88,0.88,True,True,1,1.0,Hip/knee replacement,1.0,,84,1241070.0,10921.416000000037,2026,2024
380014,GOOD SAMARITAN REGIONAL MEDICAL CENTER,Good Samaritan Regional Medical Center,CORVALLIS,OR,3,0.9992,0.08,0.08,True,True,6,2.0,Pneumonia,0.6876834137309993,-5.468191999999997,1925,37194587.0,29755.669600000852,2026,2024
390046,WELLSPAN YORK HOSPITAL,Wellspan York Hospital,YORK,PA,2,0.9978,0.22,0.22,True,True,6,2.0,Heart attack,0.8315703824247351,-22.274204000000005,7421,120130684.0,264287.50479999755,2026,2024
390093,INDEPENDENCE HEALTH SYSTEM CLARION HOSPITAL,Clarion Hospital,CLARION,PA,3,0.9994,0.06,0.06,True,True,5,1.0,COPD,1.0,-0.1591199999999988,324,3242532.0,1945.5192000001457,2026,2024
390096,PENN STATE HEALTH ST. JOSEPH,Penn State Health St. Joseph,READING,PA,3,0.9954,0.46,0.46,True,True,6,2.0,Heart failure,0.6077441786956059,1.6112579999999883,2038,22259158.0,102392.12680000108,2026,2024
390123,POTTSTOWN HOSPITAL,Pottstown Hospital,POTTSTOWN,PA,3,0.9978,0.22,0.22,True,True,5,4.0,Hip/knee replacement,0.6085405813779837,0.2575140000000025,2024,19366644.0,42606.61679999961,2026,2024
390151,WELLSPAN CHAMBERSBURG HOSPITAL,Wellspan Chambersburg Hospital,CHAMBERSBURG,PA,2,0.9987,0.13,0.13,True,True,6,2.0,Heart attack,0.8700599723204677,-5.637730999999984,4207,47789947.0,62126.93109999847,2026,2024
390160,CANONSBURG GENERAL HOSPITAL,Canonsburg General Hospital,CANONSBURG,PA,2,0.9981,0.19,0.19,True,True,5,2.0,Pneumonia,0.6094744986014387,0.16920899999999922,373,2624092.0,4985.774800000034,2026,2024
390163,ACMH HOSPITAL,Acmh Hospital,KITTANNING,PA,4,0.9942,0.58,0.58,True,True,5,2.0,Pneumonia,0.895126250713807,1.211652,442,4219295.0,24471.911000000116,2026,2024
390173,INDIANA REGIONAL MEDICAL CENTER,Indiana Regional Medical Center,INDIANA,PA,3,0.9963,0.37,0.37,True,True,5,4.0,Heart failure,0.7951742021591028,1.7582680000000022,913,8148536.0,30149.5832000003,2026,2024
390268,MOUNT NITTANY MEDICAL CENTER,Mount Nittany Medical Center,STATE COLLEGE,PA,2,0.9984,0.16,0.16,True,True,5,4.0,Heart failure,0.4803021463444597,0.9581400000000009,2470,32577094.0,52123.350400001495,2026,2024
410008,SOUTH COUNTY HOSPITAL INC,South County Hospital Inc,WAKEFIELD,RI,1,0.9903,0.97,0.97,True,True,5,1.0,Hip/knee replacement,1.0,-2.7598199999999915,1630,16002188.0,155221.22360000067,2026,2024
420049,CONWAY MEDICAL CENTER,Conway Medical Center,CONWAY,SC,3,0.992,0.8,0.8,True,True,5,3.0,Pneumonia,0.7693847759585969,6.851881000000002,2198,23148854.0,185190.83200000017,2026,2024
420089,NOVANT HEALTH EAST COOPER MEDICAL CENTER,East Cooper Medical Center,MOUNT PLEASANT,SC,1,0.9959,0.41,0.41,True,True,5,2.0,Hip/knee replacement,0.9885641202774486,-0.995666999999999,977,12111324.0,49656.42839999991,2026,2024
440018,SYCAMORE SHOALS HOSPITAL,Sycamore Shoals Hospital,ELIZABETHTON,TN,4,0.977,2.3,2.3,True,True,5,3.0,Pneumonia,0.5388337692227217,3.7985520000000035,563,4427788.0,101839.12400000008,2026,2024
440031,ROANE MEDICAL CENTER,Roane Medical Center,HARRIMAN,TN,3,0.9921,0.79,0.79,True,True,5,3.0,Heart failure,0.5749555606656228,2.8210489999999973,585,4982039.0,39358.10810000009,2026,2024
440048,BAPTIST MEMORIAL HOSPITAL,Baptist Memorial Hospital,MEMPHIS,TN,2,0.9918,0.82,0.82,True,True,6,5.0,Heart failure,0.31913957490678446,37.356048999999985,11785,155784357.0,1277431.7273999976,2026,2024
440091,"MEMORIAL HEALTHCARE SYSTEM, INC","Memorial Healthcare System, Inc",CHATTANOOGA,TN,1,0.9951,0.49,0.49,True,True,6,2.0,Heart bypass surgery (CABG),0.975978172759446,-31.522016000000026,7220,78795267.0,386096.8083000012,2026,2024
440104,ERLANGER MEDICAL CENTER,Erlanger Health System,CHATTANOOGA,TN,2,1.0,0.0,0.0,True,False,6,2.0,Heart attack,0.7541666666666373,-13.532933999999992,4693,76367497.0,0.0,2026,2024
440125,FORT SANDERS REGIONAL MEDICAL CENTER,Fort Sanders Regional Medical Center,KNOXVILLE,TN,3,0.9921,0.79,0.79,True,True,6,5.0,Pneumonia,0.3702686525122355,13.984430000000007,2938,32755752.0,258770.4408000006,2026,2024
440131,BAPTIST MEMORIAL HOSPITAL TIPTON,Baptist Memorial Hospital Tipton,COVINGTON,TN,3,0.9959,0.41,0.41,True,True,4,3.0,Heart failure,0.5601172882282779,0.5292959999999995,389,4066735.0,16673.61349999997,2026,2024
440183,ST FRANCIS HOSPITAL,St Francis Hospital,MEMPHIS,TN,4,0.9909,0.91,0.91,True,True,6,4.0,Heart bypass surgery (CABG),0.4577606283875338,3.7933459999999997,2510,32776959.0,298270.3268999999,2026,2024
440185,AFFILIATE OF VITRUVIAN HEALTH,Bradley Medical Center,CLEVELAND,TN,3,0.9933,0.67,0.67,True,True,6,4.0,Heart failure,0.5843333170539716,4.413874000000005,1836,18202432.0,121956.29440000071,2026,2024
440192,SAINT THOMAS HIGHLANDS HOSPITAL,Saint Thomas Highlands Hospital,SPARTA,TN,4,0.9982,0.18,0.18,True,True,4,2.0,COPD,0.708946501475958,,207,2401195.0,4322.151000000057,2026,2024
440227,TRISTAR STONECREST MEDICAL CENTER,Tristar Stonecrest Medical Center,SMYRNA,TN,2,0.9947,0.53,0.53,True,True,5,4.0,Pneumonia,0.7122571149777516,2.679808000000002,1037,12028447.0,63750.769099999656,2026,2024
450324,TEXOMA MEDICAL CENTER,Texoma Medical Center,DENISON,TX,2,0.9867,1.33,1.33,True,True,6,2.0,Pneumonia,0.7595212597147208,40.632484,5646,65845736.0,875748.2887999986,2026,2024
450389,UT HEALTH EAST TEXAS ATHENS HOSPITAL,Ut Health East Texas Athens Hospital,ATHENS,TX,2,0.9907,0.93,0.93,True,True,5,4.0,Pneumonia,0.7688603399027819,4.666639999999999,1036,10106150.0,93987.19499999975,2026,2024
450518,THE MEDICAL CENTER OF SOUTHEAST TEXAS,"Hsa Port Arthur, Llc",PORT ARTHUR,TX,2,0.9943,0.57,0.57,True,True,6,4.0,Heart bypass surgery (CABG),0.4647868629286139,0.7589010000000037,591,6014283.0,34281.41310000023,2026,2024
450639,TEXAS HEALTH HARRIS METHODIST HURST-EULESS-BEDFORD,Texas Health Heb,BEDFORD,TX,1,0.9873,1.27,1.27,True,True,6,4.0,Pneumonia,0.6250296298547375,16.395395,2530,28119127.0,357112.9129000013,2026,2024
450662,VALLEY REGIONAL MEDICAL CENTER,Valley Regional Medical Center,BROWNSVILLE,TX,5,0.9958,0.42,0.42,True,True,6,3.0,Heart attack,0.42031134173461804,2.401808999999996,1106,15102701.0,63431.34419999972,2026,2024
450709,HOUSTON METHODIST CLEAR LAKE HOSPITAL,Houston Methodist Clear Lake Hospital,NASSAU BAY,TX,1,0.9957,0.43,0.43,True,True,5,2.0,Pneumonia,0.5092687454183099,0.913234,1860,20418860.0,87801.0979999994,2026,2024
450771,TEXAS HEALTH PRESBYTERIAN HOSPITAL PLANO,Texas Health Presbyterian Hospital Plano,PLANO,TX,1,0.9946,0.54,0.54,True,True,6,4.0,Pneumonia,0.5464913107081725,7.596385999999988,4113,50841768.0,274545.547199998,2026,2024
450876,LUBBOCK HEART HOSPITAL LP,Lubbock Heart Hospital Lp,LUBBOCK,TX,1,0.9849,1.51,1.51,True,True,6,2.0,Heart bypass surgery (CABG),0.9198945699987534,0.13901699999999909,576,7166591.0,108215.52410000001,2026,2024
460057,PARK CITY HOSPITAL,Park City Hospital,PARK CITY,UT,1,0.9999,0.01,0.01,True,True,4,1.0,Heart failure,1.0,,285,3053401.0,305.34009999996636,2026,2024
470024,NORTHWESTERN MEDICAL CENTER INC,Northwestern Medical Center Inc,SAINT ALBANS,VT,4,0.9999,0.01,0.01,True,True,5,1.0,COPD,1.0,-2.6643569999999976,857,12954035.0,1295.4034999998573,2026,2024
490021,CENTRA HEALTH -  LYNCHBURG GEN HOSPITAL,"Centra  Health, Inc",LYNCHBURG,VA,3,0.9992,0.08,0.08,True,True,6,2.0,Heart bypass surgery (CABG),0.690422285658037,-51.033624000000025,7114,95657406.0,76525.92480000219,2026,2024
490075,SOVAH HEALTH DANVILLE,Sovah Health Danville,DANVILLE,VA,5,0.9962,0.38,0.38,True,True,5,3.0,Heart failure,0.77842572288235,-5.252099000000012,2505,27318851.0,103811.6338000007,2026,2024
490107,RESTON HOSPITAL CENTER,Reston Hospital Center,RESTON,VA,1,0.9977,0.23,0.23,True,True,5,4.0,Pneumonia,0.4797513880268343,3.0474230000000015,3072,38041929.0,87496.43669999881,2026,2024
500141,ST FRANCIS COMMUNITY HOSPITAL,St Francis Community Hospital,FEDERAL WAY,WA,4,0.9994,0.06,0.06,True,True,5,1.0,Heart attack,1.0,-0.7389089999999907,1730,22762000.0,13657.200000001023,2026,2024
520021,FROEDTERT SOUTH INC.,Froedtert Pleasant Prairie Hospital,KENOSHA,WI,4,0.9961,0.39,0.39,True,True,6,4.0,Pneumonia,0.41411452380074487,2.7746199999999956,1889,23435616.0,91398.90240000034,2026,2024
520059,AURORA MEMORIAL HOSPITAL BURLINGTON,Aurora Medical Center Burlington,BURLINGTON,WI,2,0.9999,0.01,0.01,True,True,5,1.0,COPD,1.0,-1.911221999999998,823,8296471.0,829.6470999999086,2026,2024
520076,MARSHFIELD MEDICAL CENTER - BEAVER DAM (MMC-BD),Marshfield Medical Center - Beaver Dam,BEAVER DAM,WI,4,0.9995,0.05,0.05,True,True,5,1.0,Heart failure,1.0,,282,3113476.0,1556.7379999998286,2026,2024
520177,FROEDTERT MEMORIAL LUTHERAN HOSPITAL,Froedtert Memorial Lutheran Hospital,MILWAUKEE,WI,5,0.997,0.3,0.3,True,True,6,4.0,Heart attack,0.4036854265909803,2.6301810000000003,7480,145124531.0,435373.5930000004,2026,2024
530002,CAMPBELL COUNTY HEALTH,Campbell County Memorial Hospital,GILLETTE,WY,1,0.9995,0.05,0.05,True,True,5,1.0,Heart attack,1.0,-1.4814239999999987,753,13354555.0,6677.277499999264,2026,2024
530014,CHEYENNE REGIONAL MEDICAL CENTER,Cheyenne Regional Medical Center,CHEYENNE,WY,2,0.994,0.6,0.6,True,True,6,4.0,Pneumonia,0.3966499033255063,-4.280524999999996,2881,50088051.0,300528.3060000003,2026,2024
670053,ST LUKE'S SUGAR LAND HOSPITAL,St Luke's Sugar Land Hospital,SUGAR LAND,TX,4,0.999,0.1,0.1,True,True,5,2.0,Pneumonia,0.9161007912901926,0.37073499999999954,642,8701755.0,8701.755000000008,2026,2024
670082,BAYLOR SCOTT AND WHITE  MEDICAL CENTER  MCKINNEY,Baylor Scott And White  Medical Center  Mckinney,MC KINNEY,TX,1,0.9969,0.31,0.31,True,True,5,5.0,COPD,0.3183598378546931,3.8194670000000115,3242,32100594.0,99511.84139999973,2026,2024
010103,PRINCETON BAPTIST MEDICAL CENTER,Princeton Baptist Medical Center,BIRMINGHAM,AL,2,0.996,0.4,0.4,True,True,6,2.0,Heart attack,0.6754593053432744,-3.899505000000001,1717,23827293.0,95309.17200000008,2026,2024
030022,VALLEYWISE HEALTH MEDICAL CENTER,Valleywise Health Medical Center,PHOENIX,AZ,5,0.9992,0.08,0.08,True,True,5,2.0,Heart failure,0.8359501150925885,0.45022400000000107,612,22343881.0,17875.10480000051,2026,2024
040016,University of Arkansas Medical Sciences,Uams Medical Center,LITTLE ROCK,AR,3,0.9997,0.03,0.03,True,True,6,1.0,Heart attack,1.0,-2.478278999999995,4445,99011574.0,29703.47219999673,2026,2024
040051,BAPTIST HEALTH MEDICAL CENTER-DREW COUNTY,Baptist Health Medical Center-Drew County,MONTICELLO,AR,3,0.9903,0.97,0.96,True,True,5,3.0,Heart failure,0.8639034587685165,3.352302000000001,571,4281317.0,41528.77490000018,2026,2024
040078,NATIONAL PARK MEDICAL CENTER,National Park Medical Center,HOT SPRINGS,AR,3,0.994,0.6,0.6,True,True,6,2.0,Heart attack,0.5742171614477428,0.07552400000000303,1414,17233294.0,103399.7640000001,2026,2024
040119,WHITE RIVER MEDICAL CENTER,White River Medical Center,BATESVILLE,AR,3,0.9976,0.24,0.24,True,True,5,2.0,Heart attack,0.5783312273264585,-3.1386430000000027,2530,25919037.0,62205.688799998905,2026,2024
040156,"BAPTIST MEMORIAL HOSPITAL-CRITTENDEN, INC","Baptist Memorial Hospital-Crittenden, Inc",WEST MEMPHIS,AR,4,0.9998,0.02,0.02,True,True,3,1.0,Heart failure,1.0,,155,1163197.0,232.6393999999744,2026,2024
050025,UC SAN DIEGO HEALTH HILLCREST - HILLCREST MED CTR,Uc San Diego Health Hillcrest - Hillcrest Med Ctr,SAN DIEGO,CA,5,0.9994,0.06,0.06,True,True,6,2.0,Hip/knee replacement,0.7428190925875481,-11.359372999999993,7743,265969710.0,159581.82600001196,2026,2024
050084,ST JOSEPH'S MEDICAL CENTER OF STOCKTON,St Joseph's Medical Center Of Stockton,STOCKTON,CA,5,0.9946,0.54,0.54,True,True,6,3.0,Heart bypass surgery (CABG),0.9552561714101889,1.9142010000000154,3961,106996948.0,577783.5191999958,2026,2024
050113,SAN MATEO MEDICAL CENTER,San Mateo Medical Center,SAN MATEO,CA,5,0.9996,0.04,0.04,True,True,5,1.0,Heart failure,1.0,,189,3884356.0,1553.7423999998289,2026,2024
050231,POMONA VALLEY HOSPITAL MEDICAL CENTER,Pomona Valley Hospital Medical Center,POMONA,CA,5,0.9992,0.08,0.08,True,True,6,1.0,Hip/knee replacement,1.0,-6.728076000000005,3199,66970576.0,53576.460800001536,2026,2024
050248,NATIVIDAD MEDICAL CENTER,Natividad Medical Center,SALINAS,CA,5,0.9999,0.01,0.01,True,True,5,1.0,COPD,1.0,0.14407000000000403,1358,27139847.0,2713.984699999701,2026,2024
050276,CONTRA COSTA REGIONAL MEDICAL CENTER,Contra Costa Regional Medical Center,MARTINEZ,CA,5,0.9994,0.06,0.06,True,True,4,1.0,Heart failure,1.0,0.5922449999999997,702,15952816.0,9571.689600000716,2026,2024
050360,MARINHEALTH MEDICAL CENTER,Marinhealth Medical Center,GREENBRAE,CA,3,0.9998,0.02,0.02,True,True,6,2.0,Heart bypass surgery (CABG),0.9102031653384243,-10.646939000000005,4090,79779228.0,15955.845599998243,2026,2024
050528,MEMORIAL HOSPITAL LOS BANOS,Memorial Hospital Los Banos,LOS BANOS,CA,5,0.9991,0.09,0.09,True,True,4,1.0,Pneumonia,1.0,0.3480510000000011,454,15723841.0,14151.456900000187,2026,2024
050668,LAGUNA HONDA HOSPITAL & REHABILITATION CENTER,Laguna Honda Hospital & Rehabilitation Center,SAN FRANCISCO,CA,5,0.9867,1.33,1.33,True,True,3,1.0,Pneumonia,1.0,0.5684640000000006,106,1639911.0,21810.816299999966,2026,2024
050704,MISSION COMMUNITY HOSPITAL,Mission Community Hospital,PANORAMA CITY,CA,5,0.998,0.2,0.2,True,True,5,2.0,Pneumonia,0.9742187499999995,2.3928179999999992,1546,29637785.0,59275.57000000005,2026,2024
050736,MONTEREY PARK HOSPITAL,Monterey Park Hospital,MONTEREY PARK,CA,5,0.9975,0.25,0.25,True,True,5,2.0,Pneumonia,0.9560312285518189,0.6913889999999989,425,6202385.0,15505.962499999669,2026,2024
050738,GREATER EL MONTE COMMUNITY HOSPITAL,Greater El Monte Community Hospital,SOUTH EL MONTE,CA,5,0.9996,0.04,0.04,True,True,4,1.0,Pneumonia,1.0,0.417666000000003,508,8318870.0,3327.5479999996337,2026,2024
050776,COLLEGE MEDICAL CENTER,College Medical Center,LONG BEACH,CA,5,0.9997,0.03,0.03,True,True,4,2.0,Heart failure,0.5107107645424416,-0.004511999999999503,774,10306569.0,3091.9706999996592,2026,2024
060065,HCA HEALTHONE MOUNTAIN RIDGE,Hca Healthone Mountain Ridge,THORNTON,CO,4,0.9962,0.38,0.38,True,True,5,3.0,Heart failure,0.49103500806799183,1.5478470000000017,974,12980703.0,49326.671400000334,2026,2024
060096,VAIL HEALTH HOSPITAL,Vail Health Hospital,VAIL,CO,1,0.9995,0.05,0.05,True,True,5,1.0,Pneumonia,1.0,,468,14972330.0,7486.164999999176,2026,2024
060100,THE MEDICAL CENTER OF AURORA & SOUTH HOSPITAL,Hca Healthone Aurora,AURORA,CO,3,0.9978,0.22,0.22,True,True,6,2.0,Pneumonia,0.9311280228526571,-3.815787999999996,2687,38831517.0,85429.33739999922,2026,2024
060125,ADVENTHEALTH CASTLE ROCK,Adventhealth Castle Rock,CASTLE ROCK,CO,1,0.9985,0.15,0.15,True,True,5,2.0,Pneumonia,0.8336635625123838,0.34095500000000023,966,10510332.0,15765.49799999943,2026,2024
070020,MIDDLESEX HOSPITAL,Middlesex Hospital,MIDDLETOWN,CT,2,0.9855,1.45,1.45,True,True,5,2.0,Pneumonia,0.8291164027366313,10.522062000000018,2764,33579590.0,486904.0549999986,2026,2024
070029,BRISTOL HOSPITAL,Bristol Hospital,BRISTOL,CT,4,0.9939,0.61,0.61,True,True,5,3.0,Pneumonia,0.4919257300492356,3.5222079999999982,917,11297143.0,68912.57229999994,2026,2024
090003,HOWARD UNIVERSITY HOSPITAL CORP,Howard University Hospital Corp,WASHINGTON,DC,5,0.9943,0.57,0.57,True,True,5,3.0,Heart failure,0.6610260515356321,7.344471999999997,1328,26519102.0,151158.88140000103,2026,2024
100001,SHANDS JACKSONVILLE,Uf Health Jacksonville,JACKSONVILLE,FL,4,0.9989,0.11,0.11,True,True,6,3.0,Heart attack,0.46646091830950503,-4.085574000000013,4144,78084678.0,85893.14579999921,2026,2024
100008,BAPTIST HOSPITAL OF MIAMI,Baptist Hospital Of Miami,MIAMI,FL,4,0.9959,0.41,0.41,True,True,6,3.0,Pneumonia,0.7894414422808157,14.166218000000026,5557,99226266.0,406827.6905999993,2026,2024
100018,NAPLES COMMUNITY HOSPITAL,Naples Community Hospital,NAPLES,FL,1,0.9955,0.45,0.45,True,True,6,2.0,Hip/knee replacement,0.8729169931287338,-3.6988029999999807,11649,138868380.0,624907.7099999929,2026,2024
100063,MORTON PLANT NORTH BAY HOSPITAL,Morton Plant North Bay Hospital,NEW PORT RICHEY,FL,3,0.9955,0.45,0.45,True,True,5,3.0,Heart failure,0.5855109219087294,2.762638000000001,1937,20277727.0,91249.77149999895,2026,2024
100067,ST ANTHONYS HOSPITAL,St Anthonys Hospital,SAINT PETERSBURG,FL,3,0.9992,0.08,0.08,True,True,5,2.0,Heart attack,0.7673200077624678,-1.0649360000000165,4761,54775186.0,43820.148800001254,2026,2024
100087,SARASOTA MEMORIAL HOSPITAL,Sarasota Memorial Hospital,SARASOTA,FL,1,0.9997,0.03,0.03,True,True,6,1.0,Heart attack,1.0,-36.842858000000064,18155,232963528.0,69889.0583999923,2026,2024
100088,BAPTIST HEALTH MEDICAL CENTER - JACKSONVILLE,Baptist Medical Center Jacksonville,JACKSONVILLE,FL,1,0.9946,0.54,0.54,True,True,6,3.0,Heart attack,0.682162858523144,-10.754316000000024,14689,203335382.0,1098011.062799992,2026,2024
100189,HCA FLORIDA NORTHWEST HOSPITAL,Hca Florida Northwest Hospital,MARGATE,FL,3,0.9942,0.58,0.58,True,True,6,4.0,Heart failure,0.5266597054479241,6.493136999999999,2138,26739963.0,155091.78540000072,2026,2024
100224,UNIVERSITY HOSPITAL AND MEDICAL CENTER,Hca Florida Woodmont Hospital,TAMARAC,FL,4,0.9911,0.89,0.89,True,True,5,4.0,Heart failure,0.647952350477391,8.828202999999998,1673,18433531.0,164058.42590000035,2026,2024
100230,MEMORIAL HOSPITAL PEMBROKE,Memorial Hospital Pembroke,PEMBROKE PINES,FL,4,0.9988,0.12,0.12,True,True,4,2.0,COPD,0.5083874480538717,0.2461560000000008,1095,12819443.0,15383.331599999728,2026,2024
100232,HCA FLORIDA PUTNAM HOSPITAL,Hca Florida Putnam Hospital,PALATKA,FL,3,0.9924,0.76,0.76,True,True,5,4.0,Heart failure,0.3709765577170441,3.7829509999999984,1255,11832380.0,89926.0880000006,2026,2024
100248,HCA FLORIDA LARGO HOSPITAL,Hca Florida Largo Hospital,LARGO,FL,3,0.9936,0.64,0.64,True,True,6,3.0,Heart failure,0.7073833431777912,13.683725,2450,47428073.0,303539.66719999816,2026,2024
100265,MEASE COUNTRYSIDE HOSPITAL,Mease Countryside Hospital,SAFETY HARBOR,FL,1,0.9992,0.08,0.08,True,True,5,1.0,Heart failure,1.0,-6.611936000000003,5382,51715931.0,41372.74480000119,2026,2024
100266,GULF BREEZE HOSPITAL,Gulf Breeze Hospital,GULF BREEZE,FL,1,0.9975,0.25,0.25,True,True,5,2.0,Heart failure,0.9439855327887704,1.2724500000000059,1143,12701773.0,31754.432499999322,2026,2024
100269,HCA FLORIDA PALMS WEST HOSPITAL,Hca Florida Palms West Hospital,LOXAHATCHEE,FL,3,0.9921,0.79,0.79,True,True,5,4.0,Pneumonia,0.8770643857853905,6.312732999999997,1818,21136415.0,166977.6785000004,2026,2024
100314,WEST KENDALL BAPTIST HOSPITAL,West Kendall Baptist Hospital,MIAMI,FL,5,0.9977,0.23,0.23,True,True,4,1.0,Heart failure,1.0,-0.9924210000000029,1559,20348089.0,46800.60469999936,2026,2024
100360,HCA FLORIDA UNIVERSITY HOSPITAL,Hca Florida University Hospital,DAVIE,FL,3,0.9998,0.02,0.02,True,True,5,1.0,Heart failure,1.0,,508,5540261.0,1108.052199999878,2026,2024
110006,ST MARY'S HOSPITAL,St Mary's Hospital,ATHENS,GA,1,0.9882,1.18,1.18,True,True,5,5.0,Hip/knee replacement,0.816220882885265,5.750230000000006,2203,30313735.0,357702.07300000096,2026,2024
110034,"WELLSTAR MCG HEALTH, AFFILIATED WITH MED COL","Wellstar Mcg Health, Affiliated With Med Col",AUGUSTA,GA,3,0.9975,0.25,0.25,True,True,6,4.0,Heart failure,0.5099706297589758,4.912020999999999,3279,72898800.0,182246.99999999613,2026,2024
110079,GRADY MEMORIAL HOSPITAL,Grady Memorial Hospital,ATLANTA,GA,4,0.9983,0.17,0.17,True,True,6,3.0,Heart failure,0.8634112640568486,3.866415999999994,3629,104942310.0,178401.92700000366,2026,2024
110082,"SAINT JOSEPH'S HOSPITAL OF ATLANTA, INC","Saint Joseph's Hospital Of Atlanta, Inc",ATLANTA,GA,1,0.9923,0.77,0.77,True,True,6,5.0,Heart bypass surgery (CABG),0.42016292461726845,13.68411000000001,4331,61635179.0,474590.8783000025,2026,2024
110104,CRISP REGIONAL HOSPITAL,Crisp Regional Hospital,CORDELE,GA,4,0.9923,0.77,0.77,True,True,5,2.0,Pneumonia,0.9170850326507594,1.9644599999999983,419,4757595.0,36633.48150000019,2026,2024
110107,ATRIUM HEALTH NAVICENT THE MEDICAL CENTER,Atrium Health Navicent The Medical Center,MACON,GA,2,0.9973,0.27,0.27,True,True,6,3.0,Heart bypass surgery (CABG),0.5036779513704877,-10.060515,5101,83004371.0,224111.80170000295,2026,2024
110164,"COLISEUM MEDICAL CENTERS, LLC, DBA",Piedmont Macon Medical Center,MACON,GA,3,0.996,0.4,0.4,True,True,6,4.0,Pneumonia,0.3373459326211993,1.7885140000000044,2053,28020731.0,112082.9240000001,2026,2024
110225,PIEDMONT MOUNTAINSIDE HOSPITAL INC,Piedmont Mountainside Hospital Inc,JASPER,GA,1,0.9979,0.21,0.21,True,True,5,2.0,Heart failure,0.8102006841922328,-2.3641370000000004,1498,15237813.0,31999.40729999986,2026,2024
120026,PALI MOMI MEDICAL CENTER,Pali Momi Medical Center,AIEA,HI,3,0.997,0.3,0.3,True,True,5,1.0,Heart failure,1.0,-2.056729999999999,1863,31773528.0,95320.58400000009,2026,2024
140012,OSF SAINT KATHARINE MEDICAL CENTER,Osf Saint Katharine Medical Center,DIXON,IL,4,0.9984,0.16,0.16,True,True,5,1.0,Heart failure,1.0,0.7055339999999971,820,7920561.0,12672.897600000362,2026,2024
140018,MT SINAI HOSPITAL MEDICAL CENTER,Mt Sinai Hospital Medical Center,CHICAGO,IL,5,0.9993,0.07,0.07,True,True,6,2.0,COPD,0.752873310141352,0.0019799999999962625,760,18658668.0,13061.067600000633,2026,2024
140032,ST ANTHONYS MEMORIAL HOSPITAL,St Anthonys Memorial Hospital,EFFINGHAM,IL,4,0.9956,0.44,0.44,True,True,5,2.0,Heart failure,0.7281440597696676,3.7114040000000035,1420,15410197.0,67804.86679999938,2026,2024
140064,ST MARY MEDICAL CENTER,St Mary Medical Center,GALESBURG,IL,4,0.9955,0.45,0.45,True,True,5,2.0,Heart failure,0.6399591829821838,2.942980000000003,1441,19545382.0,87954.218999999,2026,2024
140089,MC DONOUGH DISTRICT HOSPITAL,Mc Donough District Hospital,MACOMB,IL,5,0.9823,1.77,1.77,True,True,5,1.0,Pneumonia,1.0,3.9448699999999963,365,4265685.0,75502.62450000021,2026,2024
140101,MORRIS HOSPITAL & HEALTHCARE CENTERS,Morris Hospital & Healthcare Centers,MORRIS,IL,3,0.9929,0.71,0.71,True,True,5,3.0,Heart failure,0.47586679320022074,4.559991000000013,1367,13948487.0,99034.25769999993,2026,2024
140133,HOLY CROSS HOSPITAL,Holy Cross Hospital,CHICAGO,IL,5,0.9983,0.17,0.17,True,True,4,1.0,COPD,1.0,0.5864050000000002,632,7139035.0,12136.359500000248,2026,2024
140211,NORTHWESTERN MEDICINE DELNOR COMMUNITY HOSPITAL,Northwestern Medicine Delnor Community Hospital,GENEVA,IL,1,0.9985,0.15,0.15,True,True,5,4.0,Heart attack,0.35754923413566786,-10.297321000000004,3762,44444184.0,66666.2759999976,2026,2024
140213,SILVER CROSS HOSPITAL  AND MEDICAL CENTERS,Silver Cross Hospital  And Medical Centers,NEW LENOX,IL,1,0.9899,1.01,1.01,True,True,6,3.0,Pneumonia,0.6117029550844343,36.62258699999999,6818,77441076.0,782154.8675999999,2026,2024
140217,SAINT JOSEPH HOSPITAL-ELGIN,Presence Saint Joseph Hospital - Elgin,ELGIN,IL,5,0.9983,0.17,0.17,True,True,5,2.0,Heart attack,0.5661002178649247,-3.652852000000001,1023,12987464.0,22078.68880000045,2026,2024
140252,NORTHWEST COMMUNITY HOSPITAL 1,Northwest Community Hospital 1,ARLINGTON HEIGHTS,IL,2,0.9963,0.37,0.37,True,True,6,4.0,Heart attack,0.5691699811050908,-2.783669999999981,8085,91077202.0,336985.64740000333,2026,2024
140292,UCHICAGO MEDICINE ADVENTHEALTH GLENOAKS,Uchicago Medicine Adventhealth Glenoaks,GLENDALE HEIGHTS,IL,5,0.9989,0.11,0.11,True,True,5,4.0,Heart failure,0.31638932223955757,1.1639539999999995,884,8772003.0,9649.203299999912,2026,2024
150042,GOOD SAMARITAN HOSPITAL,Good Samaritan Hospital,VINCENNES,IN,4,0.9905,0.95,0.95,True,True,5,2.0,Pneumonia,0.5760633229912296,8.02133699999999,1698,19662896.0,186797.5119999991,2026,2024
150082,DEACONESS HOSPITAL INC,Deaconess Hospital Inc,EVANSVILLE,IN,3,0.994,0.6,0.6,True,True,6,3.0,Heart failure,0.5350472086215342,20.367238000000008,11503,143022246.0,858133.4760000007,2026,2024
150088,ASCENSION ST VINCENT ANDERSON,Ascension St Vincent Anderson,ANDERSON,IN,4,0.9946,0.54,0.54,True,True,5,3.0,Heart failure,0.5078234494669938,3.0180860000000003,823,9365335.0,50572.80899999963,2026,2024
150097,MAJOR HOSPITAL,Major Hospital,SHELBYVILLE,IN,4,0.9981,0.19,0.19,True,True,5,2.0,Heart failure,0.5373988684510462,0.7870100000000001,662,7169861.0,13622.735900000092,2026,2024
170017,SUSAN B ALLEN MEMORIAL HOSPITAL,Susan B Allen Memorial Hospital,EL DORADO,KS,3,0.9989,0.11,0.11,True,True,5,1.0,Pneumonia,1.0,,177,1897630.0,2087.392999999981,2026,2024
170208,"ADVENTHEALTH SOUTH OVERLAND PARK, INC","Adventhealth South Overland Park, Inc",OVERLAND PARK,KS,1,0.9964,0.36,0.36,True,True,5,2.0,Pneumonia,0.8859221529202788,0.43171499999999874,563,4816319.0,17338.74840000023,2026,2024
180005,HIGHLANDS ARH REGIONAL MEDICAL CENTER,Highlands Arh Regional Medical Center,PRESTONSBURG,KY,4,0.9961,0.39,0.39,True,True,5,3.0,Pneumonia,0.8204204836443219,1.5538379999999985,542,4818153.0,18790.79670000007,2026,2024
190099,AVOYELLES HOSPITAL,Avoyelles Hospital,MARKSVILLE,LA,5,0.9951,0.49,0.49,True,True,4,2.0,Pneumonia,0.708316593009241,0.5313770000000005,233,2031767.0,9955.658300000032,2026,2024
190312,OUR LADY OF THE ANGELS HOSPITAL,Our Lady Of The Angels Hospital,BOGALUSA,LA,5,0.9995,0.05,0.05,True,True,4,1.0,Heart failure,1.0,,326,3566279.0,1783.1394999998035,2026,2024
220001,UMASS MEMORIAL HEALTHALLIANCE HOSPITALS,Health Alliance - Clinton Hospital,LEOMINSTER,MA,5,0.9921,0.79,0.79,True,True,5,4.0,Pneumonia,0.7122703936939166,11.251088000000014,2775,30317125.0,239505.28750000056,2026,2024
220065,BAYSTATE NOBLE HOSPITAL,Baystate Noble Hospital,WESTFIELD,MA,5,0.9958,0.42,0.42,True,True,5,2.0,Heart failure,0.7419683834778178,3.0870090000000014,1185,9752064.0,40958.66879999982,2026,2024
220083,BETH ISRAEL DEACONESS HOSPITAL - NEEDHAM,Beth Israel Deaconess Hospital - Needham,NEEDHAM,MA,3,0.9841,1.59,1.59,True,True,5,2.0,Pneumonia,0.7194420009365325,16.028676,2624,25028747.0,397957.07730000064,2026,2024
230003,COREWELL HEALTH ZEELAND HOSPITAL,Corewell Health Zeeland Hospital,ZEELAND,MI,2,0.9991,0.09,0.09,True,True,5,1.0,Heart failure,1.0,,330,2708587.0,2437.728300000032,2026,2024
230100,TAWAS ST JOSEPH HOSPITAL,Ascension St Joseph Hospital,TAWAS CITY,MI,3,0.9947,0.53,0.53,True,True,5,1.0,Pneumonia,1.0,0.5521989999999987,312,3291268.0,17443.720399999907,2026,2024
230156,TRINITY HEALTH ANN ARBOR HOSPITAL,Trinity Health Ann Arbor Hospital,ANN ARBOR,MI,2,0.9968,0.32,0.32,True,True,6,3.0,Pneumonia,0.7995537926144363,6.544495000000001,7591,95399296.0,305277.7471999982,2026,2024
230197,ASCENSION GENESYS HOSPITAL,Henry Ford Health Genesys Hospital,GRAND BLANC,MI,2,0.997,0.3,0.3,True,True,6,4.0,Pneumonia,0.6936191192879564,-4.773591999999995,3131,43027726.0,129083.17800000012,2026,2024
240006,OLMSTED MEDICAL CENTER,Olmsted Medical Center,ROCHESTER,MN,3,0.9948,0.52,0.52,True,True,5,2.0,Hip/knee replacement,0.9967414094242166,,215,2323676.0,12083.115199999958,2026,2024
240115,MERCY HOSPITAL,Mercy Hospital,COON RAPIDS,MN,3,0.9977,0.23,0.23,True,True,6,3.0,Heart attack,0.5999087759957589,-6.751241000000003,5748,69994025.0,160986.25749999782,2026,2024
250038,MERIT HEALTH MADISON,Merit Health Madison,CANTON,MS,4,0.9934,0.66,0.66,True,True,4,3.0,Pneumonia,0.5915146974916919,0.9313990000000009,320,3514129.0,23193.251400000176,2026,2024
250124,MAGEE GENERAL HOSPITAL,Magee General Hospital,MAGEE,MS,5,0.9999,0.01,0.01,True,True,4,1.0,Pneumonia,1.0,0.10846700000000122,161,1096730.0,109.67299999998792,2026,2024
260024,TEXAS COUNTY MEMORIAL HOSPITAL,Texas County Memorial Hospital,HOUSTON,MO,4,0.9993,0.07,0.07,True,True,4,1.0,Heart failure,1.0,,288,2670291.0,1869.2037000000905,2026,2024
290049,RENOWN SOUTH MEADOWS MEDICAL CENTER,Renown South Meadows Medical Center,RENO,NV,1,0.9966,0.34,0.34,True,True,5,2.0,Hip/knee replacement,0.9307470902619618,-1.5412900000000032,1533,16656969.0,56633.69459999931,2026,2024
300018,WENTWORTH-DOUGLASS HOSPITAL,Wentworth-Douglass Hospital,DOVER,NH,1,0.9925,0.75,0.75,True,True,5,2.0,Pneumonia,0.9028851980813278,3.8441500000000204,3500,35134601.0,263509.50749999826,2026,2024
310022,WEST JERSEY HOSPITAL,West Jersey Hospital,VOORHEES,NJ,2,0.9833,1.67,1.67,True,True,5,5.0,Heart failure,0.48831556783332347,82.48389399999996,9251,96062112.0,1604237.2704000047,2026,2024
310032,INSPIRA MEDICAL CENTER VINELAND,Inspira Medical Center Vineland,VINELAND,NJ,4,0.9857,1.43,1.43,True,True,5,4.0,Pneumonia,0.5601654206624078,32.721951999999995,3983,59932215.0,857030.6744999988,2026,2024
310069,INSPIRA MEDICAL CENTER MULLICA HILL,Inspira Medical Center Mullica Hill,ELMER,NJ,3,0.9913,0.87,0.87,True,True,5,3.0,Heart failure,0.8812467757234858,22.696930000000012,5165,68866638.0,599139.7506000028,2026,2024
320030,ARTESIA GENERAL HOSPITAL,Artesia General Hospital,ARTESIA,NM,3,0.9869,1.31,1.31,True,True,5,1.0,Hip/knee replacement,1.0,,196,2497403.0,32715.979300000003,2026,2024
330023,VASSAR BROTHERS MEDICAL CENTER,Vassar Brothers Medical Center,POUGHKEEPSIE,NY,3,0.993,0.7,0.69,True,True,6,4.0,Pneumonia,0.5580614808563478,9.715911000000016,6932,140277875.0,981945.1250000008,2026,2024
330090,ARNOT OGDEN MEDICAL CENTER,Arnot Ogden Medical Center,ELMIRA,NY,5,0.9968,0.32,0.32,True,True,5,1.0,Heart attack,1.0,-1.7442950000000028,1561,23813703.0,76203.84959999954,2026,2024
330140,ST JOSEPH'S HOSPITAL HEALTH CENTER,St Joseph's Hospital Health Center,SYRACUSE,NY,3,0.9785,2.15,2.15,True,True,6,5.0,Heart attack,0.3321942977028752,49.09510399999999,4213,76824043.0,1651716.9244999972,2026,2024
330162,NORTHERN WESTCHESTER HOSPITAL,Northern Westchester Hospital,MOUNT KISCO,NY,1,0.9965,0.35,0.35,True,True,5,4.0,Pneumonia,0.597302610324114,-1.0663049999999958,2692,35680309.0,124881.08149999812,2026,2024
330185,JOHN T MATHER MEMORIAL HOSPITAL  OF PORT JEFFERSON,John T Mather Memorial Hospital  Of Port Jefferson,PORT JEFFERSON,NY,3,0.9999,0.01,0.01,True,True,5,1.0,Hip/knee replacement,1.0,-20.886210999999985,4494,63011186.0,6301.118599999306,2026,2024
330205,ST ANTHONY COMMUNITY HOSPITAL,St Anthony Community Hospital,WARWICK,NY,1,0.9994,0.06,0.06,True,True,5,1.0,COPD,1.0,-3.0676600000000005,626,6247427.0,3748.4562000002807,2026,2024
330395,ST JOHN'S EPISCOPAL HOSPITAL AT SOUTH SHORE,St John's Episcopal Hospital At South Shore,FAR ROCKAWAY,NY,5,0.9805,1.95,1.95,True,True,5,3.0,Pneumonia,0.9308169950618491,17.488591000000007,2131,42719587.0,833031.9464999983,2026,2024
330399,ST BARNABAS HOSPITAL,St Barnabas Hospital,BRONX,NY,5,0.9993,0.07,0.07,True,True,5,1.0,Heart failure,1.0,0.6150479999999994,949,29738126.0,20816.68820000101,2026,2024
340013,RUTHERFORD REGIONAL MEDICAL CENTER,Rutherford Regional Medical Center,RUTHERFORDTON,NC,4,0.9991,0.09,0.09,True,True,5,1.0,Hip/knee replacement,1.0,-1.0701240000000036,775,8844105.0,7959.694500000105,2026,2024
340040,ECU HEALTH MEDICAL CENTER,Ecu Health Medical Center,GREENVILLE,NC,4,0.9933,0.67,0.67,True,True,6,5.0,Hip/knee replacement,0.372105526507076,18.713326999999985,9714,145664895.0,975954.7965000058,2026,2024
340041,CALDWELL MEMORIAL HOSPITAL,Caldwell Memorial Hospital,LENOIR,NC,4,0.9939,0.61,0.61,True,True,5,2.0,Hip/knee replacement,0.8855298288337995,-1.3671610000000012,871,8516137.0,51948.43569999995,2026,2024
340042,ONSLOW MEMORIAL HOSPITAL,Onslow Memorial Hospital,JACKSONVILLE,NC,4,0.9909,0.91,0.91,True,True,5,2.0,Pneumonia,0.992462620708382,5.202298000000008,1355,15480371.0,140871.37609999996,2026,2024
340090,JOHNSTON HEALTH,Johnston Health,SMITHFIELD,NC,4,0.9966,0.34,0.34,True,True,5,4.0,Heart failure,0.6820045327499624,4.872238000000004,2613,24753975.0,84163.51499999898,2026,2024
340098,ATRIUM HEALTH PINEVILLE,Atrium Health Pineville,CHARLOTTE,NC,1,0.9942,0.58,0.57,True,True,6,4.0,Hip/knee replacement,0.3520649943464972,5.707444999999989,5348,57845048.0,335501.2784000016,2026,2024
340130,ATRIUM HEALTH UNION,Atrium Health Union,MONROE,NC,3,0.996,0.4,0.4,True,True,5,4.0,Heart failure,0.7472250801912489,1.652575999999991,2697,26064722.0,104258.8880000001,2026,2024
340166,ATRIUM HEALTH UNIVERSITY CITY,Atrium Health University City,CHARLOTTE,NC,4,0.9995,0.05,0.05,True,True,5,1.0,COPD,1.0,-0.33211600000000113,997,11569438.0,5784.7189999993625,2026,2024
360006,RIVERSIDE METHODIST HOSPITAL,Riverside Methodist Hospital,COLUMBUS,OH,2,0.9991,0.09,0.09,True,True,6,2.0,Heart attack,0.8395498030388293,-36.55530200000001,9830,153744116.0,138369.70440000182,2026,2024
360011,MARION GENERAL HOSPITAL,Marion General Hospital,MARION,OH,3,0.9958,0.42,0.42,True,True,5,2.0,Heart failure,1.0,4.073209,2231,22375685.0,93977.87699999959,2026,2024
360012,MOUNT CARMEL ST ANN'S,Mount Carmel St Ann's,WESTERVILLE,OH,2,0.9981,0.19,0.19,True,True,6,2.0,Heart attack,0.664029603822109,-6.750376999999999,2396,29008975.0,55117.05250000037,2026,2024
360075,UH REGIONAL HOSPITALS,Uh Regional Hospitals,CHARDON,OH,2,0.9974,0.26,0.26,True,True,5,2.0,Pneumonia,0.9091934574168078,-5.7152349999999945,1572,27166295.0,70632.36700000126,2026,2024
360109,COSHOCTON REGIONAL MEDICAL CENTER,Coshocton Regional Medical Center,COSHOCTON,OH,4,0.999,0.1,0.1,True,True,5,1.0,Heart failure,1.0,-0.9686569999999977,356,4915277.0,4915.277000000005,2026,2024
360134,GOOD SAMARITAN HOSPITAL,Good Samaritan Hospital,CINCINNATI,OH,3,0.9983,0.17,0.17,True,True,5,2.0,Heart attack,0.6033368405230723,-3.6211019999999956,2674,37148867.0,63153.07390000129,2026,2024
360159,ADENA REGIONAL MEDICAL CENTER,Adena Regional Medical Center,CHILLICOTHE,OH,4,0.9963,0.37,0.37,True,True,6,3.0,Heart attack,0.8454984930712757,-7.653952999999999,2523,28117925.0,104036.32250000103,2026,2024
360179,BETHESDA NORTH,Bethesda North,CINCINNATI,OH,1,0.9932,0.68,0.68,True,True,6,5.0,Pneumonia,0.434340903716882,18.323229000000023,6203,78868841.0,536308.1188000023,2026,2024
360259,BAY PARK COMMUNITY HOSPITAL,Bay Park Community Hospital,OREGON,OH,3,0.9951,0.49,0.49,True,True,5,3.0,Pneumonia,0.7476877392287471,1.228372000000005,598,6418155.0,31448.9595000001,2026,2024
360360,SOIN MEDICAL CENTER,Soin Medical Center,BEAVER CREEK,OH,3,0.9874,1.26,1.26,True,True,5,3.0,Heart failure,0.8404906244734297,20.861962000000005,2434,26446596.0,333227.1095999985,2026,2024
370056,MEMORIAL HEALTH,Comanche County Memorial Hospital,LAWTON,OK,3,0.9856,1.44,1.44,True,True,6,6.0,Heart failure,0.5532547937735074,25.64132599999999,3438,36954732.0,532148.1407999989,2026,2024
370202,HILLCREST HOSPITAL SOUTH,Hillcrest Hospital South,TULSA,OK,3,0.9979,0.21,0.21,True,True,5,2.0,Hip/knee replacement,0.590478973275494,-8.070592999999995,2445,25288287.0,53105.402699999766,2026,2024
390013,WELLSPAN EVANGELICAL COMMUNITY HOSPITAL,Wellspan Evangelical Community Hospital,LEWISBURG,PA,2,0.9992,0.08,0.08,True,True,5,1.0,Heart attack,1.0,-5.340174,1474,13037223.0,10429.7784000003,2026,2024
390030,SCHUYLKILL MEDICAL CENTER - SOUTH JACKSON STREET,Lehigh Valley Hospital-Schuylkill,POTTSVILLE,PA,5,0.9988,0.12,0.12,True,True,5,1.0,Heart failure,1.0,-0.9004589999999973,1259,11648183.0,13977.819599999753,2026,2024
390039,UPMC SOMERSET,Upmc Somerset,SOMERSET,PA,3,0.9992,0.08,0.08,True,True,5,1.0,Heart attack,1.0,,473,4933666.0,3946.9328000001133,2026,2024
390044,READING HOSPITAL,Reading Hospital,WEST READING,PA,3,0.9937,0.63,0.63,True,True,6,4.0,Pneumonia,0.4622469232611685,12.239189000000021,8391,112601400.0,709388.8199999969,2026,2024
390146,WARREN GENERAL HOSPITAL,Warren General Hospital,WARREN,PA,4,0.9944,0.56,0.56,True,True,5,2.0,Pneumonia,0.7996036066310164,1.7864399999999974,583,5998545.0,33591.8520000003,2026,2024
390168,INDEPENDENCE HEALTH SYSTEM BUTLER MEMORIAL HOSPITA,Independence Health System Butler Memorial Hospita,BUTLER,PA,2,0.9972,0.28,0.28,True,True,6,3.0,Heart bypass surgery (CABG),0.5135406902428636,-3.4997270000000005,1436,16843660.0,47162.248000000414,2026,2024
390316,SURGICAL INSTITUTE OF READING,Surgical Institute Of Reading,WYOMISSING,PA,1,0.97,3.0,3.0,True,True,1,1.0,Hip/knee replacement,1.0,3.525107000000002,186,2787915.0,83637.45000000007,2026,2024
430097,SANFORD MEDICAL CENTER ABERDEEN,Sanford Aberdeen Medical Center,ABERDEEN,SD,2,0.9999,0.01,0.01,True,True,4,1.0,Heart failure,1.0,-1.0641850000000008,490,4631696.0,463.169599999949,2026,2024
440176,INDIAN PATH COMMUNITY HOSPITAL,Indian Path Community Hospital,KINGSPORT,TN,2,0.9912,0.88,0.88,True,True,3,1.0,Pneumonia,1.0,0.8395309999999994,249,2181129.0,19193.935200000065,2026,2024
440228,SAINT FRANCIS BARTLETT MEDICAL CENTER,Saint Francis Bartlett Medical Center,BARTLETT,TN,2,0.9951,0.49,0.49,True,True,5,2.0,Heart failure,0.9592308767398875,2.6630870000000004,2086,18940721.0,92809.5329000003,2026,2024
450042,ASCENSION PROVIDENCE,Ascension Providence Depaul,WACO,TX,2,0.9974,0.26,0.26,True,True,6,3.0,Heart failure,0.8039254742697369,0.15955900000000178,2846,37915502.0,98580.30520000178,2026,2024
450137,BAYLOR SCOTT AND WHITE ALL SAINTS MEDICAL CENTER,Baylor Scott And White All Saints Medical Center,FORT WORTH,TX,1,0.9968,0.32,0.32,True,True,6,4.0,Heart failure,0.5701474869820471,9.567682999999992,3931,60410916.0,193314.93119999883,2026,2024
450209,NORTHWEST TEXAS HOSPITAL,Northwest Texas Hospital,AMARILLO,TX,2,0.9989,0.11,0.11,True,True,6,1.0,Heart bypass surgery (CABG),1.0,-5.343190999999999,2413,36153199.0,39768.51889999963,2026,2024
450210,UT HEALTH EAST TEXAS CARTHAGE HOSPITAL,Ut Health East Texas Carthage Hospital,CARTHAGE,TX,3,0.9974,0.26,0.26,True,True,4,2.0,Pneumonia,0.6920350109409199,,125,1460192.0,3796.4992000000684,2026,2024
450229,HENDRICK MEDICAL CENTER,Hendrick Medical Center,ABILENE,TX,2,0.9985,0.15,0.15,True,True,6,2.0,Heart attack,0.8181746438858853,-25.843037000000002,6916,90636130.0,135954.1949999951,2026,2024
450702,LONGVIEW REGIONAL MEDICAL CENTER,Longview Regional Medical Center,LONGVIEW,TX,1,0.9931,0.69,0.69,True,True,6,3.0,Heart attack,0.5076676849422785,3.1231499999999945,2720,37883893.0,261398.86170000065,2026,2024
450833,ENNIS REGIONAL MEDICAL CENTER,Ennis Regional Medical Center,ENNIS,TX,3,0.9966,0.34,0.34,True,True,5,1.0,Pneumonia,1.0,,111,1072164.0,3645.3575999999557,2026,2024
460019,UINTAH BASIN MEDICAL CENTER,Uintah Basin Medical Center,ROOSEVELT,UT,2,0.9998,0.02,0.02,True,True,5,1.0,COPD,1.0,,276,3070580.0,614.1159999999323,2026,2024
460041,HOLY CROSS HOSPITAL-DAVIS,Holy Cross Hospital-Davis,LAYTON,UT,2,0.9991,0.09,0.09,True,True,5,1.0,Heart attack,1.0,-2.506544000000001,728,7453147.0,6707.832300000088,2026,2024
490136,BON SECOURS ST FRANCIS MEDICAL CENTER,Bon Secours St Francis Medical Center,MIDLOTHIAN,VA,1,0.996,0.4,0.4,True,True,5,2.0,Hip/knee replacement,0.8027996500437445,-5.3066580000000005,3447,36549544.0,146198.17600000012,2026,2024
500064,HARBORVIEW MEDICAL CENTER,Harborview Medical Center,SEATTLE,WA,5,1.0,0.0,0.0,True,False,5,2.0,Heart attack,0.82968369829684,-0.5629560000000018,2864,82630323.0,0.0,2026,2024
500151,ST ANTHONY HOSPITAL,St Anthony Hospital,GIG HARBOR,WA,1,0.9999,0.01,0.01,True,True,5,1.0,COPD,1.0,-16.923462,2837,31138422.0,3113.842199999657,2026,2024
510007,ST MARYS MEDICAL CENTER,St Mary's Medical Center,HUNTINGTON,WV,2,0.9979,0.21,0.21,True,True,6,4.0,Heart failure,0.6896201221596953,2.425852000000021,3651,47679635.0,100127.23349999957,2026,2024
510024,MON HEALTH MEDICAL CENTER,Mon Health Medical Center,MORGANTOWN,WV,1,0.9951,0.49,0.49,True,True,6,2.0,Heart failure,0.5925283689470116,3.380529999999999,2493,30868715.0,151256.70350000047,2026,2024
520028,THE MONROE CLINIC,Ssm Health Monroe Hospital,MONROE,WI,3,0.9991,0.09,0.09,True,True,5,1.0,Heart failure,1.0,-0.6739189999999965,908,9873026.0,8885.723400000117,2026,2024
520045,THEDACARE REGIONAL MED CTR - NEENAH,Thedacare Regional Medical Center - Neenah Inc,NEENAH,WI,4,0.9999,0.01,0.01,True,True,5,1.0,Heart attack,1.0,,1211,14596598.0,1459.6597999998392,2026,2024
520198,AURORA MEDICAL CTR OSHKOSH,Aurora Medical Ctr Oshkosh,OSHKOSH,WI,4,0.9998,0.02,0.02,True,True,5,1.0,Pneumonia,1.0,-0.6668190000000018,853,8457298.0,1691.4595999998137,2026,2024
520207,AURORA MEDICAL CENTER,Aurora Medical Center,GRAFTON,WI,2,0.9926,0.74,0.75,True,True,6,5.0,Heart bypass surgery (CABG),0.4273731973467631,3.1799320000000066,2194,24309708.0,179891.83919999909,2026,2024
530006,SHERIDAN MEMORIAL HOSPITAL,Sheridan Memorial Hospital,SHERIDAN,WY,1,0.9976,0.24,0.24,True,True,5,1.0,Hip/knee replacement,1.0,-0.8639849999999991,850,14557072.0,34936.972799999385,2026,2024
670043,ASCENSION SETON CEDAR PARK,Cedar Park Regional Medical Center,CEDAR PARK,TX,1,0.9862,1.38,1.38,True,True,5,5.0,Pneumonia,0.5948640217363957,6.875409000000003,1199,10627645.0,146661.50100000037,2026,2024
670075,ST LUKE'S HOSPITAL AT THE VINTAGE,St Luke's Hospital At The Vintage,HOUSTON,TX,1,0.9991,0.09,0.09,True,True,5,2.0,Heart failure,0.799204162840528,0.09786800000000176,742,9178336.0,8260.502400000109,2026,2024
670134,ALTUS LUMBERTON HOSPITAL,Altus Lumberton Hospital,LUMBERTON,TX,1,0.9984,0.16,0.16,True,True,3,1.0,COPD,1.0,,35,161614.0,258.5824000000074,2026,2024
010007,MIZELL MEMORIAL HOSPITAL,Mizell Memorial Hospital,OPP,AL,3,0.9946,0.54,0.54,True,True,5,3.0,Pneumonia,0.5026028840242599,0.9060869999999998,261,2212284.0,11946.333599999913,2026,2024
010055,FLOWERS HOSPITAL,Flowers Hospital,DOTHAN,AL,1,0.9828,1.72,1.72,True,True,6,4.0,Hip/knee replacement,0.4616799262593629,5.410477000000004,2769,29776963.0,512163.7635999998,2026,2024
010129,NORTH BALDWIN INFIRMARY,North Baldwin Infirmary,BAY MINETTE,AL,1,0.9983,0.17,0.17,True,True,5,1.0,Pneumonia,1.0,,235,2170698.0,3690.1866000000755,2026,2024
010158,RUSSELLVILLE HOSPITAL,Russellville Hospital,RUSSELLVILLE,AL,3,0.9872,1.28,1.28,True,True,5,3.0,Hip/knee replacement,0.8139359044095905,0.3573280000000007,237,1963828.0,25136.998400000066,2026,2024
030024,ST JOSEPHS HOSPITAL AND MEDICAL CENTER,St. Joseph's Hospital And Medical Center,PHOENIX,AZ,4,0.9992,0.08,0.08,True,True,6,3.0,Heart bypass surgery (CABG),0.54246860714079,-0.9945480000000024,4654,108672183.0,86937.74640000249,2026,2024
030061,BANNER BOSWELL MEDICAL CENTER,Banner Boswell Medical Center,SUN CITY,AZ,2,0.9915,0.85,0.85,True,True,6,4.0,Heart failure,0.3363284648268648,17.315494999999995,5080,63267730.0,537775.7049999969,2026,2024
030062,SUMMIT HEALTHCARE REGIONAL MEDICAL CENTER,Summit Healthcare Regional Medical Center,SHOW LOW,AZ,3,0.9995,0.05,0.05,True,True,5,2.0,Hip/knee replacement,0.5126334519572955,-1.3019909999999975,1462,22754400.0,11377.199999998747,2026,2024
030083,ABRAZO SCOTTSDALE CAMPUS,Abrazo Scottsdale Campus,PHOENIX,AZ,3,0.9999,0.01,0.01,True,True,5,1.0,Heart failure,1.0,-2.373598,881,12421124.0,1242.112399999863,2026,2024
030093,BANNER DEL E. WEBB MEDICAL CENTER,Banner Del E. Webb Medical Center,SUN CITY WEST,AZ,1,0.9925,0.75,0.75,True,True,6,3.0,Pneumonia,0.9456652727422543,10.525605000000006,4684,52895680.0,396717.5999999974,2026,2024
030094,ABRAZO ARROWHEAD HOSPITAL,Abrazo Arrowhead Campus,GLENDALE,AZ,2,0.9973,0.27,0.27,True,True,6,4.0,Heart attack,0.4992814910668961,1.4445130000000053,2963,58431510.0,157765.0770000021,2026,2024
030108,THE CORE INSTITUTE SPECIALTY HOSP,The Core Institute Specialty Hospital,PHOENIX,AZ,1,0.9996,0.04,0.04,True,True,1,1.0,Hip/knee replacement,1.0,,224,4683023.0,1873.2091999997938,2026,2024
040027,BAXTER HEALTH,Baxter Health,MOUNTAIN HOME,AR,2,0.9837,1.63,1.63,True,True,6,6.0,Heart bypass surgery (CABG),0.3442062197578381,11.966208,2869,30426453.0,495951.1838999994,2026,2024
040161,ARKANSAS HEART HOSPITAL-ENCORE,Arkansas Heart Hospital-Encore,BRYANT,AR,1,0.9935,0.65,0.65,True,True,4,3.0,Heart failure,0.5221042955039281,3.187353000000002,649,6163566.0,40063.17899999969,2026,2024
050040,LAC/OLIVE VIEW-UCLA MEDICAL CENTER,Lac/Olive View-Ucla Medical Center,SYLMAR,CA,5,0.9997,0.03,0.03,True,True,4,1.0,COPD,1.0,-0.5983090000000038,1164,38079204.0,11423.761199998742,2026,2024
050091,COMMUNITY HOSPITAL OF HUNTINGTON PARK,Community Hospital Of Huntington Park,HUNTINGTON PARK,CA,5,0.9905,0.95,0.95,True,True,4,3.0,Pneumonia,0.7332916825561678,2.8166599999999997,488,7275159.0,69114.01049999965,2026,2024
050104,SAINT FRANCIS MEDICAL CENTER,Saint Francis Medical Center,LYNWOOD,CA,5,0.9974,0.26,0.26,True,True,6,2.0,Heart failure,0.9902881191324052,4.687608999999996,1817,38005810.0,98815.10600000178,2026,2024
050195,WASHINGTON HOSPITAL,Washington Hospital,FREMONT,CA,5,0.9918,0.82,0.82,True,True,6,5.0,Heart attack,0.41901491471138197,15.480764999999996,3858,74774358.0,613149.7355999989,2026,2024
050222,SHARP CHULA VISTA MEDICAL CENTER,Sharp Chula Vista Medical Center,CHULA VISTA,CA,5,0.9955,0.45,0.45,True,True,6,2.0,Heart bypass surgery (CABG),0.644701034134204,-3.8077709999999927,3597,60591851.0,272663.3294999969,2026,2024
050348,UCI HEALTH-ORANGE,Uci Health-Orange,ORANGE,CA,5,0.9993,0.07,0.07,True,True,6,2.0,Heart attack,0.6320500589258656,1.677381000000001,5175,175053682.0,122537.57740000595,2026,2024
050390,HEMET GLOBAL MEDICAL CENTER,Hemet Global Medical Center,HEMET,CA,5,0.9973,0.27,0.27,True,True,5,1.0,Pneumonia,1.0,1.763113000000008,1320,22809856.0,61586.611200000814,2026,2024
050464,DOCTORS MEDICAL CENTER,Doctors Medical Center,MODESTO,CA,5,0.9864,1.36,1.36,True,True,6,5.0,Heart bypass surgery (CABG),0.6725272205817105,12.739056999999981,3814,79606460.0,1082647.8559999957,2026,2024
050498,SUTTER AUBURN FAITH HOSPITAL,Sutter Auburn Faith Hospital,AUBURN,CA,3,0.9999,0.01,0.01,True,True,5,1.0,Pneumonia,1.0,-0.6282720000000034,1465,21643354.0,2164.3353999997616,2026,2024
050534,JOHN F KENNEDY MEMORIAL HOSPITAL,John F Kennedy Memorial Hospital,INDIO,CA,5,0.9917,0.83,0.83,True,True,4,4.0,Pneumonia,0.8096207633133068,3.7395979999999955,809,12774905.0,106031.71149999967,2026,2024
050696,KECK HOSPITAL OF USC,Keck Hospital Of Usc,LOS ANGELES,CA,5,0.9992,0.08,0.08,True,True,6,1.0,Heart bypass surgery (CABG),1.0,0.6264159999999961,3965,167958206.0,134366.56480000383,2026,2024
050747,COASTAL COMMUNITIES HOSPITAL,South Coast Global Medical Center,SANTA ANA,CA,5,0.9978,0.22,0.22,True,True,4,1.0,Pneumonia,1.0,0.36119999999999974,219,4023161.0,8850.954199999918,2026,2024
050761,PROVIDENCE CEDARS SINAI TARZANA MEDICAL CENTER,Providence Cedars Sinai Tarzana Medical Center,TARZANA,CA,5,0.9943,0.57,0.57,True,True,6,4.0,Pneumonia,0.353229083038373,10.029275999999973,4282,68998553.0,393291.75210000266,2026,2024
060006,MONTROSE REGIONAL HEALTH,Montrose Regional Health,MONTROSE,CO,2,0.9997,0.03,0.03,True,True,5,2.0,COPD,0.7173085535154503,,649,8338102.0,2501.4305999997246,2026,2024
070027,MANCHESTER MEMORIAL HOSPITAL,Manchester Memorial Hospital,MANCHESTER,CT,2,0.9987,0.13,0.13,True,True,5,1.0,Heart failure,1.0,-1.968491999999999,1268,17279105.0,22462.836499999445,2026,2024
100054,HCA FLORIDA TWIN CITIES HOSPITAL,Hca Florida Twin Cities Hospital,NICEVILLE,FL,1,0.9864,1.36,1.36,True,True,4,3.0,Pneumonia,0.8937371717687351,7.040388,882,8535992.0,116089.49119999954,2026,2024
100176,PALM BEACH GARDENS MEDICAL CENTER,Palm Beach Gardens Medical Center,PALM BEACH GARDENS,FL,1,0.9925,0.75,0.75,True,True,6,4.0,Pneumonia,0.44333894100098226,12.354281000000007,3302,38215493.0,286616.19749999815,2026,2024
100319,ADVENTHEALTH WESLEY CHAPEL,Adventhealth Wesley Chapel,WESLEY CHAPEL,FL,1,0.9965,0.35,0.35,True,True,6,3.0,Heart failure,0.6110628566402431,-0.2302719999999926,2720,28023253.0,98081.38549999853,2026,2024
100321,ASCENSION ST VINCENT'S CLAY COUNTY,Ascension St Vincent's Clay County,MIDDLEBURG,FL,1,0.9927,0.73,0.73,True,True,5,4.0,Heart failure,0.7934333913956427,7.897265999999992,1708,18873280.0,137774.9439999995,2026,2024
100329,OVIEDO MEDICAL CENTER,Oviedo Medical Center,OVIEDO,FL,1,0.9966,0.34,0.34,True,True,5,4.0,Heart failure,0.7788693276373083,1.8499599999999985,953,9413277.0,32005.141799999612,2026,2024
100350,UCF LAKE NONA HOSPITAL,Ucf Lake Nona Hospital,ORLANDO,FL,3,0.997,0.3,0.3,True,True,5,2.0,Pneumonia,0.7827225130890049,0.4702949999999987,365,2962235.0,8886.705000000007,2026,2024
110001,HAMILTON MEDICAL CENTER,Hamilton Medical Center,DALTON,GA,2,0.9969,0.31,0.31,True,True,6,3.0,Pneumonia,0.45551053433773914,-0.09082299999998555,2502,31966355.0,99095.70049999973,2026,2024
110005,NORTHSIDE HOSPITAL FORSYTH,Northside Hospital Forsyth,CUMMING,GA,1,0.9999,0.01,0.01,True,True,6,1.0,Hip/knee replacement,1.0,-11.121160999999997,4835,57372019.0,5737.201899999368,2026,2024
110035,WELLSTAR KENNESTONE REGIONAL MEDICAL CENTER,Wellstar Kennestone Regional Medical Center,MARIETTA,GA,1,0.9969,0.31,0.31,True,True,6,4.0,Heart bypass surgery (CABG),0.7224081198431457,-21.200100000000006,9489,171397202.0,531331.3261999986,2026,2024
110076,EMORY DECATUR HOSPITAL,Emory Decatur Hospital,DECATUR,GA,3,0.9965,0.35,0.35,True,True,5,5.0,Hip/knee replacement,0.4360418185968059,1.5530469999999972,1996,27274122.0,95459.42699999857,2026,2024
120002,MAUI MEMORIAL MEDICAL CENTER,Maui Memorial Medical Center,WAILUKU,HI,4,0.9995,0.05,0.05,True,True,6,1.0,Heart attack,1.0,-2.967390999999998,1426,38030633.0,19015.316499997905,2026,2024
130025,MADISON MEMORIAL HOSPITAL,Madison Memorial Hospital,REXBURG,ID,2,0.9993,0.07,0.07,True,True,4,2.0,Heart failure,0.7165285651984301,,217,2451692.0,1716.184400000083,2026,2024
140063,RUSH OAK PARK HOSPITAL,Rush Oak Park Hospital,OAK PARK,IL,5,0.9978,0.22,0.22,True,True,5,1.0,Pneumonia,1.0,2.6963440000000003,1521,16353982.0,35978.76039999967,2026,2024
140206,HUMBOLDT PARK HEALTH,Humboldt Park Health,CHICAGO,IL,5,0.9981,0.19,0.19,True,True,5,3.0,Pneumonia,0.6595032748871074,0.9133860000000003,705,9059710.0,17213.449000000117,2026,2024
140208,ADVOCATE CHRIST HOSPITAL & MEDICAL CENTER,Advocate Christ Hospital & Medical Center,OAK LAWN,IL,5,0.991,0.9,0.9,True,True,6,5.0,Heart bypass surgery (CABG),0.3427131052789315,15.112112999999983,7954,146907030.0,1322163.2700000012,2026,2024
150037,HANCOCK REGIONAL HOSPITAL,Hancock Regional Hospital,GREENFIELD,IN,2,0.9974,0.26,0.26,True,True,5,2.0,COPD,0.7213533234436997,0.7438759999999975,744,7137347.0,18557.102200000332,2026,2024
150090,FRANCISCAN HEALTH DYER,Franciscan Health Dyer,DYER,IN,4,0.9966,0.34,0.34,True,True,4,3.0,Heart failure,0.5634398388684168,3.5671570000000017,1656,25887780.0,88018.45199999893,2026,2024
150162,FRANCISCAN HEALTH INDIANAPOLIS,Franciscan Health Indianapolis,INDIANAPOLIS,IN,3,0.9962,0.38,0.38,True,True,6,4.0,Pneumonia,0.48085286088473506,-3.5443109999999782,5647,82684193.0,314199.93340000213,2026,2024
160064,MERCYONE NORTH IOWA MEDICAL CENTER,Mercyone North Iowa Medical Center,MASON CITY,IA,2,0.9957,0.43,0.43,True,True,6,2.0,Heart attack,0.6593011535446301,-3.136953999999991,3609,46922404.0,201766.3371999986,2026,2024
170068,SOUTHWEST MEDICAL CENTER,Southwest Medical Center,LIBERAL,KS,3,0.9842,1.58,1.58,True,True,5,3.0,Hip/knee replacement,0.727943790563503,1.094307,566,8002587.0,126440.87460000029,2026,2024
170086,STORMONT VAIL HOSPITAL,Stormont Vail Hospital,TOPEKA,KS,2,0.9989,0.11,0.11,True,True,6,3.0,Heart failure,0.5560482440581784,-4.389742999999987,6839,76048901.0,83653.79109999923,2026,2024
180043,AdventHealthManchester,Adventhealth Manchester,MANCHESTER,KY,5,0.997,0.3,0.3,True,True,5,1.0,Heart failure,1.0,0.586903999999999,232,2821834.0,8465.502000000008,2026,2024
190006,OCHSNER UNIVERSITY HOSPITAL AND CLINICS,Ochsner University Hospital And Clinics,LAFAYETTE,LA,5,0.9956,0.44,0.44,True,True,4,2.0,Pneumonia,0.5580512744452246,1.703688999999999,444,7034068.0,30949.899199999716,2026,2024
190144,MINDEN MEDICAL CENTER,Minden Medical Center,MINDEN,LA,5,0.9958,0.42,0.42,True,True,5,2.0,Pneumonia,0.9966520743076194,0.616413000000001,539,4732166.0,19875.097199999913,2026,2024
190278,SPECIALISTS HOSPITAL SHREVEPORT,Specialists Hospital Shreveport,SHREVEPORT,LA,1,0.9978,0.22,0.22,True,True,1,1.0,Hip/knee replacement,1.0,,460,9122192.0,20068.822399999815,2026,2024
200008,NORTHERN LIGHT MERCY HOSPITAL,Northern Light Mercy Hospital,PORTLAND,ME,3,0.9992,0.08,0.08,True,True,5,1.0,Heart failure,1.0,-0.5938339999999993,925,11099370.0,8879.496000000254,2026,2024
220086,BETH ISRAEL DEACONESS MEDICAL CENTER,Beth Israel Deaconess Medical Center,BOSTON,MA,4,0.9954,0.46,0.46,True,True,6,3.0,Heart attack,0.6151101506994742,11.287327000000008,10783,307177462.0,1413016.325200015,2026,2024
220098,NASHOBA VALLEY MEDICAL CENTER,Nashoba Valley Medical Center,AYER,MA,3,0.9982,0.18,0.18,True,True,5,3.0,Pneumonia,0.6721370873207014,0.2950349999999993,343,3117048.0,5610.686400000074,2026,2024
230110,COREWELL HEALTH LUDINGTON HOSPITAL,Corewell Health Ludington Hospital,LUDINGTON,MI,3,0.9997,0.03,0.03,True,True,5,1.0,Heart failure,1.0,-1.4831680000000005,455,5240257.0,1572.077099999827,2026,2024
230167,MCLAREN GREATER LANSING,Mclaren Greater Lansing,LANSING,MI,3,0.996,0.4,0.4,True,True,6,3.0,Heart failure,0.6913075390584039,3.520994999999999,1819,24328992.0,97315.96800000008,2026,2024
230193,MCLAREN LAPEER REGION,Mclaren Lapeer Region,LAPEER,MI,2,0.9984,0.16,0.16,True,True,5,2.0,Pneumonia,0.8992652802330431,-0.2838969999999966,1396,17523606.0,28037.769600000804,2026,2024
230270,BEAUMONT HOSPITAL - TAYLOR,Corewell Health Taylor Hospital,TAYLOR,MI,5,0.9985,0.15,0.15,True,True,5,1.0,Heart failure,1.0,1.6685439999999967,1322,12997453.0,19496.179499999296,2026,2024
240050,FAIRVIEW LAKES HEALTH SERVICES,M Health Fairview Lakes Medical Center,WYOMING,MN,2,0.9968,0.32,0.32,True,True,5,2.0,COPD,0.5475932174945007,0.5214400000000012,597,6536036.0,20915.315199999874,2026,2024
240187,HUTCHINSON HEALTH,Hutchinson Health,HUTCHINSON,MN,3,0.9997,0.03,0.03,True,True,4,1.0,Heart failure,1.0,,525,6288445.0,1886.5334999997922,2026,2024
250102,MISSISSIPPI BAPTIST MEDICAL CENTER,Mississippi Baptist Medical Center,JACKSON,MS,3,0.9932,0.68,0.68,True,True,6,3.0,Pneumonia,0.8084459176265159,9.724605999999989,6603,72917746.0,495840.67280000204,2026,2024
260001,MERCY HOSPITAL JOPLIN,Mercy Hospital Joplin,JOPLIN,MO,4,0.995,0.5,0.5,True,True,6,4.0,Heart bypass surgery (CABG),0.4482127847012901,2.884115999999997,2930,32292886.0,161464.43000000014,2026,2024
260138,ST LUKES HOSPITAL OF KANSAS CITY,St Lukes Hospital Of Kansas City,KANSAS CITY,MO,3,0.9998,0.02,0.02,True,True,6,1.0,Hip/knee replacement,1.0,-12.07257499999999,4818,96455164.0,19291.032799997876,2026,2024
290009,SAINT MARY'S REGIONAL MEDICAL CENTER,Saint Mary's Regional Medical Center,RENO,NV,1,0.9993,0.07,0.07,True,True,6,3.0,Heart attack,0.7038012796386912,-1.2990789999999948,1986,30516607.0,21361.624900001036,2026,2024
290021,VALLEY HOSPITAL MEDICAL CENTER,Valley Hospital Medical Center,LAS VEGAS,NV,3,0.9971,0.29,0.29,True,True,6,4.0,Heart bypass surgery (CABG),0.43792217363695296,1.7009220000000012,2438,40821373.0,118381.98170000056,2026,2024
300023,EXETER HOSPITAL INC,Exeter Hospital Inc,EXETER,NH,1,0.9988,0.12,0.12,True,True,5,2.0,COPD,0.7192486936873315,-4.8924199999999995,1976,26137117.0,31364.54039999945,2026,2024
310010,UNIVERSITY MEDICAL CENTER OF PRINCETON AT PLAINSBORO,Penn Medicine Princeton Medical Center,PLAINSBORO,NJ,1,0.9912,0.88,0.88,True,True,5,5.0,Hip/knee replacement,0.6639436401235301,10.538189,4647,55382402.0,487365.13760000165,2026,2024
320001,UNM HOSPITAL,Unm Hospital,ALBUQUERQUE,NM,4,1.0,0.0,0.0,True,False,6,1.0,COPD,1.0,-1.988461999999995,3455,79105437.0,0.0,2026,2024
330014,JAMAICA HOSPITAL MEDICAL CENTER,Jamaica Hospital Medical Center,JAMAICA,NY,5,0.9953,0.47,0.47,True,True,5,4.0,Heart failure,0.7391050299459514,7.598737999999993,1690,36741668.0,172685.83960000137,2026,2024
330027,NASSAU UNIVERSITY MEDICAL CENTER,Nassau University Medical Center,EAST MEADOW,NY,5,0.9952,0.48,0.48,True,True,5,3.0,Pneumonia,0.8301130942075958,6.093684000000002,2246,43919667.0,210814.40160000118,2026,2024
330058,GENEVA GENERAL HOSPITAL,Geneva General Hospital,GENEVA,NY,4,0.9939,0.61,0.61,True,True,5,3.0,Heart failure,0.45357274511719115,2.945769,806,9784902.0,59687.902199999946,2026,2024
330074,F F THOMPSON HOSPITAL,F F Thompson Hospital,CANANDAIGUA,NY,3,0.9925,0.75,0.75,True,True,4,3.0,Heart failure,0.7093514412203018,4.376953000000001,964,10769044.0,80767.82999999948,2026,2024
330127,JACOBI MEDICAL CENTER,Jacobi Medical Center,BRONX,NY,5,0.9987,0.13,0.13,True,True,5,2.0,Pneumonia,0.762053390555363,2.7685980000000074,2501,65722071.0,85438.69229999789,2026,2024
330194,MAIMONIDES MEDICAL CENTER,Maimonides Medical Center,BROOKLYN,NY,5,0.9811,1.89,1.89,True,True,6,5.0,Pneumonia,0.702646833035924,86.55054899999999,6951,183926295.0,3476206.9755000053,2026,2024
330203,CROUSE HOSPITAL,Crouse Hospital,SYRACUSE,NY,3,0.9941,0.59,0.59,True,True,5,5.0,Pneumonia,0.6811694737499633,11.244210999999984,3714,48988633.0,289032.9347000008,2026,2024
330285,STRONG MEMORIAL HOSPITAL,Strong Memorial Hospital,ROCHESTER,NY,4,1.0,0.0,0.0,True,False,5,1.0,Heart bypass surgery (CABG),1.0,-7.789376000000001,5496,141746949.0,0.0,2026,2024
330396,WOODHULL MEDICAL & MENTAL HEALTH CENTER,Woodhull Medical & Mental Health Center,BROOKLYN,NY,5,0.9992,0.08,0.08,True,True,5,1.0,Heart failure,1.0,0.5406449999999995,506,19560049.0,15648.039200000449,2026,2024
340030,DUKE UNIVERSITY HOSPITAL,Duke University Hospital,DURHAM,NC,2,0.9999,0.01,0.01,True,True,6,1.0,COPD,1.0,-47.05486099999999,10772,244644576.0,24464.457599997306,2026,2024
340087,THE MCDOWELL HOSPITAL,Mission Hospital Mcdowell,MARION,NC,4,0.9961,0.39,0.39,True,True,4,2.0,Heart failure,0.9525490059051678,0.5657540000000003,455,5149611.0,20083.482900000075,2026,2024
360020,SUMMA HEALTH SYSTEM,Summa Health System,AKRON,OH,3,0.9947,0.53,0.52,True,True,6,4.0,Heart attack,0.37642340471245433,5.533132999999998,4734,61538486.0,326153.97579999827,2026,2024
360027,AKRON GENERAL MEDICAL CENTER,Akron General Medical Center,AKRON,OH,3,0.9996,0.04,0.04,True,True,6,2.0,Hip/knee replacement,0.5552078676799272,-11.969228000000005,4312,54977031.0,21990.81239999758,2026,2024
360035,MOUNT CARMEL EAST & WEST,Mount Carmel East,COLUMBUS,OH,2,0.9955,0.45,0.45,True,True,6,4.0,Pneumonia,0.7904396790814643,5.447223000000001,4246,55581174.0,250115.28299999714,2026,2024
360051,MIAMI VALLEY HOSPITAL,Miami Valley Hospital,DAYTON,OH,3,0.9941,0.59,0.59,True,True,6,4.0,Heart attack,0.5735813838136296,18.037720999999983,9115,121285978.0,715587.270200002,2026,2024
360098,LAKE HEALTH,Lake Health,CONCORD,OH,2,0.9923,0.77,0.77,True,True,6,4.0,Heart failure,0.7608001161693168,11.240736999999992,2643,23597593.0,181701.46610000095,2026,2024
370216,TULSA SPINE & SPECIALTY HOSPITAL,Tulsa Spine & Specialty Hospital,TULSA,OK,1,0.9979,0.21,0.21,True,True,1,1.0,Hip/knee replacement,1.0,,282,5996560.0,12592.775999999945,2026,2024
380050,SKY LAKES MEDICAL CENTER,Sky Lakes Medical Center,KLAMATH FALLS,OR,4,0.9988,0.12,0.12,True,True,5,2.0,Heart failure,0.9319433791227946,-4.478648,1537,26638592.0,31966.31039999944,2026,2024
380052,SAINT ALPHONSUS MEDICAL CENTER ONTARIO,Saint Alphonsus Medical Center Ontario,ONTARIO,OR,4,0.9993,0.07,0.07,True,True,5,1.0,Heart failure,1.0,0.15760499999999922,319,4080553.0,2856.3871000001386,2026,2024
380060,ADVENTIST HEALTH PORTLAND,Adventist Health Portland,PORTLAND,OR,5,1.0,0.0,0.0,True,False,6,1.0,COPD,1.0,-5.679683999999999,1448,24724157.0,0.0,2026,2024
390027,TEMPLE UNIVERSITY HOSPITAL,Temple University Hospital,PHILADELPHIA,PA,5,0.9965,0.35,0.35,True,True,6,2.0,COPD,0.6325930416403838,13.178351999999997,4876,124042483.0,434148.6904999935,2026,2024
390036,HERITAGE VALLEY BEAVER,Heritage Valley Beaver,BEAVER,PA,3,0.9981,0.19,0.19,True,True,6,4.0,Heart attack,0.49196471515770546,-1.9418460000000062,1316,14218558.0,27015.260200000183,2026,2024
390102,UPMC ST MARGARET,Upmc St Margaret,PITTSBURGH,PA,3,0.9779,2.21,2.21,True,True,5,3.0,Hip/knee replacement,0.9362278014586443,4.9745870000000005,1551,15355054.0,339346.6934000001,2026,2024
390116,SUBURBAN COMMUNITY HOSPITAL,Suburban Community Hospital,NORRISTOWN,PA,5,0.9997,0.03,0.03,True,True,4,1.0,Heart failure,1.0,-0.2066430000000009,326,3746151.0,1123.8452999998763,2026,2024
390162,ST LUKE'S HOSPITAL - EASTON CAMPUS,St Luke's Hospital - Easton Campus,EASTON,PA,5,0.9996,0.04,0.04,True,True,4,1.0,COPD,1.0,-0.1614599999999978,543,5479294.0,2191.7175999997585,2026,2024
390204,NAZARETH HOSPITAL,Nazareth Hospital,PHILADELPHIA,PA,5,0.9997,0.03,0.03,True,True,5,2.0,Heart attack,0.750532665126185,-5.1673019999999985,1652,22814991.0,6844.497299999246,2026,2024
390223,PENN PRESBYTERIAN MEDICAL CENTER,Penn Presbyterian Medical Center,PHILADELPHIA,PA,5,0.9996,0.04,0.04,True,True,6,2.0,COPD,0.7609496520671303,-16.134013999999997,4095,109799944.0,43919.97759999516,2026,2024
390328,UPMC EAST,Upmc East,MONROEVILLE,PA,3,0.9972,0.28,0.28,True,True,5,4.0,Heart failure,0.3500032336792803,1.1106319999999905,1427,13738898.0,38468.914400000336,2026,2024
420070,PRISMA HEALTH TUOMEY HOSPITAL,Prisma Health Tuomey Hospital,SUMTER,SC,5,0.9977,0.23,0.23,True,True,5,2.0,Heart failure,0.656759093024802,3.6375200000000008,1887,18123343.0,41683.68889999943,2026,2024
420078,PRISMA HEALTH GREENVILLE MEMORIAL HOSPITAL,Prisma Health Greenville Memorial Hospital,GREENVILLE,SC,3,0.9942,0.58,0.58,True,True,6,1.0,Heart bypass surgery (CABG),1.0,-5.567557999999995,7540,131201104.0,760966.4032000036,2026,2024
420091,MUSC HEALTH FLORENCE MEDICAL CENTER,Musc Health Florence Medical Center,FLORENCE,SC,5,0.9935,0.65,0.65,True,True,6,2.0,Pneumonia,0.7803899765696357,9.872269999999997,2647,26989203.0,175429.81949999864,2026,2024
440193,VANDERBILT WILSON COUNTY HOSPITAL,Vanderbilt Wilson County Hospital,LEBANON,TN,2,0.9966,0.34,0.34,True,True,5,1.0,Pneumonia,1.0,-1.6157420000000031,1616,15968660.0,54293.44399999934,2026,2024
450046,CHRISTUS SPOHN HOSPITAL CORPUS CHRISTI,Christus Spohn Hospital Corpus Christi,CORPUS CHRISTI,TX,3,0.9974,0.26,0.26,True,True,6,3.0,Heart bypass surgery (CABG),0.8954239170677523,-1.9883779999999822,3522,58517660.0,152145.91600000273,2026,2024
450135,TEXAS HEALTH HARRIS METHODIST FORT WORTH,Texas Health Harris Methodist Fort Worth,FORT WORTH,TX,1,0.9997,0.03,0.03,True,True,6,3.0,COPD,0.4904785623970282,-15.977761000000005,8604,123786163.0,37135.84889999591,2026,2024
450241,FAITH COMMUNITY HOSPITAL,Faith Community Hospital,JACKSBORO,TX,1,0.9991,0.09,0.09,True,True,5,1.0,Pneumonia,1.0,,105,2482736.0,2234.4624000000294,2026,2024
450379,DALLAS MEDICAL CENTER,Dallas Medical Center,DALLAS,TX,4,0.9977,0.23,0.23,True,True,5,2.0,Pneumonia,0.5135662292605592,0.1934800000000007,368,4634903.0,10660.276899999855,2026,2024
450672,MEDICAL CITY FORT WORTH,Medical City Fort Worth,FORT WORTH,TX,2,0.9917,0.83,0.83,True,True,6,5.0,Heart attack,0.6632354551023307,8.696714000000004,3163,51769641.0,429688.02029999864,2026,2024
450677,TEXAS HEALTH HUGULEY HOSPITAL FORT WORTH SOUTH,Texas Health Huguley Hospital Fort Worth South,FORT WORTH,TX,1,0.9965,0.35,0.34,True,True,6,3.0,Heart attack,0.4878347706404086,2.1016469999999927,2568,29725427.0,104038.99449999844,2026,2024
450730,CARROLLTON REGIONAL MEDICAL CENTER,Carrollton Regional Medical Center,CARROLLTON,TX,2,0.9983,0.17,0.17,True,True,5,3.0,Heart attack,0.4252303330970933,0.20294599999999957,651,7372040.0,12532.468000000257,2026,2024
450775,HCA HOUSTON HEALTHCARE KINGWOOD,Hca Houston Healthcare Kingwood,KINGWOOD,TX,2,0.9951,0.49,0.49,True,True,6,5.0,Heart attack,0.3834720170460172,3.4318710000000334,6274,87988273.0,431142.5377000014,2026,2024
450847,MEMORIAL HERMANN KATY HOSPITAL,Memorial Hermann Katy Hospital,KATY,TX,2,0.9996,0.04,0.04,True,True,6,2.0,Heart attack,0.7241412816401853,-10.870374000000005,2777,36480785.0,14592.313999998392,2026,2024
490020,JOHN RANDOLPH MEDICAL CENTER,Tricities Hospital,HOPEWELL,VA,3,0.9977,0.23,0.23,True,True,5,2.0,Heart failure,0.8138194045763963,0.6920119999999979,1195,10284651.0,23654.69729999968,2026,2024
490063,INOVA FAIRFAX HOSPITAL,Inova Fairfax Hospital,FALLS CHURCH,VA,1,0.9986,0.14,0.14,True,True,6,2.0,Pneumonia,0.971572537184738,-23.975788999999992,12460,240214383.0,336300.13619998965,2026,2024
490113,SENTARA NORTHERN VIRGINIA MEDICAL CENTER,Sentara Northern Virginia Medical Center,WOODBRIDGE,VA,2,0.9901,0.99,0.99,True,True,5,4.0,Heart failure,0.4966680509359343,14.619492000000015,2671,31233970.0,309216.3030000006,2026,2024
490140,"STAFFORD HOSPITAL, LLC","Stafford Hospital, Llc",STAFFORD,VA,1,0.9921,0.79,0.79,True,True,5,3.0,Pneumonia,0.7870200191497092,3.734150999999997,1141,10899735.0,86107.9065000002,2026,2024
500008,UNIVERSITY OF WASHINGTON MEDICAL CTR,University Of Washington Medical Ctr,SEATTLE,WA,3,0.9991,0.09,0.09,True,True,6,4.0,Hip/knee replacement,0.563913086572029,-20.778935999999973,7535,167987375.0,151188.637500002,2026,2024
500026,SWEDISH EDMONDS HOSPITAL,Swedish Edmonds Hospital,EDMONDS,WA,3,0.9986,0.14,0.14,True,True,5,2.0,Heart attack,0.6543079394605568,-0.6093900000000004,1890,23619317.0,33067.04379999898,2026,2024
500039,ST MICHAEL MEDICAL CENTER,St Michael Medical Center,SILVERDALE,WA,2,0.9998,0.02,0.02,True,True,6,1.0,COPD,1.0,-39.506389999999996,5398,99762789.0,19952.5577999978,2026,2024
510062,BECKLEY ARH HOSPITAL,Beckley Arh Hospital,BECKLEY,WV,4,0.9934,0.66,0.66,True,True,5,3.0,Pneumonia,0.8766472061262184,5.360667000000002,1116,11902804.0,78558.5064000006,2026,2024
510070,RALEIGH GENERAL HOSPITAL,Raleigh General Hospital,BECKLEY,WV,3,0.9923,0.77,0.77,True,True,5,3.0,Pneumonia,0.5631929322931531,11.64281,2802,27190511.0,209366.9347000011,2026,2024
520033,ASPIRUS RIVERVIEW HOSPITAL & CLINICS INC,Aspirus Wisconsin Rapids Hospital,WISCONSIN RAPIDS,WI,4,0.9991,0.09,0.09,True,True,5,1.0,COPD,1.0,-0.9660669999999985,560,6565296.0,5908.766400000078,2026,2024
520098,UNIVERSITY OF WI  HOSPITALS & CLINICS AUTHORITY,University Of Wi  Hospitals & Clinics Authority,MADISON,WI,3,0.9987,0.13,0.13,True,True,6,2.0,Heart failure,0.9801047120418847,5.893326000000007,9049,195485295.0,254130.8834999937,2026,2024
670085,TEXAS HEALTH HARRIS METHODIST HOSPITAL ALLIANCE,Texas Health Harris Methodist Hospital Alliance,FORT WORTH,TX,1,0.9997,0.03,0.03,True,True,5,1.0,Heart attack,1.0,-2.9527519999999954,1272,12881278.0,3864.3833999995745,2026,2024
050125,REGIONAL MEDICAL CENTER OF SAN JOSE,Regional Medical Center Of San Jose,SAN JOSE,CA,5,0.9782,2.18,2.18,True,True,6,5.0,Pneumonia,0.549127079178517,32.543944999999994,2058,40830705.0,890109.3690000017,2026,2024
100047,SHOREPOINT HEALTH PUNTA GORDA,Shorepoint Health Punta Gorda,PUNTA GORDA,FL,1,0.9897,1.03,1.03,True,True,5,1.0,Pneumonia,1.0,4.627905000000005,873,9232338.0,95093.08139999978,2026,2024
050589,UCI HEALTH-PLACENTIA LINDA,Uci Health-Placentia Linda,PLACENTIA,CA,4,0.998,0.2,0.21,True,True,5,2.0,Heart failure,0.8791802724918388,0.7937599999999985,840,11627240.0,23254.48000000002,2026,2024
010120,MONROE COUNTY HOSPITAL,Monroe County Hospital,MONROEVILLE,AL,2,0.9955,0.45,0.45,True,True,4,2.0,Pneumonia,0.7441234462066018,,168,1356153.0,6102.68849999993,2026,2024
010085,DECATUR MORGAN HOSPITAL - DECATUR CAMPUS,Decatur Morgan Hospital-Decatur Campus,DECATUR,AL,1,1.0,0.0,0.0,True,False,5,0.0,,,-7.822233999999989,1982,18331133.0,0.0,2026,2024
050070,KAISER FOUNDATION HOSPITAL - SOUTH SAN FRANCISCO,Kaiser Foundation Hospital - South San Francisco,SOUTH SAN FRANCISCO,CA,2,1.0,0.0,0.0,True,False,4,0.0,,,,385,4157592.0,0.0,2026,2024
050072,KAISER FOUNDATION HOSPITAL - WALNUT CREEK,Kaiser Foundation Hospital - Walnut Creek,WALNUT CREEK,CA,1,1.0,0.0,0.0,True,False,4,0.0,,,,483,6165132.0,0.0,2026,2024
370201,SURGICAL HOSPITAL OF OKLAHOMA,Surgical Hospital Of Oklahoma,OKLAHOMA CITY,OK,2,1.0,0.0,0.0,True,False,1,0.0,,,,103,2097896.0,0.0,2026,2024
420102,PRISMA HEALTH  PATEWOOD HOSPITAL,Prisma Health  Patewood Hospital,GREENVILLE,SC,1,1.0,0.0,0.0,True,False,2,0.0,,,,138,1788486.0,0.0,2026,2024
160101,BROADLAWNS MEDICAL CENTER,Broadlawns Medical Center,DES MOINES,IA,5,1.0,0.0,0.0,True,False,4,0.0,,,,280,5007535.0,0.0,2026,2024
170187,SALINA SURGICAL HOSPITAL,Salina Surgical Hospital,SALINA,KS,1,1.0,0.0,0.0,True,False,1,0.0,,,-13.742719999999998,406,5253204.0,0.0,2026,2024
180087,TAYLOR REGIONAL HOSPITAL,Taylor Regional Hospital,CAMPBELLSVILLE,KY,3,1.0,0.0,0.0,True,False,5,0.0,,,-2.0033629999999993,531,5744073.0,0.0,2026,2024
190259,LAFAYETTE SURGICAL SPECIALTY HOSPITAL,Lafayette Surgical Specialty Hospital,LAFAYETTE,LA,1,1.0,0.0,0.0,True,False,1,0.0,,,,83,1461942.0,0.0,2026,2024
190303,CYPRESS POINTE SURGICAL HOSPITAL,Cypress Pointe Surgical Hospital,HAMMOND,LA,1,1.0,0.0,0.0,True,False,1,0.0,,,,83,1690185.0,0.0,2026,2024
190313,NEW ORLEANS EAST HOSPITAL,New Orleans East Hospital,NEW ORLEANS,LA,5,1.0,0.0,0.0,True,False,4,0.0,,,,71,764395.0,0.0,2026,2024
220075,MASSACHUSETTS EYE AND EAR INFIRMARY -,Massachusetts Eye And Ear Infirmary -,BOSTON,MA,3,1.0,0.0,0.0,True,False,2,0.0,,,,385,8015217.0,0.0,2026,2024
230072,HOLLAND HOSPITAL,Holland Community Hospital,HOLLAND,MI,3,1.0,0.0,0.0,True,False,5,0.0,,,-0.7605360000000002,960,8554858.0,0.0,2026,2024
050769,HOAG ORTHOPEDIC INSTITUTE,Hoag Orthopedic Institute,IRVINE,CA,1,1.0,0.0,0.0,True,False,1,0.0,,,-7.712012,936,22993024.0,0.0,2026,2024
050782,CASA COLINA HOSPITAL,Casa Colina Hospital,POMONA,CA,5,1.0,0.0,0.0,True,False,5,0.0,,,,233,3371399.0,0.0,2026,2024
050785,DOCS SURGICAL HOSPITAL,Docs Surgical Hospital,LOS ANGELES,CA,3,1.0,0.0,0.0,True,False,1,0.0,,,,114,2600465.0,0.0,2026,2024
060075,VALLEY VIEW HOSPITAL ASSOCIATION,Valley View Hospital Association,GLENWOOD SPRINGS,CO,1,1.0,0.0,0.0,True,False,6,0.0,,,-0.4320950000000016,963,18320414.0,0.0,2026,2024
060107,NATIONAL JEWISH HEALTH,National Jewish Health,DENVER,CO,2,1.0,0.0,0.0,True,False,2,0.0,,,,13,214513.0,0.0,2026,2024
060133,ST FRANCIS HOSPITAL - INTERQUEST,St Francis Hospital - Interquest,COLORADO SPRINGS,CO,1,1.0,0.0,0.0,True,False,3,0.0,,,,117,1203372.0,0.0,2026,2024
330261,PHELPS HOSPITAL,Phelps Hospital,SLEEPY HOLLOW,NY,4,1.0,0.0,0.0,True,False,5,0.0,,,-7.477529000000002,2481,38261473.0,0.0,2026,2024
340016,HARRIS REGIONAL HOSPITAL,Harris Regional Hospital,SYLVA,NC,4,1.0,0.0,0.0,True,False,5,0.0,,,-0.6478850000000019,697,8203683.0,0.0,2026,2024
360092,MEMORIAL HOSPITAL,Memorial Hospital,MARYSVILLE,OH,2,1.0,0.0,0.0,True,False,5,0.0,,,-1.309623000000003,672,6283314.0,0.0,2026,2024
360197,MARY RUTAN HOSPITAL,Mary Rutan Hospital,BELLEFONTAINE,OH,2,1.0,0.0,0.0,True,False,5,0.0,,,,379,5074886.0,0.0,2026,2024
360352,SURGICAL HOSPITAL AT SOUTHWOODS,Surgical Hospital At Southwoods,YOUNGSTOWN,OH,1,1.0,0.0,0.0,True,False,1,0.0,,,,169,2207436.0,0.0,2026,2024
450489,MEDICAL ARTS HOSPITAL,Medical Arts Hospital,LAMESA,TX,2,1.0,0.0,0.0,True,False,3,0.0,,,,66,723788.0,0.0,2026,2024
450658,FREESTONE MEDICAL CENTER,Freestone Medical Center,FAIRFIELD,TX,2,1.0,0.0,0.0,True,False,4,0.0,,,,97,1048522.0,0.0,2026,2024
490018,AUGUSTA HEALTH,Augusta Health,FISHERSVILLE,VA,1,1.0,0.0,0.0,True,False,5,0.0,,,-25.75670399999999,3299,37336099.0,0.0,2026,2024
490089,CARILION FRANKLIN MEMORIAL HOSPITAL,Carilion Franklin Memorial Hospital,ROCKY MOUNT,VA,3,1.0,0.0,0.0,True,False,4,0.0,,,-2.666174000000005,623,5914621.0,0.0,2026,2024
100362,BAYCARE HOSPITAL WESLEY CHAPEL,Baycare Hospital Wesley Chapel,WESLEY CHAPEL,FL,1,1.0,0.0,0.0,True,False,4,0.0,,,,627,5119115.0,0.0,2026,2024
110024,CANDLER HOSPITAL,Candler Hospital,SAVANNAH,GA,2,1.0,0.0,0.0,True,False,4,0.0,,,-1.9602719999999985,1933,22600879.0,0.0,2026,2024
110109,EMANUEL MEDICAL CENTER,Emanuel Medical Center,SWAINSBORO,GA,4,1.0,0.0,0.0,True,False,4,0.0,,,-0.1274289999999999,215,2411102.0,0.0,2026,2024
500037,ASTRIA TOPPENISH HOSPITAL,Astria Toppenish Hospital,TOPPENISH,WA,5,1.0,0.0,0.0,True,False,4,0.0,,,,87,1171237.0,0.0,2026,2024
500077,PROVIDENCE HOLY FAMILY HOSPITAL,Providence Holy Family Hospital,SPOKANE,WA,3,1.0,0.0,0.0,True,False,5,0.0,,,-5.660485000000005,1783,22491386.0,0.0,2026,2024
670321,ADVANCED DALLAS HOSPITALS AND CLINICS,Advanced Dallas Hospitals And Clinics,DALLAS,TX,5,1.0,0.0,0.0,True,False,2,0.0,,,,57,487237.0,0.0,2026,2024
010034,COMMUNITY HOSPITAL INC,Community Hospital Inc,TALLASSEE,AL,3,1.0,0.0,0.0,True,False,3,0.0,,,,79,802847.0,0.0,2026,2024
030154,EXCEPTIONAL COMMUNITY HOSPITAL YUMA,Exceptional Community Hospital Yuma,YUMA,AZ,1,1.0,0.0,0.0,True,False,3,0.0,,,,162,766357.0,0.0,2026,2024
240076,BUFFALO HOSPITAL,Buffalo Hospital,BUFFALO,MN,2,1.0,0.0,0.0,True,False,5,0.0,,,-0.771829,520,5555751.0,0.0,2026,2024
240093,MAYO CLINIC HEALTH SYSTEM - MANKATO,Mayo Clinic Health System - Mankato,MANKATO,MN,4,1.0,0.0,0.0,True,False,5,0.0,,,-17.893476000000007,2726,37684436.0,0.0,2026,2024
240214,MAPLE GROVE HOSPITAL,Maple Grove Hospital,MAPLE GROVE,MN,2,1.0,0.0,0.0,True,False,5,0.0,,,-1.8633530000000011,1005,11779349.0,0.0,2026,2024
260062,SAINT LUKES NORTH HOSPITAL,Saint Lukes North Hospital,KANSAS CITY,MO,2,1.0,0.0,0.0,True,False,5,0.0,,,-6.855005999999996,1648,14882755.0,0.0,2026,2024
260163,PARKLAND HEALTH CENTER,Parkland Health Center,FARMINGTON,MO,5,1.0,0.0,0.0,True,False,5,0.0,,,-2.780392,1129,11647257.0,0.0,2026,2024
290008,NORTHEASTERN NEVADA REGIONAL HOSPITAL,Northeastern Nevada Regional Hospital,ELKO,NV,1,1.0,0.0,0.0,True,False,5,0.0,,,-1.323693,573,7714368.0,0.0,2026,2024
370112,SEQUOYAH COUNTY-CITY OF SALLISAW HOSPITAL AUTHORIT,Sequoyah County-City Of Sallisaw Hospital Authorit,SALLISAW,OK,5,1.0,0.0,0.0,True,False,4,0.0,,,,119,998778.0,0.0,2026,2024
370172,CHOCTAW NATION HEALTH SERVICES AUTHORITY,Choctaw Nation Health Services Authority,TALIHINA,OK,2,1.0,0.0,0.0,True,False,3,0.0,,,,116,1284660.0,0.0,2026,2024
370244,COUNCIL OAK COMPREHENSIVE HEALTHCARE,Council Oak Comprehensive Healthcare,TULSA,OK,4,1.0,0.0,0.0,True,False,4,0.0,,,,99,1041573.0,0.0,2026,2024
420019,MUSC HEALTH CHESTER MEDICAL CENTER,Musc Health Chester Medical Center,CHESTER,SC,5,1.0,0.0,0.0,True,False,5,0.0,,,,189,2580992.0,0.0,2026,2024
420037,PRISMA HEALTH HILLCREST HOSPITAL,Prisma Health Hillcrest Hospital,SIMPSONVILLE,SC,2,1.0,0.0,0.0,True,False,4,0.0,,,-1.2968570000000013,847,5857435.0,0.0,2026,2024
440033,LAFOLLETTE MEDICAL CENTER,Tennova Healthcare Lafollette Medical Center,LA FOLLETTE,TN,5,1.0,0.0,0.0,True,False,4,0.0,,,-0.9031759999999989,280,2764588.0,0.0,2026,2024
160089,OTTUMWA REGIONAL HEALTH CENTER,Ottumwa Regional Health Center,OTTUMWA,IA,3,1.0,0.0,0.0,True,False,5,0.0,,,-0.6841259999999991,479,5113733.0,0.0,2026,2024
170188,KANSAS CITY ORTHOPAEDIC INSTITUTE,Kansas City Orthopaedic Institute,LEAWOOD,KS,1,1.0,0.0,0.0,True,False,1,0.0,,,-19.869955,624,7303151.0,0.0,2026,2024
180046,BOURBON COMMUNITY HOSPITAL,Bourbon Community Hospital,PARIS,KY,3,1.0,0.0,0.0,True,False,5,0.0,,,,111,792981.0,0.0,2026,2024
180067,UNIVERSITY OF KENTUCKY HOSPITAL,University Of Kentucky Hospital,LEXINGTON,KY,2,1.0,0.0,0.0,True,False,6,0.0,,,-15.124621000000003,6383,117784183.0,0.0,2026,2024
190034,ABBEVILLE GENERAL HOSPITAL,Abbeville General Hospital,ABBEVILLE,LA,5,1.0,0.0,0.0,True,False,5,0.0,,,,380,3691584.0,0.0,2026,2024
190317,OCHSNER LSU HEALTH SHREVEPORT-ST MARY MEDICAL CENT,Ochsner Lsu Health Shreveport-St Mary Medical Cent,SHREVEPORT,LA,5,1.0,0.0,0.0,True,False,1,0.0,,,,26,367696.0,0.0,2026,2024
050677,KAISER FOUNDATION HOSPITAL - WOODLAND HILLS,Kaiser Foundation Hospital - Woodland Hills,WOODLAND HILLS,CA,2,1.0,0.0,0.0,True,False,4,0.0,,,,358,4660993.0,0.0,2026,2024
060130,UCHEALTH GRANDVIEW HOSPITAL,Uchealth Grandview Hospital,COLORADO SPRINGS,CO,1,1.0,0.0,0.0,True,False,4,0.0,,,,116,1202118.0,0.0,2026,2024
340015,NOVANT HEALTH ROWAN MEDICAL CENTER,Novant Health Rowan Medical Center,SALISBURY,NC,3,1.0,0.0,0.0,True,False,5,0.0,,,-4.160363999999997,1602,16895935.0,0.0,2026,2024
340053,NOVANT HEALTH PRESBYTERIAN MEDICAL CENTER,Novant Health Presbyterian Medical Center,CHARLOTTE,NC,2,1.0,0.0,0.0,True,False,6,0.0,,,-17.61002599999999,4337,69702630.0,0.0,2026,2024
450155,HEREFORD REGIONAL MEDICAL CENTER,Hereford Regional Medical Center,HEREFORD,TX,2,1.0,0.0,0.0,True,False,4,0.0,,,,76,1235862.0,0.0,2026,2024
450565,PALO PINTO GENERAL HOSPITAL,Palo Pinto General Hospital,MINERAL WELLS,TX,2,1.0,0.0,0.0,True,False,5,0.0,,,,307,3558033.0,0.0,2026,2024
450661,ODESSA REGIONAL MEDICAL CENTER,Odessa Regional Medical Center,ODESSA,TX,2,1.0,0.0,0.0,True,False,6,0.0,,,-0.905301999999998,479,6006417.0,0.0,2026,2024
450860,SUGAR LAND SURGICAL HOSPITAL LLP,Sugar Land Surgical Hospital Llp,SUGAR LAND,TX,1,1.0,0.0,0.0,True,False,1,0.0,,,,23,447601.0,0.0,2026,2024
450865,ASCENSION SETON  SOUTHWEST,Ascension Seton  Southwest,AUSTIN,TX,1,1.0,0.0,0.0,True,False,4,0.0,,,,124,1715478.0,0.0,2026,2024
460044,INTERMOUNTAIN HEALTH ALTA VIEW HOSPITAL,Intermountain Health Alta View Hospital,SANDY,UT,1,1.0,0.0,0.0,True,False,4,0.0,,,,508,4678943.0,0.0,2026,2024
490040,INOVA ALEXANDRIA HOSPITAL,Inova Alexandria Hospital,ALEXANDRIA,VA,2,1.0,0.0,0.0,True,False,5,0.0,,,-13.789708999999995,4004,49527534.0,0.0,2026,2024
110101,"SOUTHWELL MEDICAL, A CAMPUS OF TRMC","Southwell Medical, A Campus Of Trmc",ADEL,GA,3,1.0,0.0,0.0,True,False,4,0.0,,,,62,688586.0,0.0,2026,2024
110113,BURKE MEDICAL CENTER,Burke Medical Center,WAYNESBORO,GA,1,1.0,0.0,0.0,True,False,5,0.0,,,,149,3264656.0,0.0,2026,2024
110194,DONALSONVILLE HOSPITAL INC,Donalsonville Hospital Inc,DONALSONVILLE,GA,3,1.0,0.0,0.0,True,False,4,0.0,,,,139,1475460.0,0.0,2026,2024
150168,THE ORTHOPAEDIC HOSPITAL OF LUTHERAN HEALTH NETWOR,The Orthopaedic Hospital Of Lutheran Health Networ,FT WAYNE,IN,1,1.0,0.0,0.0,True,False,1,0.0,,,,370,6547751.0,0.0,2026,2024
500054,PROV SACRED HRT MED CTR & CHILDS HOSP.,Prov Sacred Hrt Med Ctr & Childs Hosp.,SPOKANE,WA,3,1.0,0.0,0.0,True,False,6,0.0,,,-19.518522999999988,5677,116052379.0,0.0,2026,2024
510091,CAMC CHARLESTON SURGICAL HOSPITAL,Camc Charleston Surgical Hospital,CHARLESTON,WV,1,1.0,0.0,0.0,True,False,1,0.0,,,,12,158616.0,0.0,2026,2024
520019,ASPIRUS RHINELANDER HOSPITAL,Aspirus Rhinelander Hospital,RHINELANDER,WI,4,1.0,0.0,0.0,True,False,5,0.0,,,-0.03821999999999868,633,7161634.0,0.0,2026,2024
670109,BAYTOWN MEDICAL CENTER LP,Altus Baytown Hospital,BAYTOWN,TX,1,1.0,0.0,0.0,True,False,3,0.0,,,,35,575322.0,0.0,2026,2024
010022,FLOYD CHEROKEE MEDICAL CENTER,Floyd Cherokee Medical Center,CENTRE,AL,3,1.0,0.0,0.0,True,False,3,0.0,,,,127,926837.0,0.0,2026,2024
030138,CITY OF HOPE CANCER CENTER PHOENIX,Western Regional Medical Center,GOODYEAR,AZ,1,1.0,0.0,0.0,True,False,2,0.0,,,,203,6296329.0,0.0,2026,2024
050224,HOAG MEMORIAL HOSPITAL PRESBYTERIAN,Hoag Memorial Hospital Presbyterian,NEWPORT BEACH,CA,2,1.0,0.0,0.0,True,False,5,0.0,,,-24.005141999999996,9701,156716985.0,0.0,2026,2024
050357,GOLETA VALLEY COTTAGE HOSPITAL,Goleta Valley Cottage Hospital,SANTA BARBARA,CA,2,1.0,0.0,0.0,True,False,4,0.0,,,-0.19242399999999793,533,7396349.0,0.0,2026,2024
230297,KARMANOS CANCER CENTER,Karmanos Cancer Center,DETROIT,MI,4,1.0,0.0,0.0,True,False,4,0.0,,,,494,15863013.0,0.0,2026,2024
240044,WINONA HEALTH SERVICES,Winona Health Services,WINONA,MN,4,1.0,0.0,0.0,True,False,5,0.0,,,,340,3768333.0,0.0,2026,2024
270074,P H S INDIAN HOSPITAL AT BROWNING - BLACKFEET,P H S Indian Hospital At Browning - Blackfeet,BROWNING,MT,5,1.0,0.0,0.0,True,False,3,0.0,,,,63,934590.0,0.0,2026,2024
280105,CHI HEALTH MIDLANDS,Chi Health Midlands,PAPILLION,NE,2,1.0,0.0,0.0,True,False,4,0.0,,,,375,2778262.0,0.0,2026,2024
320084,ROOSEVELT GENERAL HOSPITAL,Roosevelt General Hospital,PORTALES,NM,4,1.0,0.0,0.0,True,False,4,0.0,,,,115,1015593.0,0.0,2026,2024
370243,VALLEY COMMUNITY HOSPITAL,Valley Community Hospital,PAULS VALLEY,OK,5,1.0,0.0,0.0,True,False,3,0.0,,,,27,189945.0,0.0,2026,2024
380027,MERCY MEDICAL CENTER,Mercy Medical Center,ROSEBURG,OR,4,1.0,0.0,0.0,True,False,5,0.0,,,-13.495338000000002,1465,21321050.0,0.0,2026,2024
440020,SOUTHERN TENNESSEE REGIONAL HEALTH SYSTEM PULASKI,Southern Tennessee Regional Health System Pulaski,PULASKI,TN,4,1.0,0.0,0.0,True,False,5,0.0,,,-0.9039599999999998,317,3285224.0,0.0,2026,2024
180149,TJ HEALTH COLUMBIA,T J Health Columbia,COLUMBIA,KY,5,1.0,0.0,0.0,True,False,3,0.0,,,,86,715187.0,0.0,2026,2024
190079,ST CHARLES PARISH HOSPITAL,St Charles Parish Hospital,LULING,LA,3,1.0,0.0,0.0,True,False,4,0.0,,,,122,954902.0,0.0,2026,2024
190133,ALLEN PARISH HOSPITAL,Allen Parish Hospital,KINDER,LA,5,1.0,0.0,0.0,True,False,4,0.0,,,,114,990427.0,0.0,2026,2024
190201,CHRISTUS OCHSNER LAKE AREA HOSPITAL,Christus Ochsner Lake Area Hospital,LAKE CHARLES,LA,2,1.0,0.0,0.0,True,False,3,0.0,,,,141,1499914.0,0.0,2026,2024
200033,NORTHERN LIGHT EASTERN MAINE MEDICAL CENTER,Northern Light Eastern Maine Medical Center,BANGOR,ME,4,1.0,0.0,0.0,True,False,6,0.0,,,-58.465946,3886,58728897.0,0.0,2026,2024
050597,EMANATE HEALTH FOOTHILL PRESBYTERIAN HOSPITAL,Emanate Health Foothill Presbyterian Hospital,GLENDORA,CA,5,1.0,0.0,0.0,True,False,5,0.0,,,-2.137016000000001,1484,21076878.0,0.0,2026,2024
050717,LAC/RANCHO LOS AMIGOS NATIONAL REHABILITATION  CTR,Lac/Rancho Los Amigos National Rehabilitation  Ctr,DOWNEY,CA,5,1.0,0.0,0.0,True,False,4,0.0,,,,182,9831726.0,0.0,2026,2024
050772,KAISER FOUNDATION HOSPITAL - ROSEVILLE,Kaiser Foundation Hospital - Roseville,ROSEVILLE,CA,1,1.0,0.0,0.0,True,False,4,0.0,,,,791,13031023.0,0.0,2026,2024
060030,BANNER NORTH CO MEDICAL CENTER - LOVELAND CAMPUS,Banner Mckee Medical Center,LOVELAND,CO,2,1.0,0.0,0.0,True,False,5,0.0,,,-0.44344499999999926,448,5401961.0,0.0,2026,2024
060131,UCHEALTH GREELEY HOSPITAL,Uchealth Greeley Hospital,GREELEY,CO,3,1.0,0.0,0.0,True,False,5,0.0,,,-3.061471999999999,1128,12568904.0,0.0,2026,2024
330166,"WESTFIELD MEMORIAL HOSPITAL, INC","Westfield Memorial Hospital, Inc",WESTFIELD,NY,3,1.0,0.0,0.0,True,False,3,0.0,,,,40,357191.0,0.0,2026,2024
450235,MEMORIAL HOSPITAL,Memorial Hospital,GONZALES,TX,2,1.0,0.0,0.0,True,False,4,0.0,,,,116,1489168.0,0.0,2026,2024
460017,BRIGHAM CITY COMMUNITY HOSPITAL,Brigham City Community Hospital,BRIGHAM CITY,UT,2,1.0,0.0,0.0,True,False,5,0.0,,,,176,2129466.0,0.0,2026,2024
460030,ASHLEY REGIONAL MEDICAL CENTER,Ashley Regional Medical Center,VERNAL,UT,3,1.0,0.0,0.0,True,False,5,0.0,,,,224,2674642.0,0.0,2026,2024
110023,ADVENTHEALTH GORDON,Adventhealth Gordon,CALHOUN,GA,2,1.0,0.0,0.0,True,False,5,0.0,,,-3.9058189999999984,1039,10956120.0,0.0,2026,2024
130006,ST LUKE'S REGIONAL MEDICAL CENTER,St Luke's Regional Medical Center,BOISE,ID,1,1.0,0.0,0.0,True,False,6,0.0,,,-40.78754399999999,5582,83692510.0,0.0,2026,2024
140077,TOUCHETTE REGIONAL HOSPITAL INC,Touchette Regional Hospital Inc,CENTREVILLE,IL,5,1.0,0.0,0.0,True,False,3,0.0,,,,97,1253069.0,0.0,2026,2024
140275,GENESIS HLTH SYSTEM DBA GENESIS MDL CTR-ILLINI,Mercyone Genesis Silvis Medical Center,SILVIS,IL,4,1.0,0.0,0.0,True,False,5,0.0,,,-1.296361,584,5987543.0,0.0,2026,2024
150183,MONROE HOSPITAL,Monroe Hospital,BLOOMINGTON,IN,3,1.0,0.0,0.0,True,False,5,0.0,,,-0.593833,429,3924785.0,0.0,2026,2024
500058,KADLEC REGIONAL MEDICAL CENTER,Kadlec Regional Medical Center,RICHLAND,WA,3,1.0,0.0,0.0,True,False,6,0.0,,,-26.692548999999996,5735,85645419.0,0.0,2026,2024
500154,MULTICARE COVINGTON MEDICAL CENTER,Multicare Covington Medical Center,COVINGTON,WA,3,1.0,0.0,0.0,True,False,4,0.0,,,-0.40026600000000256,552,5470988.0,0.0,2026,2024
520097,ST MARYS HOSPITAL MEDICAL CTR,St Marys Hospital Medical Ctr,GREEN BAY,WI,3,1.0,0.0,0.0,True,False,5,0.0,,,-0.9324479999999997,730,6817805.0,0.0,2026,2024
670131,BAYLOR SCOTT & WHITE MEDICAL CENTER - BUDA,Baylor Scott & White Medical Center  Buda,BUDA,TX,1,1.0,0.0,0.0,True,False,4,0.0,,,,75,837787.0,0.0,2026,2024
010150,THE HEALTH CARE AUTHORITY OF THE CITY OF GREENVILLE- LV STABLER HOSPITAL,Regional Medical Center Of Central Alabama,GREENVILLE,AL,3,1.0,0.0,0.0,True,False,5,0.0,,,,182,1552833.0,0.0,2026,2024
050298,BARSTOW COMMUNITY HOSPITAL,Barstow Community Hospital,BARSTOW,CA,5,1.0,0.0,0.0,True,False,5,0.0,,,0.07297399999999954,290,5417612.0,0.0,2026,2024
260219,PROGRESS WEST HOSPITAL,Progress West Hospital,OFALLON,MO,1,1.0,0.0,0.0,True,False,5,0.0,,,-2.898716000000002,966,8718709.0,0.0,2026,2024
280131,MIDWEST SURGICAL HOSPITAL LLC,Midwest Surgical Hospital Llc,OMAHA,NE,1,1.0,0.0,0.0,True,False,1,0.0,,,,209,4375982.0,0.0,2026,2024
390324,PHYSICIANS CARE SURGICAL HOSPITAL,Physician's Care Surgical Hospital,ROYERSFORD,PA,1,1.0,0.0,0.0,True,False,1,0.0,,,,79,1446535.0,0.0,2026,2024
440039,VANDERBILT UNIVERSITY MEDICAL CENTER,Vanderbilt University Medical Center,NASHVILLE,TN,2,1.0,0.0,0.0,True,False,6,0.0,,,-29.083151999999988,10989,219082199.0,0.0,2026,2024
170012,SALINA REGIONAL HEALTH CENTER,Salina Regional Health Center,SALINA,KS,2,1.0,0.0,0.0,True,False,6,0.0,,,-14.570066000000002,2514,34799828.0,0.0,2026,2024
170027,PRATT REGIONAL MEDICAL CENTER,Pratt Regional Medical Center,PRATT,KS,1,1.0,0.0,0.0,True,False,5,0.0,,,,613,9779696.0,0.0,2026,2024
170196,"KANSAS SPINE & SPECIALTY HOSPITAL, LLC","Kansas Spine & Specialty Hospital, Llc",WICHITA,KS,1,1.0,0.0,0.0,True,False,1,0.0,,,-1.1259820000000003,624,12031935.0,0.0,2026,2024
050537,SUTTER DAVIS HOSPITAL,Sutter Davis Hospital,DAVIS,CA,4,1.0,0.0,0.0,True,False,5,0.0,,,-1.6686399999999992,1069,15174717.0,0.0,2026,2024
050541,KAISER FOUNDATION HOSPITAL - REDWOOD CITY,Kaiser Foundation Hospital - Redwood City,REDWOOD CITY,CA,1,1.0,0.0,0.0,True,False,4,0.0,,,,311,5799250.0,0.0,2026,2024
100130,LAKESIDE MEDICAL CENTER,Lakeside Medical Center,BELLE GLADE,FL,5,1.0,0.0,0.0,True,False,3,0.0,,,,66,1683446.0,0.0,2026,2024
330401,ST CATHERINE OF SIENA HOSPITAL,St Catherine Of Siena Hospital Medical Center,SMITHTOWN,NY,3,1.0,0.0,0.0,True,False,5,0.0,,,-21.606107999999995,4356,50240366.0,0.0,2026,2024
360131,ALLIANCE COMMUNITY HOSPITAL,Alliance Community Hospital,ALLIANCE,OH,3,1.0,0.0,0.0,True,False,5,0.0,,,,338,3600823.0,0.0,2026,2024
360367,LAKE HEALTH BEACHWOOD MEDICAL CENTER,Lake Health Beachwood Medical Center,BEACHWOOD,OH,1,1.0,0.0,0.0,True,False,3,0.0,,,,73,558936.0,0.0,2026,2024
450808,NORTHWEST HILLS SURGICAL HOSPITAL,Northwest Hills Surgical Hospital,AUSTIN,TX,1,1.0,0.0,0.0,True,False,1,0.0,,,,71,1528313.0,0.0,2026,2024
460010,INTERMOUNTAIN MEDICAL CENTER,Intermountain Medical Center,MURRAY,UT,2,1.0,0.0,0.0,True,False,6,0.0,,,-55.29479700000002,5356,92529091.0,0.0,2026,2024
490111,WYTHE COUNTY COMMUNITY HOSPITAL,Wythe County Community Hospital,WYTHEVILLE,VA,4,1.0,0.0,0.0,True,False,5,0.0,,,-1.6938669999999996,425,5021724.0,0.0,2026,2024
100277,DOUGLAS GARDENS HOSPITAL,Douglas Gardens Hospital,MIAMI,FL,5,1.0,0.0,0.0,True,False,4,0.0,,,,17,282352.0,0.0,2026,2024
110142,EVANS MEMORIAL HOSPITAL,Evans Memorial Hospital,CLAXTON,GA,4,1.0,0.0,0.0,True,False,4,0.0,,,,144,1319884.0,0.0,2026,2024
110233,"SOUTHEASTERN REGIONAL MEDICAL CENTER, INC","Southeastern Regional Medical Center, Inc",NEWNAN,GA,1,1.0,0.0,0.0,True,False,4,0.0,,,,268,4818204.0,0.0,2026,2024
520057,SSM HEALTH ST CLARE HOSPITAL - BARABOO,Ssm Health St Clare Hospital - Baraboo,BARABOO,WI,4,1.0,0.0,0.0,True,False,5,0.0,,,-1.0970259999999998,606,6092394.0,0.0,2026,2024
670049,NORTH CENTRAL SURGICAL CENTER LLP,North Central Surgical Center Llp,DALLAS,TX,1,1.0,0.0,0.0,True,False,1,0.0,,,-3.7066079999999983,468,8752784.0,0.0,2026,2024
040019,FORREST CITY MEDICAL CENTER,Forrest City Medical Center,FORREST CITY,AR,5,1.0,0.0,0.0,True,False,5,0.0,,,,121,1115990.0,0.0,2026,2024
040153,SOUTHWEST REGIONAL MEDICAL CENTER LLC,Southwest Regional Medical Center Llc,HOPE,AR,5,1.0,0.0,0.0,True,False,4,0.0,,,,84,981942.0,0.0,2026,2024
240047,ST LUKES HOSPITAL,St Lukes Hospital,DULUTH,MN,3,1.0,0.0,0.0,True,False,6,0.0,,,-0.804731000000003,3737,46742521.0,0.0,2026,2024
240057,ABBOTT NORTHWESTERN HOSPITAL,Abbott Northwestern Hospital,MINNEAPOLIS,MN,3,1.0,0.0,0.0,True,False,6,0.0,,,-9.596234000000003,7342,138768167.0,0.0,2026,2024
240069,OWATONNA HOSPITAL,Owatonna Hospital,OWATONNA,MN,4,1.0,0.0,0.0,True,False,5,0.0,,,-0.09775300000000069,553,5322731.0,0.0,2026,2024
270049,INTERMOUNTAIN HEALTH ST VINCENT REGIONAL HOSPITAL,Intermountain Health St Vincent Regional Hospital,BILLINGS,MT,2,1.0,0.0,0.0,True,False,6,0.0,,,-24.639983999999995,3412,55060036.0,0.0,2026,2024
320074,LOVELACE WESTSIDE HOSPITAL,Lovelace Westside Hospital,ALBUQUERQUE,NM,2,1.0,0.0,0.0,True,False,5,0.0,,,,411,3631436.0,0.0,2026,2024
380047,ST CHARLES MEDICAL CENTER - BEND,St Charles Bend Campus,BEND,OR,2,1.0,0.0,0.0,True,False,6,0.0,,,-25.93794600000001,5440,113813373.0,0.0,2026,2024
390322,ROTHMAN ORTHOPAEDIC SPECIALTY HOSPITAL,Rothman Orthopaedic Specialty Hospital Llc,BENSALEM,PA,1,1.0,0.0,0.0,True,False,1,0.0,,,-7.32744,205,2956280.0,0.0,2026,2024
190013,WEST CALCASIEU CAMERON HOSPITAL,West Calcasieu Cameron Hospital,SULPHUR,LA,3,1.0,0.0,0.0,True,False,5,0.0,,,,503,4401630.0,0.0,2026,2024
190241,PHYSICIANS MEDICAL CENTER,Physicians Medical Center,HOUMA,LA,1,1.0,0.0,0.0,True,False,1,0.0,,,,23,509038.0,0.0,2026,2024
230108,UP HEALTH SYSTEM PORTAGE,Up Health System Portage,HANCOCK,MI,3,1.0,0.0,0.0,True,False,5,0.0,,,,282,3672280.0,0.0,2026,2024
050710,KAISER FOUNDATION HOSPITAL - FRESNO,Kaiser Foundation Hospital - Fresno,FRESNO,CA,3,1.0,0.0,0.0,True,False,4,0.0,,,,284,3198005.0,0.0,2026,2024
060012,ST MARY-CORWIN HOSPITAL,St Mary-Corwin Hospital,PUEBLO,CO,4,1.0,0.0,0.0,True,False,4,0.0,,,,372,5968208.0,0.0,2026,2024
060022,UCH-MEMORIAL HEALTH SYSTEM,University Colo Health Memorial Hospital Central,COLORADO SPRINGS,CO,3,1.0,0.0,0.0,True,False,6,0.0,,,-32.182742000000005,6118,88923332.0,0.0,2026,2024
060049,UCHEALTH YAMPA VALLEY MEDICAL CENTER,Uchealth Yampa Valley Medical Center,STEAMBOAT SPRINGS,CO,1,1.0,0.0,0.0,True,False,6,0.0,,,,241,5779825.0,0.0,2026,2024
060124,ORTHOCOLORADO HOSP AT ST ANTHONY MED CAMPUS,Orthocolorado Hosp At St Anthony Med Campus,LAKEWOOD,CO,1,1.0,0.0,0.0,True,False,2,0.0,,,,233,6647165.0,0.0,2026,2024
330259,MERCY MEDICAL CENTER,Mercy Medical Center,ROCKVILLE CENTRE,NY,5,1.0,0.0,0.0,True,False,5,0.0,,,-3.84036,2479,35624776.0,0.0,2026,2024
340075,"BLUE RIDGE HEALTHCARE HOSPITALS, INC",Unc Health Blue Ridge,MORGANTON,NC,4,1.0,0.0,0.0,True,False,5,0.0,,,-2.396404999999995,1505,15671656.0,0.0,2026,2024
340156,CHEROKEE INDIAN HOSPITAL AUTHORITY,Cherokee Indian Hospital Authority,CHEROKEE,NC,2,1.0,0.0,0.0,True,False,4,0.0,,,,107,1183615.0,0.0,2026,2024
360054,HOLZER MEDICAL CENTER,Holzer Medical Center,GALLIPOLIS,OH,4,1.0,0.0,0.0,True,False,5,0.0,,,-4.766033999999996,917,8402383.0,0.0,2026,2024
360361,KINGS DAUGHTERS MEDICAL CENTER OHIO,Kings Daughters Medical Center Ohio,PORTSMOUTH,OH,3,1.0,0.0,0.0,True,False,1,0.0,,,,21,207981.0,0.0,2026,2024
360374,MERCY HEALTH KINGS MILLS HOSPITAL LLC,Mercy Health Kings Mills Hospital Llc,MASON,OH,1,1.0,0.0,0.0,True,False,5,0.0,,,,276,1875924.0,0.0,2026,2024
450144,PERMIAN REGIONAL MEDICAL CENTER ANDREWS COUNTY HO,Permian Regional Medical Center Andrews County Ho,ANDREWS,TX,1,1.0,0.0,0.0,True,False,4,0.0,,,,54,881132.0,0.0,2026,2024
450236,CHRISTUS MOTHER FRANCES HOSPITAL SULPHUR SPRINGS,Christus Mother Frances Hospital Sulphur Springs,SULPHUR SPRINGS,TX,2,1.0,0.0,0.0,True,False,5,0.0,,,-3.1723509999999973,911,10098647.0,0.0,2026,2024
450698,LAMB HEALTHCARE CENTER,Lamb Healthcare Center,LITTLEFIELD,TX,4,1.0,0.0,0.0,True,False,3,0.0,,,,38,609998.0,0.0,2026,2024
450825,CORNERSTONE REGIONAL HOSPITAL,Cornerstone Regional Hospital,EDINBURG,TX,4,1.0,0.0,0.0,True,False,1,0.0,,,,19,710097.0,0.0,2026,2024
450891,TEXAS HEALTH CENTER FOR DIAGNOSTICS & SURGERY PLAN,Texas Health Center For Diagnostics & Surgery Plan,PLANO,TX,1,1.0,0.0,0.0,True,False,1,0.0,,,,38,692268.0,0.0,2026,2024
490094,BON SECOURS RICHMOND COMMUNITY HOSPITAL,Bon Secours Richmond Community Hospital,RICHMOND,VA,5,1.0,0.0,0.0,True,False,3,0.0,,,,151,1773490.0,0.0,2026,2024
140100,"MIDWESTERN REGION MED CENTER, INC","Midwestern Region Med Center, Inc",ZION,IL,1,1.0,0.0,0.0,True,False,3,0.0,,,,172,7130815.0,0.0,2026,2024
140110,OSF SAINT ELIZABETH MDL CTR,Osf Saint Elizabeth Medical Center,PERU,IL,4,1.0,0.0,0.0,True,False,5,0.0,,,-2.791272000000003,1622,16067210.0,0.0,2026,2024
150153,ST VINCENT HEART CENTER,Ascension St Vincent Heart Center,CARMEL,IN,1,1.0,0.0,0.0,True,False,5,0.0,,,-13.766234999999995,1393,33979583.0,0.0,2026,2024
670062,BAYLOR SCOTT & WHITE EMERGENCY HOSPITAL,Baylor Scott & White Emergency Hospital,AUBREY,TX,1,1.0,0.0,0.0,True,False,3,0.0,,,,78,418693.0,0.0,2026,2024
030037,HONORHEALTH TEMPE MEDICAL CENTER,Honorhealth Tempe Medical Center,PHOENIX,AZ,5,1.0,0.0,0.0,True,False,5,0.0,,,,152,2259135.0,0.0,2026,2024
030078,PHOENIX INDIAN MEDICAL CENTER,Phoenix Indian Medical Center,PHOENIX,AZ,5,1.0,0.0,0.0,True,False,3,0.0,,,,134,2565187.0,0.0,2026,2024
030113,WHITERIVER PHS INDIAN HOSPITAL,Whiteriver Phs Indian Hospital,WHITERIVER,AZ,5,1.0,0.0,0.0,True,False,3,0.0,,,,199,2453973.0,0.0,2026,2024
240010,MAYO CLINIC HOSPITAL ROCHESTER,Mayo Clinic Hospital Rochester,ROCHESTER,MN,2,1.0,0.0,0.0,True,False,6,0.0,,,-87.32910900000002,16039,450092828.0,0.0,2026,2024
430091,BLACK HILLS SURGICAL HOSPITAL LLC,Black Hills Surgical Hospital Llc,RAPID CITY,SD,1,1.0,0.0,0.0,True,False,1,0.0,,,-14.32809,864,13837978.0,0.0,2026,2024
440068,STARR REGIONAL MEDICAL CENTER ATHENS,Starr Regional Medical Center Athens,ATHENS,TN,3,1.0,0.0,0.0,True,False,5,0.0,,,-0.9345920000000013,496,5124089.0,0.0,2026,2024
160146,ST LUKES REGIONAL MEDICAL CENTER,St Lukes Regional Medical Center,SIOUX CITY,IA,4,1.0,0.0,0.0,True,False,5,0.0,,,-6.1128409999999995,2126,23189717.0,0.0,2026,2024
180024,SPRING VIEW HOSPITAL,Spring View Hospital,LEBANON,KY,4,1.0,0.0,0.0,True,False,5,0.0,,,,249,2621991.0,0.0,2026,2024
190064,OUR LADY OF THE LAKE REGIONAL MEDICAL CENTER,Our Lady Of The Lake Regional Medical Center,BATON ROUGE,LA,4,1.0,0.0,0.0,True,False,6,0.0,,,-9.643378000000002,5638,82239855.0,0.0,2026,2024
190128,WOMANS HOSPITAL,Womans Hospital,BATON ROUGE,LA,4,1.0,0.0,0.0,True,False,1,0.0,,,,76,1301110.0,0.0,2026,2024
190245,MONROE SURGICAL HOSPITAL,Monroe Surgical Hospital,MONROE,LA,1,1.0,0.0,0.0,True,False,3,0.0,,,,43,407761.0,0.0,2026,2024
190251,SURGICAL SPECIALTY CENTER OF BATON ROUGE,Surgical Specialty Center Of Baton Rouge,BATON ROUGE,LA,1,1.0,0.0,0.0,True,False,1,0.0,,,,64,1060735.0,0.0,2026,2024
190270,OUR LADY OF THE LAKE SURGICAL HOSPITAL,Our Lady Of The Lake Surgical Hospital,SLIDELL,LA,3,1.0,0.0,0.0,True,False,3,0.0,,,,113,1731408.0,0.0,2026,2024
200034,ST MARY'S REGIONAL MEDICAL CENTER,St Mary's Regional Medical Center,LEWISTON,ME,5,1.0,0.0,0.0,True,False,5,0.0,,,,407,4237441.0,0.0,2026,2024
050686,"KAISER FOUNDATION HOSPITAL, RIVERSIDE","Kaiser Foundation Hospital, Riverside",RIVERSIDE,CA,3,1.0,0.0,0.0,True,False,4,0.0,,,,416,5770699.0,0.0,2026,2024
050765,KAISER FOUNDATION HOSPITAL-MORENO VALLEY,Kaiser Foundation Hospital-Moreno Valley,MORENO VALLEY,CA,3,1.0,0.0,0.0,True,False,3,0.0,,,,147,1692023.0,0.0,2026,2024
060128,LONGS PEAK HOSPITAL,Longs Peak Hospital,LONGMONT,CO,2,1.0,0.0,0.0,True,False,5,0.0,,,-3.596433000000002,1095,12229580.0,0.0,2026,2024
070007,LAWRENCE & MEMORIAL HOSPITAL,Lawrence & Memorial Hospital,NEW LONDON,CT,2,1.0,0.0,0.0,True,False,5,0.0,,,-11.742606000000002,3024,41045157.0,0.0,2026,2024
090008,UNITED MEDICAL CENTER,United Medical Center,WASHINGTON,DC,5,1.0,0.0,0.0,True,False,4,0.0,,,-0.661247999999996,651,10335396.0,0.0,2026,2024
330136,BASSETT HEALTHCARE,Mary Imogene Bassett Hospital,COOPERSTOWN,NY,4,1.0,0.0,0.0,True,False,6,0.0,,,-6.304507000000006,2574,50172796.0,0.0,2026,2024
330214,NYU LANGONE HOSPITALS,Nyu Langone Hospitals,NEW YORK,NY,5,1.0,0.0,0.0,True,False,6,0.0,,,-238.116653,27541,733382196.0,0.0,2026,2024
340195,NOVANT HEALTH BALLANTYNE MEDICAL CENTER,Novant Health Ballantyne Medical Center,CHARLOTTE,NC,1,1.0,0.0,0.0,True,False,5,0.0,,,,579,3708041.0,0.0,2026,2024
360032,GRAND LAKE HEALTH SYSTEM,Grand Lake Health System,SAINT MARYS,OH,2,1.0,0.0,0.0,True,False,5,0.0,,,-1.413588000000002,418,3695152.0,0.0,2026,2024
450399,BROWNFIELD REGIONAL MEDICAL CENTER,Brownfield Regional Medical Center,BROWNFIELD,TX,2,1.0,0.0,0.0,True,False,4,0.0,,,,50,589464.0,0.0,2026,2024
450883,BAYLOR MEDICAL CENTER AT TROPHY CLUB,Baylor Medical Center At Trophy Club,TROPHY CLUB,TX,1,1.0,0.0,0.0,True,False,1,0.0,,,,119,2191934.0,0.0,2026,2024
460004,INTERMOUNTAIN HEALTH MCKAY-DEE HOSPITAL,Mckay-Dee Hospital,OGDEN,UT,2,1.0,0.0,0.0,True,False,6,0.0,,,-17.526636000000003,3164,44408024.0,0.0,2026,2024
460007,INTERMOUNTAIN HEALTH CEDAR CITY HOSPITAL,Cedar City Hospital,CEDAR CITY,UT,2,1.0,0.0,0.0,True,False,5,0.0,,,,400,5126451.0,0.0,2026,2024
100316,PALM BAY HOSPITAL,Palm Bay Hospital,PALM BAY,FL,2,1.0,0.0,0.0,True,False,5,0.0,,,-9.291224999999997,2248,20807013.0,0.0,2026,2024
130049,KOOTENAI HEALTH,Kootenai Health,COEUR D'ALENE,ID,2,1.0,0.0,0.0,True,False,6,0.0,,,-30.30646299999999,5203,75822492.0,0.0,2026,2024
140053,ST JOHNS HOSPITAL,St Johns Hospital,SPRINGFIELD,IL,4,1.0,0.0,0.0,True,False,6,0.0,,,-18.429653000000005,4665,69865838.0,0.0,2026,2024
140300,PROVIDENT HOSPITAL OF CHICAGO,Provident Hospital Of Chicago,CHICAGO,IL,5,1.0,0.0,0.0,True,False,3,0.0,,,,112,8349156.0,0.0,2026,2024
150166,PINNACLE HOSPITAL,Pinnacle Hospital,CROWN POINT,IN,1,1.0,0.0,0.0,True,False,4,0.0,,,,222,4848320.0,0.0,2026,2024
500014,PROVIDENCE REGIONAL MEDICAL CENTER EVERETT,Providence Regional Medical Center Everett,EVERETT,WA,3,1.0,0.0,0.0,True,False,6,0.0,,,-12.961208999999982,4775,70818734.0,0.0,2026,2024
500041,PEACEHEALTH ST JOHN MEDICAL CENTER,Peacehealth St John Medical Center,LONGVIEW,WA,3,1.0,0.0,0.0,True,False,5,0.0,,,-5.388774000000005,1412,17905587.0,0.0,2026,2024
520189,AURORA MEDICAL CENTER KENOSHA,Aurora Medical Ctr Kenosha,KENOSHA,WI,4,1.0,0.0,0.0,True,False,5,0.0,,,-3.271760000000005,1965,22128661.0,0.0,2026,2024
670322,LEGENT SURGICAL HOSPITAL PLANO,Legent Surgical Hospital Plano,PLANO,TX,1,1.0,0.0,0.0,True,False,1,0.0,,,,30,600258.0,0.0,2026,2024
010091,GROVE HILL MEMORIAL HOSPITAL,Grove Hill Memorial Hospital,GROVE HILL,AL,4,1.0,0.0,0.0,True,False,3,0.0,,,,37,298452.0,0.0,2026,2024
010128,JACKSON MEDICAL CENTER,Jackson Medical Center,JACKSON,AL,3,1.0,0.0,0.0,True,False,3,0.0,,,,129,658780.0,0.0,2026,2024
050192,ADVENTIST HEALTH REEDLEY,Adventist Health Reedley,REEDLEY,CA,5,1.0,0.0,0.0,True,False,4,0.0,,,,90,2418327.0,0.0,2026,2024
230264,SOUTHEAST MICHIGAN SURGICAL HOSPITAL LLC,Insight Surgical Hospital,WARREN,MI,5,1.0,0.0,0.0,True,False,1,0.0,,,,19,416573.0,0.0,2026,2024
250127,CHOCTAW HEALTH CENTER,Choctaw Health Center,PHILADELPHIA,MS,5,1.0,0.0,0.0,True,False,3,0.0,,,,33,327958.0,0.0,2026,2024
380056,SANTIAM HOSPITAL & CLINICS,Santiam Hospital & Clinics,STAYTON,OR,3,1.0,0.0,0.0,True,False,5,1.0,,,,165,2943337.0,0.0,2026,2024
390086,PENN HIGHLANDS DUBOIS,Penn Highlands Dubois,DUBOIS,PA,3,1.0,0.0,0.0,True,False,6,0.0,,,-11.780005,2459,27819375.0,0.0,2026,2024
390323,ADVANCED SURGICAL HOSPITAL,Advanced Surgical Hospital,WASHINGTON,PA,1,1.0,0.0,0.0,True,False,1,0.0,,,,181,2008263.0,0.0,2026,2024
440060,WEST TENNESSEE HEALTHCARE MILAN HOSPITAL,West Tennessee Healthcare Milan Hospital,MILAN,TN,3,1.0,0.0,0.0,True,False,3,0.0,,,,161,1682689.0,0.0,2026,2024
170142,"ASCENSION VIA CHRISTI HOSPITAL MANHATTAN, INC","Ascension Via Christi Hospital Manhattan, Inc",MANHATTAN,KS,1,1.0,0.0,0.0,True,False,5,0.0,,,-5.556292999999998,1215,11911027.0,0.0,2026,2024
190025,SAVOY MEDICAL CENTER,Savoy Medical Center,MAMOU,LA,5,1.0,0.0,0.0,True,False,4,0.0,,,,163,1149487.0,0.0,2026,2024
050726,STANISLAUS SURGICAL HOSPITAL,Stanislaus Surgical Hospital,MODESTO,CA,3,1.0,0.0,0.0,True,False,1,0.0,,,,13,288505.0,0.0,2026,2024
050748,KAISER FOUNDATION HOSPITAL MANTECA,Kaiser Foundation Hospital Manteca,MANTECA,CA,2,1.0,0.0,0.0,True,False,4,0.0,,,,511,5572581.0,0.0,2026,2024
050780,FOOTHILL REGIONAL MEDICAL CENTER,Foothill Regional Medical Center,TUSTIN,CA,5,1.0,0.0,0.0,True,False,5,0.0,,,-0.8935679999999969,1497,21472835.0,0.0,2026,2024
060023,INTERMOUNTAIN HEALTH ST. MARY'S REGIONAL HOSPITAL,Intermountain Health St. Mary's Regional Hospital,GRAND JUNCTION,CO,3,1.0,0.0,0.0,True,False,6,0.0,,,-12.415393000000003,2880,55228763.0,0.0,2026,2024
060044,ST ELIZABETH HOSPITAL,St Elizabeth Hospital,FORT MORGAN,CO,3,1.0,0.0,0.0,True,False,5,0.0,,,,228,3252062.0,0.0,2026,2024
060114,AdventHealth Parker,Adventhealth Parker,PARKER,CO,1,1.0,0.0,0.0,True,False,5,0.0,,,-2.825569000000001,1927,25789365.0,0.0,2026,2024
060129,UCHEALTH BROOMFIELD HOSPITAL,Uchealth Broomfield Hospital,BROOMFIELD,CO,3,1.0,0.0,0.0,True,False,4,0.0,,,,91,1354130.0,0.0,2026,2024
330086,MONTEFIORE MOUNT VERNON HOSPITAL,Montefiore Mount Vernon Hospital,MOUNT VERNON,NY,5,1.0,0.0,0.0,True,False,4,0.0,,,,391,4510060.0,0.0,2026,2024
330221,WYCKOFF HEIGHTS MEDICAL CENTER,Wyckoff Heights Medical Center,BROOKLYN,NY,5,1.0,0.0,0.0,True,False,5,0.0,,,0.037555000000001226,1185,23318755.0,0.0,2026,2024
340023,ADVENTHEALTH HENDERSONVILLE,Adventhealth Hendersonville,HENDERSONVILLE,NC,2,1.0,0.0,0.0,True,False,5,0.0,,,-3.7388889999999977,1179,11814303.0,0.0,2026,2024
340085,NOVANT HEALTH THOMASVILLE MEDICAL CENTER,Novant Health Thomasville Medical Center,THOMASVILLE,NC,4,1.0,0.0,0.0,True,False,5,0.0,,,-0.8063580000000018,391,4390394.0,0.0,2026,2024
440218,SAINT THOMAS HOSPITAL FOR SPINAL SURGERY,Saint Thomas Hospital For Specialty Surgery,NASHVILLE,TN,1,1.0,0.0,0.0,True,False,1,0.0,,,,359,8149316.0,0.0,2026,2024
450358,HOUSTON METHODIST HOSPITAL,Houston Methodist Hospital,HOUSTON,TX,1,1.0,0.0,0.0,True,False,6,0.0,,,-39.146797999999976,11771,262763092.0,0.0,2026,2024
450597,CUERO REGIONAL HOSPITAL,Cuero Regional Hospital,CUERO,TX,3,1.0,0.0,0.0,True,False,4,0.0,,,,121,1415904.0,0.0,2026,2024
450755,COVENANT HOSPITAL LEVELLAND,Covenant Hospital Levelland,LEVELLAND,TX,1,1.0,0.0,0.0,True,False,3,0.0,,,,65,1090363.0,0.0,2026,2024
450804,TEXAS ORTHOPEDIC HOSPITAL,Texas Orthopedic Hospital,HOUSTON,TX,1,1.0,0.0,0.0,True,False,1,0.0,,,-18.959885999999994,681,14602427.0,0.0,2026,2024
130065,MOUNTAIN VIEW HOSPITAL,Mountain View Hospital,IDAHO FALLS,ID,1,1.0,0.0,0.0,True,False,1,0.0,,,,180,3017163.0,0.0,2026,2024
140137,HSHS HOLY FAMILY HOSPITAL INC,Hshs Holy Family Hospital,GREENVILLE,IL,5,1.0,0.0,0.0,True,False,4,0.0,,,,132,1317950.0,0.0,2026,2024
140210,HARRISBURG MEDICAL CENTER,Harrisburg Medical Center,HARRISBURG,IL,5,1.0,0.0,0.0,True,False,5,0.0,,,,269,3046173.0,0.0,2026,2024
150160,ORTHOINDY HOSPITAL,Orthoindy Hospital,INDIANAPOLIS,IN,1,1.0,0.0,0.0,True,False,1,0.0,,,-8.882125999999998,414,7365905.0,0.0,2026,2024
500021,ST CLARE HOSPITAL,St Clare Hospital,LAKEWOOD,WA,5,1.0,0.0,0.0,True,False,5,0.0,,,-2.2684089999999997,1336,15683208.0,0.0,2026,2024
520194,ORTHOPAEDIC HOSPITAL OF WISCONSIN,Orthopaedic Hospital Of Wisconsin,GLENDALE,WI,1,1.0,0.0,0.0,True,False,1,0.0,,,-6.790570000000002,293,3687500.0,0.0,2026,2024
520212,MARSHFIELD MEDICAL CENTER - MINOCQUA,Marshfield Medical Center - Minocqua,MINOCQUA,WI,2,1.0,0.0,0.0,True,False,4,0.0,,,-0.4803749999999995,379,3250107.0,0.0,2026,2024
520214,ASCENSION WISCONSIN HOSP MENOMONEE FALLS CAMPUS,Ascension Wisconsin Hosp Menomonee Falls Campus,MENOMONEE FALLS,WI,5,1.0,0.0,0.0,True,False,3,0.0,,,,36,196823.0,0.0,2026,2024
670266,TOWNSEN MEMORIAL HOSPITAL,Townsen Memorial Hospital,HUMBLE,TX,1,1.0,0.0,0.0,True,False,1,0.0,,,,36,590917.0,0.0,2026,2024
030153,EAST VALLEY ER & HOSPITAL,East Valley Er & Hospital,GILBERT,AZ,1,1.0,0.0,0.0,True,False,3,0.0,,,,30,160388.0,0.0,2026,2024
040039,ARKANSAS METHODIST MEDICAL CENTER,Arkansas Methodist Medical Center,PARAGOULD,AR,4,1.0,0.0,0.0,True,False,5,0.0,,,-0.553222000000002,627,5441658.0,0.0,2026,2024
050136,PETALUMA VALLEY HOSPITAL,Petaluma Valley Hospital,PETALUMA,CA,5,1.0,0.0,0.0,True,False,5,0.0,,,-0.13091600000000106,832,12068633.0,0.0,2026,2024
050245,ARROWHEAD REGIONAL MEDICAL CENTER,Arrowhead Regional Medical Center,COLTON,CA,5,1.0,0.0,0.0,True,False,6,0.0,,,-0.7159100000000024,1656,41669984.0,0.0,2026,2024
050257,"GOOD SAMARITAN HOSPITAL, LP",Good Samaritan Hospital,BAKERSFIELD,CA,5,1.0,0.0,0.0,True,False,4,0.0,,,,391,4904087.0,0.0,2026,2024
230301,SURGEONS CHOICE MEDICAL CENTER,Surgeons Choice Medical Center,SOUTHFIELD,MI,2,1.0,0.0,0.0,True,False,1,0.0,,,,222,1845456.0,0.0,2026,2024
250049,BEACHAM MEMORIAL HOSPITAL,Beacham Memorial Hospital,MAGNOLIA,MS,4,1.0,0.0,0.0,True,False,3,0.0,,,,85,417947.0,0.0,2026,2024
250095,SOUTH SUNFLOWER COUNTY HOSPITAL,South Sunflower County Hospital,INDIANOLA,MS,5,1.0,0.0,0.0,True,False,4,0.0,,,,112,1074810.0,0.0,2026,2024
280060,CHI HEALTH BERGAN MERCY,Chi Health Creighton University Medical Center - B,OMAHA,NE,3,1.0,0.0,0.0,True,False,6,0.0,,,-9.852308,3769,73110398.0,0.0,2026,2024
310130,HACKENSACK MERIDIAN HEALTH PASCACK VALLEY MEDICAL,Hackensack Meridian Health Pascack Valley Medical,WESTWOOD,NJ,1,1.0,0.0,0.0,True,False,5,0.0,,,-2.9241430000000035,1242,14265002.0,0.0,2026,2024
320002,CHRISTUS ST VINCENT REGIONAL MEDICAL CENTER,Christus St Vincent Regional Medical Center,SANTA FE,NM,2,1.0,0.0,0.0,True,False,5,0.0,,,-22.132849000000007,2941,53095856.0,0.0,2026,2024
370039,HILLCREST HOSPITAL CLAREMORE,Hillcrest Hospital Claremore,CLAREMORE,OK,3,1.0,0.0,0.0,True,False,5,0.0,,,-1.2921149999999995,463,4037356.0,0.0,2026,2024
410010,WOMEN & INFANTS HOSPITAL OF RHODE ISLAND,Women & Infants Hospital Of Rhode Island,PROVIDENCE,RI,5,1.0,0.0,0.0,True,False,1,0.0,,,,108,2146261.0,0.0,2026,2024
440111,METRO NASHVILLE GENERAL HOSPITAL,Metro Nashville General Hospital,NASHVILLE,TN,5,1.0,0.0,0.0,True,False,4,0.0,,,,107,5664302.0,0.0,2026,2024
170194,ASCENTIST HOSPITAL LLC,Ascentist Hospital Llc,LEAWOOD,KS,4,1.0,0.0,0.0,True,False,1,0.0,,,,54,833006.0,0.0,2026,2024
190106,OAKDALE COMMUNITY HOSPITAL,Oakdale Community Hospital,OAKDALE,LA,5,1.0,0.0,0.0,True,False,3,0.0,,,,130,1276674.0,0.0,2026,2024
190140,FRANKLIN MEDICAL CENTER,Franklin Medical Center,WINNSBORO,LA,5,1.0,0.0,0.0,True,False,5,0.0,,,0.01566400000000101,262,2535031.0,0.0,2026,2024
190302,"OMEGA HOSPITAL, LLC","Omega Hospital, Llc",METAIRIE,LA,1,1.0,0.0,0.0,True,False,1,0.0,,,,24,254663.0,0.0,2026,2024
220088,NEW ENGLAND BAPTIST HOSPITAL,New England Baptist Hospital,BOSTON,MA,1,1.0,0.0,0.0,True,False,2,0.0,,,-47.74992200000001,1831,39516946.0,0.0,2026,2024
050510,KAISER FOUNDATION HOSPITAL,Kaiser Foundation Hospital,SAN RAFAEL,CA,1,1.0,0.0,0.0,True,False,5,0.0,,,,209,2914398.0,0.0,2026,2024
050690,KAISER FOUNDATION HOSPITAL-SANTA ROSA,Kaiser Foundation Hospital-Santa Rosa,SANTA ROSA,CA,2,1.0,0.0,0.0,True,False,5,0.0,,,,295,3332555.0,0.0,2026,2024
060010,POUDRE VALLEY HOSPITAL,Poudre Valley Hospital,FORT COLLINS,CO,2,1.0,0.0,0.0,True,False,5,0.0,,,-12.042663000000006,2593,32790539.0,0.0,2026,2024
330033,CHENANGO MEMORIAL HOSPITAL,Chenango Memorial Hospital,NORWICH,NY,5,1.0,0.0,0.0,True,False,5,0.0,,,0.08123600000000025,325,4839266.0,0.0,2026,2024
330180,"SAMARITAN HOSPITAL OF TROY, NEW YORK",Samaritan Hospital,TROY,NY,5,1.0,0.0,0.0,True,False,5,0.0,,,-9.963789000000007,2215,29636276.0,0.0,2026,2024
330270,HOSPITAL FOR SPECIAL SURGERY,Hospital For Special Surgery,NEW YORK,NY,1,1.0,0.0,0.0,True,False,1,0.0,,,-52.50667300000002,3447,91032521.0,0.0,2026,2024
340003,NORTHERN REGIONAL HOSPITAL,Northern Regional Hospital,MOUNT AIRY,NC,3,1.0,0.0,0.0,True,False,5,0.0,,,-1.4934709999999962,829,7705271.0,0.0,2026,2024
340113,CAROLINAS MEDICAL CENTER/BEHAV HEALTH,Carolinas Medical Center/Behav Health,CHARLOTTE,NC,4,1.0,0.0,0.0,True,False,6,0.0,,,-12.194130000000015,8155,181254365.0,0.0,2026,2024
340123,RANDOLPH HOSPITAL,Randolph Hospital,ASHEBORO,NC,3,1.0,0.0,0.0,True,False,5,0.0,,,-0.6450619999999989,601,6542292.0,0.0,2026,2024
440238,HAYWOOD COUNTY COMMUNITY HOSPITAL,Haywood County Community Hospital,BROWNSVILLE,TN,3,1.0,0.0,0.0,True,False,1,0.0,,,,105,1034315.0,0.0,2026,2024
450035,ST JOSEPH MEDICAL CENTER,St Joseph Medical Center,HOUSTON,TX,4,1.0,0.0,0.0,True,False,6,0.0,,,,206,4013628.0,0.0,2026,2024
450460,TYLER COUNTY HOSPITAL,Tyler County Hospital,WOODVILLE,TX,3,1.0,0.0,0.0,True,False,3,0.0,,,,68,708935.0,0.0,2026,2024
450465,MATAGORDA REGIONAL MEDICAL CENTER,Matagorda Regional Medical Center,BAY CITY,TX,3,1.0,0.0,0.0,True,False,4,0.0,,,-1.9253820000000021,372,5078584.0,0.0,2026,2024
460058,INTERMOUNTAIN HEALTH RIVERTON HOSPITAL,Riverton Hospital,RIVERTON,UT,1,1.0,0.0,0.0,True,False,5,0.0,,,,550,4962256.0,0.0,2026,2024
490043,INOVA LOUDOUN HOSPITAL,Inova Loudoun Hospital,LEESBURG,VA,1,1.0,0.0,0.0,True,False,5,0.0,,,-39.637212,4552,49778578.0,0.0,2026,2024
490090,"SOUTHSIDE COMMUNITY HOSPITAL, INC","Southside Community Hospital, Inc",FARMVILLE,VA,4,1.0,0.0,0.0,True,False,5,0.0,,,-4.874543000000003,820,7789310.0,0.0,2026,2024
140197,METHODIST HOSPITAL OF CHICAGO,Methodist Hospital Of Chicago,CHICAGO,IL,5,1.0,0.0,0.0,True,False,2,0.0,,,,162,1492886.0,0.0,2026,2024
510086,WELCH COMMUNITY HOSPITAL,Welch Community Hospital,WELCH,WV,4,1.0,0.0,0.0,True,False,4,0.0,,,,98,1444206.0,0.0,2026,2024
670068,TEXAS HEALTH PRESBYTERIAN HOSPITAL FLOWER MOUND,Texas Health Presbyterian Hospital Flower Mound,FLOWER MOUND,TX,1,1.0,0.0,0.0,True,False,5,0.0,,,-2.3721580000000007,1234,13708873.0,0.0,2026,2024
670320,EAST HOUSTON MEDICAL CENTER,East Houston Medical Center,HOUSTON,TX,1,1.0,0.0,0.0,True,False,1,0.0,,,,17,90532.0,0.0,2026,2024
010058,BIBB MEDICAL CENTER,Bibb Medical Center,CENTREVILLE,AL,4,1.0,0.0,0.0,True,False,4,0.0,,,,94,986090.0,0.0,2026,2024
010114,"MEDICAL WEST, AN AFFILIATE OF UAB HEALTH SYSTEM","Medical West, An Affiliate Of Uab Health System",BESSEMER,AL,2,1.0,0.0,0.0,True,False,5,0.0,,,-0.8514430000000015,1040,9676111.0,0.0,2026,2024
030073,TUBA CITY REGIONAL HEALTH CARE CORPORATION,Tuba City Regional Health Care Corporation,TUBA CITY,AZ,5,1.0,0.0,0.0,True,False,4,0.0,,,,437,7343607.0,0.0,2026,2024
030074,SELLS HOSPITAL,Sells Hospital,SELLS,AZ,5,1.0,0.0,0.0,True,False,1,0.0,,,,54,819318.0,0.0,2026,2024
040022,NORTHWEST MEDICAL CENTER-SPRINGDALE,Northwest Medical Center,SPRINGDALE,AR,3,1.0,0.0,0.0,True,False,6,0.0,,,-10.108595,1882,19844651.0,0.0,2026,2024
050305,ALTA BATES SUMMIT MEDICAL CENTER - ALTA BATES CAMP,Alta Bates Summit Medical Center - Alta Bates Camp,BERKELEY,CA,5,1.0,0.0,0.0,True,False,5,0.0,,,-6.101075999999998,2207,43948270.0,0.0,2026,2024
050327,LOMA LINDA UNIVERSITY MEDICAL CENTER,Loma Linda University Medical Center,LOMA LINDA,CA,5,1.0,0.0,0.0,True,False,6,0.0,,,-2.4070279999999906,4585,152767401.0,0.0,2026,2024
230230,EDWARD W SPARROW HOSPITAL,University Of Michigan Health-Sparrow Lansing,LANSING,MI,3,1.0,0.0,0.0,True,False,6,0.0,,,-20.612110000000012,3908,55100887.0,0.0,2026,2024
230236,UNIVERSITY OF MICHIGAN HEALTH - WEST,University Of Michigan Health - West,WYOMING,MI,3,1.0,0.0,0.0,True,False,6,0.0,,,-2.1204300000000003,1445,20663275.0,0.0,2026,2024
240166,MAYO CLINIC HEALTH SYSTEM - FAIRMONT,Mayo Clinic Health System - Fairmont,FAIRMONT,MN,3,1.0,0.0,0.0,True,False,5,0.0,,,-1.9867209999999997,420,4890694.0,0.0,2026,2024
260057,CAMERON REGIONAL MEDICAL CENTER,Cameron Regional Medical Center,CAMERON,MO,4,1.0,0.0,0.0,True,False,5,0.0,,,-1.0220580000000006,434,3740578.0,0.0,2026,2024
280129,NEBRASKA ORTHOPAEDIC HOSPITAL,Orthonebraska Hospital,OMAHA,NE,1,1.0,0.0,0.0,True,False,1,0.0,,,,151,3590629.0,0.0,2026,2024
310015,MORRISTOWN MEDICAL CENTER,Morristown Medical Center,MORRISTOWN,NJ,1,1.0,0.0,0.0,True,False,6,0.0,,,-112.594303,13598,253336055.0,0.0,2026,2024
310092,CAPITAL HEALTH REGIONAL MEDICAL CENTER,Capital Health Regional Medical Center,TRENTON,NJ,5,1.0,0.0,0.0,True,False,5,0.0,,,0.39771499999999865,1821,35891620.0,0.0,2026,2024
370173,CLAREMORE INDIAN HOSPITAL,Claremore Indian Hospital,CLAREMORE,OK,1,1.0,0.0,0.0,True,False,3,0.0,,,,57,832895.0,0.0,2026,2024
370178,MEMORIAL HOSPITAL,Memorial Hospital,STILWELL,OK,5,1.0,0.0,0.0,True,False,4,0.0,,,,95,563220.0,0.0,2026,2024
370225,"SUMMIT MEDICAL CENTER, LLC","Summit Medical Center, Llc",EDMOND,OK,1,1.0,0.0,0.0,True,False,3,0.0,,,,51,470850.0,0.0,2026,2024
380005,ASANTE ASHLAND COMMUNITY HOSPITAL,Asante Ashland Community Hospital,ASHLAND,OR,3,1.0,0.0,0.0,True,False,5,0.0,,,,304,3229140.0,0.0,2026,2024
380022,SAMARITAN ALBANY GENERAL HOSPITAL,Samaritan Albany General Hospital,ALBANY,OR,3,1.0,0.0,0.0,True,False,5,0.0,,,,395,4653640.0,0.0,2026,2024
380102,SACRED HEART MEDICAL CENTER - RIVERBEND,Sacred Heart Medical Center  Riverbend,SPRINGFIELD,OR,3,1.0,0.0,0.0,True,False,6,0.0,,,-21.786714999999997,4676,80521557.0,0.0,2026,2024
390327,WELLSPAN SURGERY AND REHABILITATION HOSPITAL,Wellspan Surgery And Rehabilitation Hospital,YORK,PA,3,1.0,0.0,0.0,True,False,5,0.0,,,,64,1737803.0,0.0,2026,2024
410004,ROGER WILLIAMS MEDICAL CENTER,Roger Williams Medical Center,PROVIDENCE,RI,5,1.0,0.0,0.0,True,False,5,0.0,,,-1.7873800000000035,743,10436386.0,0.0,2026,2024
430084,PHS INDIAN HOSPITAL AT ROSEBUD,Phs Indian Hospital At Rosebud,ROSEBUD,SD,5,1.0,0.0,0.0,True,False,3,0.0,,,,82,957000.0,0.0,2026,2024
160058,UNIVERSITY OF IOWA HOSPITAL & CLINICS,University Of Iowa Health Care Medical Center,IOWA CITY,IA,3,1.0,0.0,0.0,True,False,6,0.0,,,-9.944684000000022,7467,179243381.0,0.0,2026,2024
160067,MERCYONE WATERLOO MEDICAL CENTER,Mercyone Waterloo Medical Center,WATERLOO,IA,3,1.0,0.0,0.0,True,False,5,0.0,,,-5.441776000000001,1369,14324614.0,0.0,2026,2024
190255,PARK PLACE SURGICAL HOSPITAL,Park Place Surgical Hospital,LAFAYETTE,LA,1,1.0,0.0,0.0,True,False,1,0.0,,,,58,780543.0,0.0,2026,2024
050417,SUTTER COAST HOSPITAL,Sutter Coast Hospital,CRESCENT CITY,CA,5,1.0,0.0,0.0,True,False,5,0.0,,,-1.0013539999999965,827,14896626.0,0.0,2026,2024
050604,KAISER FOUNDATION HOSPITAL-SAN JOSE,Kaiser Foundation Hospital-San Jose,SAN JOSE,CA,2,1.0,0.0,0.0,True,False,5,0.0,,,,573,8008211.0,0.0,2026,2024
060103,ADVENTHEALTH AVISTA,Adventhealth Avista,LOUISVILLE,CO,1,1.0,0.0,0.0,True,False,5,0.0,,,,368,6834435.0,0.0,2026,2024
060117,"ANIMAS SURGICAL HOSPITAL, LLC","Animas Surgical Hospital, Llc",DURANGO,CO,1,1.0,0.0,0.0,True,False,1,0.0,,,,37,575361.0,0.0,2026,2024
070031,GRIFFIN HOSPITAL,Griffin Hospital,DERBY,CT,2,1.0,0.0,0.0,True,False,5,0.0,,,-3.375678000000006,1383,17997783.0,0.0,2026,2024
100132,SOUTH FLORIDA BAPTIST HOSPITAL,South Florida Baptist Hospital,PLANT CITY,FL,3,1.0,0.0,0.0,True,False,5,0.0,,,-4.478110000000004,1260,14586563.0,0.0,2026,2024
360185,SALEM REGIONAL MEDICAL CENTER,Salem Regional Medical Center,SALEM,OH,3,1.0,0.0,0.0,True,False,5,0.0,,,-1.719697,515,5528531.0,0.0,2026,2024
360368,KETTERING HEALTH TROY,Kettering Health Troy,TROY,OH,2,1.0,0.0,0.0,True,False,4,0.0,,,-0.8087080000000024,515,3805965.0,0.0,2026,2024
450162,GRACE SURGICAL HOSPITAL,Grace Surgical Hospital,LUBBOCK,TX,1,1.0,0.0,0.0,True,False,2,0.0,,,,60,1255057.0,0.0,2026,2024
450475,UT HEALTH EAST TEXAS HENDERSON HOSPITAL,Ut Health East Texas Henderson Hospital,HENDERSON,TX,2,1.0,0.0,0.0,True,False,5,0.0,,,,237,2580681.0,0.0,2026,2024
450872,USMD HOSPITAL AT ARLINGTON L P,Usmd Hospital At Arlington L P,ARLINGTON,TX,1,1.0,0.0,0.0,True,False,3,0.0,,,,126,1447665.0,0.0,2026,2024
460039,BEAR RIVER VALLEY HOSPITAL,Bear River Valley Hospital,TREMONTON,UT,1,1.0,0.0,0.0,True,False,4,0.0,,,,61,802528.0,0.0,2026,2024
490126,LEWISGALE HOSPITAL ALLEGHANY,Lewisgale Hospital Alleghany,LOW MOOR,VA,3,1.0,0.0,0.0,True,False,4,0.0,,,-2.6447280000000037,554,5767714.0,0.0,2026,2024
490130,RIVERSIDE WALTER REED HOSPITAL,Riverside Walter Reed Hospital,GLOUCESTER,VA,2,1.0,0.0,0.0,True,False,5,0.0,,,-3.1298369999999993,918,7900458.0,0.0,2026,2024
150051,INDIANA UNIVERSITY HEALTH BLOOMINGTON HOSPITAL,Iu Health Bloomington Hospital,BLOOMINGTON,IN,4,1.0,0.0,0.0,True,False,6,0.0,,,-27.874243000000014,3150,40880527.0,0.0,2026,2024
520002,"ASPIRUS STEVENS POINT HOSPITAL & CLINICS, INC.",Aspirus Stevens Point Hospital,STEVENS POINT,WI,4,1.0,0.0,0.0,True,False,5,0.0,,,-0.24828600000000214,774,7275660.0,0.0,2026,2024
670090,CRESCENT MEDICAL CENTER LANCASTER,Crescent Medical Center Lancaster,LANCASTER,TX,4,1.0,0.0,0.0,True,False,5,0.0,,,,258,3039855.0,0.0,2026,2024
670265,LEGENT ORTHOPEDIC HOSPITAL,Legent Orthopedic Hospital,GRAPEVINE,TX,1,1.0,0.0,0.0,True,False,1,0.0,,,,91,2138050.0,0.0,2026,2024
010073,CLAY COUNTY HOSPITAL,Clay County Hospital,ASHLAND,AL,4,1.0,0.0,0.0,True,False,4,0.0,,,,119,1042794.0,0.0,2026,2024
030064,BANNER - UNIVERSITY MEDICAL CENTER TUCSON CAMPUS,Banner - University Medical Center Tucson Campus,TUCSON,AZ,4,1.0,0.0,0.0,True,False,6,0.0,,,-5.9213479999999965,4027,93344907.0,0.0,2026,2024
030136,DIGNITY HEALTH - ARIZONA GENERAL HOSPITAL,Dignity Health - Arizona General Hospital,LAVEEN,AZ,5,1.0,0.0,0.0,True,False,2,0.0,,,,85,2966249.0,0.0,2026,2024
040164,UNITY HEALTH - JACKSONVILLE,Unity Health - Jacksonville,JACKSONVILLE,AR,5,1.0,0.0,0.0,True,False,3,0.0,,,,80,621961.0,0.0,2026,2024
050272,REDLANDS COMMUNITY HOSPITAL,Redlands Community Hospital,REDLANDS,CA,5,1.0,0.0,0.0,True,False,5,0.0,,,-0.9087679999999956,1372,23100580.0,0.0,2026,2024
050335,ADVENTIST HEALTH SONORA,Adventist Health Sonora,SONORA,CA,4,1.0,0.0,0.0,True,False,5,0.0,,,-4.305249000000001,2035,38640831.0,0.0,2026,2024
240022,SANFORD WORTHINGTON MEDICAL CENTER,Sanford Worthington Medical Center,WORTHINGTON,MN,3,1.0,0.0,0.0,True,False,4,0.0,,,,250,2952630.0,0.0,2026,2024
250134,WHITFIELD MEDICAL SURGICAL HOSPITAL,Whitfield Medical Surgical Hospital,WHITFIELD,MS,5,1.0,0.0,0.0,True,False,2,0.0,,,,50,293257.0,0.0,2026,2024
260048,TRUMAN MEDICAL CENTER HOSPITAL HILL,University Health Truman Medical Center,KANSAS CITY,MO,5,1.0,0.0,0.0,True,False,5,0.0,,,,753,20157675.0,0.0,2026,2024
260059,MERCY HOSPITAL LEBANON,Mercy Hospital Lebanon,LEBANON,MO,4,1.0,0.0,0.0,True,False,5,0.0,,,,309,3719016.0,0.0,2026,2024
270051,LOGAN HEALTH MEDICAL CENTER,Logan Health Medical Center,KALISPELL,MT,1,1.0,0.0,0.0,True,False,6,0.0,,,-11.946732000000003,2521,35945410.0,0.0,2026,2024
270057,BOZEMAN HEALTH DEACONESS HOSPITAL,Bozeman Health Deaconess Regional Medical Center,BOZEMAN,MT,1,1.0,0.0,0.0,True,False,5,0.0,,,-3.606148999999999,2166,26249483.0,0.0,2026,2024
280032,MARY LANNING HEALTHCARE,Mary Lanning Healthcare,HASTINGS,NE,3,1.0,0.0,0.0,True,False,5,0.0,,,-0.6312600000000012,789,7718354.0,0.0,2026,2024
370037,SSM HEALTH ST ANTHONY HOSPITAL - OKLAHOMA CITY,Ssm Health St Anthony Hospital - Oklahoma City,OKLAHOMA CITY,OK,4,1.0,0.0,0.0,True,False,6,0.0,,,-24.589896,4636,70852473.0,0.0,2026,2024
370057,MUSCOGEE (CREEK) NATION MEDICAL CENTER,Muscogee (Creek) Nation Medical Center,OKMULGEE,OK,5,1.0,0.0,0.0,True,False,4,0.0,,,,107,880040.0,0.0,2026,2024
370245,CLINTON REGIONAL HOSPITAL,Clinton Regional Hospital,CLINTON,OK,1,1.0,0.0,0.0,True,False,3,0.0,,,,71,383821.0,0.0,2026,2024
380001,MID-COLUMBIA MEDICAL CENTER,Adventist Health Columbia Gorge,THE DALLES,OR,3,1.0,0.0,0.0,True,False,5,0.0,,,-0.6994529999999988,600,9044691.0,0.0,2026,2024
380037,PROVIDENCE NEWBERG MEDICAL CENTER,Providence Newberg Medical Center,NEWBERG,OR,3,1.0,0.0,0.0,True,False,5,0.0,,,-3.330743999999998,723,7577174.0,0.0,2026,2024
410013,WESTERLY HOSPITAL,Westerly Hospital,WESTERLY,RI,1,1.0,0.0,0.0,True,False,5,0.0,,,-3.901545000000004,1173,12063291.0,0.0,2026,2024
430095,AVERA HEART HOSPITAL OF SOUTH DAKOTA,Avera Heart Hospital Of South Dakota,SIOUX FALLS,SD,1,1.0,0.0,0.0,True,False,5,0.0,,,-18.615960000000005,1603,31688891.0,0.0,2026,2024
440008,HENDERSON COUNTY COMMUNITY HOSPITAL,Henderson County Community Hospital,LEXINGTON,TN,3,1.0,0.0,0.0,True,False,2,0.0,,,,267,4224131.0,0.0,2026,2024
440032,HAWKINS COUNTY MEMORIAL HOSPITAL,Hawkins County Memorial Hospital,ROGERSVILLE,TN,4,1.0,0.0,0.0,True,False,4,0.0,,,,65,769365.0,0.0,2026,2024
160016,TRINITY REGIONAL MEDICAL CENTER,Trinity Regional Medical Center,FORT DODGE,IA,3,1.0,0.0,0.0,True,False,5,0.0,,,-3.079041000000002,1248,13016174.0,0.0,2026,2024
160147,GRINNELL REGIONAL MEDICAL CENTER,Grinnell Regional Medical Center,GRINNELL,IA,2,1.0,0.0,0.0,True,False,5,0.0,,,,367,3052541.0,0.0,2026,2024
170109,MIAMI COUNTY MEDICAL CENTER,Miami County Medical Center,PAOLA,KS,1,1.0,0.0,0.0,True,False,5,0.0,,,,167,1347151.0,0.0,2026,2024
170200,"VIA CHRISTI HOSPITAL WICHITA ST TERESA, INC","Ascension Via Christi Hospital St. Teresa, Inc.",WICHITA,KS,1,1.0,0.0,0.0,True,False,5,0.0,,,-2.3378919999999948,1218,9931367.0,0.0,2026,2024
200018,NORTHERN LIGHT  A R GOULD HOSPITAL,Northern Light A R Gould Hospital,PRESQUE ISLE,ME,4,1.0,0.0,0.0,True,False,5,0.0,,,-0.2160839999999982,485,5932500.0,0.0,2026,2024
230005,PROMEDICA CHARLES AND VIRGINIA HICKMAN HOSPITAL,Promedica Charles And Virginia Hickman Hospital,ADRIAN,MI,3,1.0,0.0,0.0,True,False,5,0.0,,,-3.69367,898,10352502.0,0.0,2026,2024
230069,TRINITY HEALTH LIVINGSTON HOSPITAL,Trinity Health Livingston Hospital,HOWELL,MI,1,1.0,0.0,0.0,True,False,5,0.0,,,-7.423586000000001,1059,12071223.0,0.0,2026,2024
050424,SCRIPPS GREEN HOSPITAL,Scripps Green Hospital,LA JOLLA,CA,1,1.0,0.0,0.0,True,False,5,0.0,,,-14.554055000000002,3353,79683436.0,0.0,2026,2024
050515,KAISER FOUNDATION HOSPITAL - SAN DIEGO,Kaiser Foundation Hospital - Zion,SAN DIEGO,CA,2,1.0,0.0,0.0,True,False,5,0.0,,,,1132,13756807.0,0.0,2026,2024
050767,KAISER FOUNDATION HOSPITAL - VACAVILLE,Kaiser Foundation Hospital - Vacaville,VACAVILLE,CA,2,1.0,0.0,0.0,True,False,3,0.0,,,,348,7304310.0,0.0,2026,2024
060004,INTERMOUNTAIN HEALTH PLATTE VALLEY HOSPITAL,Intermountain Health Platte Valley Hospital,BRIGHTON,CO,3,1.0,0.0,0.0,True,False,5,0.0,,,,471,6415572.0,0.0,2026,2024
060008,SAN LUIS VALLEY REGIONAL  MEDICAL CENTER,San Luis Valley Health,ALAMOSA,CO,5,1.0,0.0,0.0,True,False,4,0.0,,,,327,3784285.0,0.0,2026,2024
060132,UCHEALTH HIGHLANDS RANCH HOSPITAL,Uchealth Highlands Ranch Hospital,HIGHLANDS RANCH,CO,1,1.0,0.0,0.0,True,False,5,0.0,,,-1.687213999999995,1822,21146481.0,0.0,2026,2024
330096,JONES MEMORIAL HOSPITAL,Jones Memorial Hospital,WELLSVILLE,NY,4,1.0,0.0,0.0,True,False,5,0.0,,,-0.07079900000000013,450,5565884.0,0.0,2026,2024
360148,POMERENE HOSPITAL,Pomerene Hospital,MILLERSBURG,OH,3,1.0,0.0,0.0,True,False,5,0.0,,,,195,1362043.0,0.0,2026,2024
450039,JPS HEALTH NETWORK,Jps Health Network,FORT WORTH,TX,4,1.0,0.0,0.0,True,False,6,0.0,,,-1.5155250000000036,1984,89670774.0,0.0,2026,2024
450090,NORTH TEXAS MEDICAL CENTER,North Texas Medical Center,GAINESVILLE,TX,2,1.0,0.0,0.0,True,False,5,0.0,,,-1.086606000000001,558,6116565.0,0.0,2026,2024
450124,DELL SETON  MED CENTER AT THE UNIVERSITY OF TX,Dell Seton  Med Center At The University Of Tx,AUSTIN,TX,2,1.0,0.0,0.0,True,False,5,0.0,,,,1497,47559740.0,0.0,2026,2024
450369,CHILDRESS REGIONAL MEDICAL CENTER,Childress Regional Medical Center,CHILDRESS,TX,3,1.0,0.0,0.0,True,False,4,0.0,,,,153,1566485.0,0.0,2026,2024
450419,TEXAS HEALTH HARRIS METHODIST HOSPITAL AZLE,Texas Health Harris Methodist Hospital Azle,AZLE,TX,1,1.0,0.0,0.0,True,False,4,0.0,,,,395,3820048.0,0.0,2026,2024
110234,SGMC BERRIEN CAMPUS,Sgmc Berrien Campus,NASHVILLE,GA,4,1.0,0.0,0.0,True,False,4,0.0,,,,39,621674.0,0.0,2026,2024
130014,WEST VALLEY MEDICAL CENTER,West Valley Medical Center,CALDWELL,ID,4,1.0,0.0,0.0,True,False,5,0.0,,,-0.8138260000000015,493,5764226.0,0.0,2026,2024
520091,HOWARD YOUNG MEDICAL CENTER,Howard Young Medical Ctr,WOODRUFF,WI,4,1.0,0.0,0.0,True,False,4,0.0,,,,351,4281961.0,0.0,2026,2024
520210,MARSHFIELD MEDICAL CENTER - EAU CLAIRE,Marshfield Medical Center - Eau Claire,EAU CLAIRE,WI,5,1.0,0.0,0.0,True,False,5,0.0,,,-0.23294000000000237,625,7463552.0,0.0,2026,2024
670005,MEMORIAL HERMANN SURGICAL HOSPITAL KINGWOOD,Memorial Hermann Surgical Hospital Kingwood,KINGWOOD,TX,1,1.0,0.0,0.0,True,False,1,0.0,,,,61,912188.0,0.0,2026,2024
670071,TEXAS HEALTH HEART & VASCULAR HOSPITAL ARLINGTON,Texas Health Heart & Vascular Hospital Arlington,ARLINGTON,TX,1,1.0,0.0,0.0,True,False,5,0.0,,,-0.2547999999999978,406,8772678.0,0.0,2026,2024
670078,BAPTIST NEIGHBORHOOD HOSPITAL THOUSAND OAKS,Baptist Neighborhood Hospital Thousand Oaks,SAN ANTONIO,TX,1,1.0,0.0,0.0,True,False,3,0.0,,,,194,1088593.0,0.0,2026,2024
670124,THE HOSPITALS OF PROVIDENCE HORIZON CITY CAMPUS,The Hospitals Of Providence Horizon City Campus,HORIZON CITY,TX,1,1.0,0.0,0.0,True,False,4,0.0,,,,84,529813.0,0.0,2026,2024
670285,ELITE HOSPITAL KINGWOOD,Elite Hospital Kingwood,KINGWOOD,TX,1,1.0,0.0,0.0,True,False,3,0.0,,,,20,172440.0,0.0,2026,2024
010157,NORTH ALABAMA SHOALS HOSPITAL,North Alabama Shoals Hospital,MUSCLE SHOALS,AL,4,1.0,0.0,0.0,True,False,3,0.0,,,,85,720161.0,0.0,2026,2024
030107,ARIZONA SPINE AND JOINT HOSPITAL,Arizona Spine And Joint Hospital,MESA,AZ,1,1.0,0.0,0.0,True,False,1,0.0,,,-6.2279699999999965,219,3425697.0,0.0,2026,2024
040076,BAPTIST HEALTH MEDICAL CENTER-HOT SPRINGS COUNTY,Baptist Health Medical Center-Hot Springs County,MALVERN,AR,5,1.0,0.0,0.0,True,False,4,0.0,,,,146,1376979.0,0.0,2026,2024
040147,ARKANSAS SURGICAL HOSPITAL,Arkansas Surgical Hospital,NO LITTLE ROCK,AR,1,1.0,0.0,0.0,True,False,1,0.0,,,-15.507060000000006,515,7626595.0,0.0,2026,2024
050254,MARSHALL MEDICAL CENTER,Marshall Medical Center,PLACERVILLE,CA,4,1.0,0.0,0.0,True,False,5,0.0,,,-6.359864000000004,1738,25760568.0,0.0,2026,2024
320090,PRESBYTERIAN SANTA FE MEDICAL CENTER,Presbyterian Santa Fe Medical Center,SANTA FE,NM,2,1.0,0.0,0.0,True,False,5,0.0,,,,393,4409783.0,0.0,2026,2024
370222,MCBRIDE ORTHOPEDIC HOSPITAL,Mcbride Orthopedic Hospital,OKLAHOMA CITY,OK,1,1.0,0.0,0.0,True,False,2,0.0,,,-19.655206999999994,481,8047510.0,0.0,2026,2024
380002,ASANTE THREE RIVERS MEDICAL CENTER,Asante Three Rivers Medical Center,GRANTS PASS,OR,4,1.0,0.0,0.0,True,False,5,0.0,,,-5.042874999999999,1600,18904532.0,0.0,2026,2024
390065,GETTYSBURG HOSPITAL,Gettysburg Hospital,GETTYSBURG,PA,1,1.0,0.0,0.0,True,False,5,0.0,,,-14.474920000000004,1782,18156571.0,0.0,2026,2024
390185,LEHIGH VALLEY HOSPITAL - HAZLETON,Lehigh Valley Hospital - Hazleton,HAZLETON,PA,4,1.0,0.0,0.0,True,False,5,0.0,,,-9.107466000000002,1627,14994954.0,0.0,2026,2024
390325,OSS ORTHOPAEDIC HOSPITAL,Oss Orthopaedic Hospital,YORK,PA,1,1.0,0.0,0.0,True,False,1,0.0,,,-12.114718000000003,331,4728232.0,0.0,2026,2024
170105,MCPHERSON HOSPITAL,Mcpherson Hospital Inc,MCPHERSON,KS,1,1.0,0.0,0.0,True,False,4,0.0,,,,350,4319083.0,0.0,2026,2024
170183,KANSAS SURGERY & RECOVERY CENTER,Kansas Surgery & Recovery Center,WICHITA,KS,1,1.0,0.0,0.0,True,False,1,0.0,,,,175,2052800.0,0.0,2026,2024
190005,UNIVERSITY MEDICAL CENTER NEW ORLEANS,University Medical Center New Orleans,NEW ORLEANS,LA,5,1.0,0.0,0.0,True,False,6,0.0,,,0.04460299999999979,1165,33678601.0,0.0,2026,2024
190167,MERCY REGIONAL MEDICAL CENTER,Mercy Regional Medical Center,VILLE PLATTE,LA,5,1.0,0.0,0.0,True,False,4,0.0,,,-1.6189469999999992,495,3225504.0,0.0,2026,2024
050512,KAISER FOUNDATION HOSPITAL - FREMONT,Kaiser Foundation Hospital - Fremont,FREMONT,CA,3,1.0,0.0,0.0,True,False,4,0.0,,,,285,2545860.0,0.0,2026,2024
060009,INTERMOUNTAIN HEALTH LUTHERAN HOSPITAL,Lutheran Medical Center,WHEAT RIDGE,CO,3,1.0,0.0,0.0,True,False,6,0.0,,,-8.787460999999993,1692,23216888.0,0.0,2026,2024
060126,BANNER FORT COLLINS MEDICAL CENTER,Banner Fort Collins Medical Center,FORT COLLINS,CO,2,1.0,0.0,0.0,True,False,5,0.0,,,,93,1216428.0,0.0,2026,2024
100012,LEE MEMORIAL HOSPITAL,Lee Memorial Hospital,FORT MYERS,FL,1,1.0,0.0,0.0,True,False,6,0.0,,,-27.181303999999994,8974,120834585.0,0.0,2026,2024
370016,INTEGRIS HEALTH ENID HOSPITAL,Integris Health Enid Hospital,ENID,OK,3,1.0,0.0,0.0,True,False,4,0.0,,,-0.8418259999999999,851,7207315.0,0.0,2026,2024
450193,Baylor St Lukes Medical Center,Chi St Luke's Health Baylor College Of Medicine Me,HOUSTON,TX,1,1.0,0.0,0.0,True,False,6,0.0,,,-9.728052000000003,4046,101070653.0,0.0,2026,2024
450864,BAYLOR SCOTT & WHITE TEXAS SPINE & JOINT HOSPITAL,Baylor Scott & White Texas Spine & Joint Hospital,TYLER,TX,1,1.0,0.0,0.0,True,False,2,0.0,,,-8.927968999999997,619,11197969.0,0.0,2026,2024
100330,HALIFAX HEALTH /UF HEALTH MEDICAL CENTER OF DELTON,Halifax Health /Uf Health Medical Center Of Delton,DELTONA,FL,2,1.0,0.0,0.0,True,False,5,0.0,,,,470,6139073.0,0.0,2026,2024
110050,ADVENTHEALTH MURRAY,Adventhealth Murray,CHATSWORTH,GA,2,1.0,0.0,0.0,True,False,3,0.0,,,-0.5474849999999998,228,1830027.0,0.0,2026,2024
140013,CARLE HEALTH PROCTOR HOSPITAL,Carle Health Proctor Hospital,PEORIA,IL,2,1.0,0.0,0.0,True,False,5,0.0,,,-1.961964000000004,1021,9911486.0,0.0,2026,2024
150065,SCHNECK MEDICAL CENTER,Schneck Medical Center,SEYMOUR,IN,4,1.0,0.0,0.0,True,False,5,0.0,,,,383,6005985.0,0.0,2026,2024
500052,KAISER PERMANENTE CENTRAL HOSPITAL,Kaiser Permanente Central Hospital,SEATTLE,WA,1,1.0,0.0,0.0,True,False,1,0.0,,,,18,131981.0,0.0,2026,2024
500060,CASCADE VALLEY HOSPITAL,Cascade Valley Hospital,ARLINGTON,WA,3,1.0,0.0,0.0,True,False,5,0.0,,,,357,4513319.0,0.0,2026,2024
500084,EVERGREENHEALTH MONROE,Evergreenhealth Monroe,MONROE,WA,2,1.0,0.0,0.0,True,False,4,0.0,,,,258,3053376.0,0.0,2026,2024
520087,GUNDERSEN LUTHERAN MEDICAL CENTER,Gundersen Lutheran Medical Center,LA CROSSE,WI,4,1.0,0.0,0.0,True,False,6,0.0,,,-11.81467600000001,3613,57839369.0,0.0,2026,2024
520213,FROEDTERT COMMUNITY HOSPITAL,Froedtert Community Hospital,NEW BERLIN,WI,1,1.0,0.0,0.0,True,False,3,0.0,,,,107,601414.0,0.0,2026,2024
010173,ST VINCENT'S CHILTON,St Vincent's Chilton,CLANTON,AL,1,1.0,0.0,0.0,True,False,3,0.0,,,,102,1406504.0,0.0,2026,2024
050076,KAISER FOUNDATION HOSPITAL - SAN FRANCISCO,Kaiser Foundation Hospital - San Francisco,SAN FRANCISCO,CA,2,1.0,0.0,0.0,True,False,6,0.0,,,,492,7970072.0,0.0,2026,2024
050378,PACIFICA HOSPITAL OF THE VALLEY,Pacifica Hospital Of The Valley,SUN VALLEY,CA,5,1.0,0.0,0.0,True,False,4,0.0,,,,304,4453116.0,0.0,2026,2024
240100,SANFORD BEMIDJI MEDICAL CENTER,Sanford Bemidji Medical Center,BEMIDJI,MN,4,1.0,0.0,0.0,True,False,5,0.0,,,-5.874236999999995,1457,15965230.0,0.0,2026,2024
260200,SSM ST JOSEPH HOSPITAL WEST,Ssm Health St Joseph Hospital-Lake Saint Louis,LAKE SAINT LOUIS,MO,2,1.0,0.0,0.0,True,False,5,0.0,,,-6.534397000000007,2339,21224509.0,0.0,2026,2024
300019,CHESHIRE MEDICAL CENTER,Cheshire Medical Center,KEENE,NH,2,1.0,0.0,0.0,True,False,5,0.0,,,-4.89781,1334,18507872.0,0.0,2026,2024
310017,CHILTON MEDICAL CENTER,Chilton Medical Center,POMPTON PLAINS,NJ,1,1.0,0.0,0.0,True,False,5,0.0,,,-30.398283999999993,4125,46632419.0,0.0,2026,2024
320011,PRESBYTERIAN ESPANOLA HOSPITAL,Presbyterian Espanola Hospital,ESPANOLA,NM,4,1.0,0.0,0.0,True,False,4,0.0,,,,315,5461155.0,0.0,2026,2024
320060,ZUNI COMPREHENSIVE COMMUNITY HEALTH CENTER,Zuni Comprehensive Community Health Center,ZUNI,NM,5,1.0,0.0,0.0,True,False,3,0.0,,,,99,1266425.0,0.0,2026,2024
390066,WELLSPAN GOOD SAMARITAN HOSPITAL,Wellspan Good Samaritan Hospital,LEBANON,PA,3,1.0,0.0,0.0,True,False,6,0.0,,,-3.4256200000000048,1860,22330855.0,0.0,2026,2024
420011,CANNON MEMORIAL HOSPITAL,Cannon Memorial Hospital,PICKENS,SC,4,1.0,0.0,0.0,True,False,4,0.0,,,,118,941333.0,0.0,2026,2024
440029,WILLIAMSON MEDICAL CENTER,Williamson Medical Center,FRANKLIN,TN,1,1.0,0.0,0.0,True,False,5,0.0,,,-16.553807999999993,2560,24086643.0,0.0,2026,2024
230174,TRINITY HEALTH GRAND HAVEN HOSPITAL,Trinity Health Grand Haven Hospital,GRAND HAVEN,MI,2,1.0,0.0,0.0,True,False,5,0.0,,,,165,1193179.0,0.0,2026,2024
050855,KAISER FOUNDATION HOSPITAL - SAN MARCOS,Kaiser Foundation Hospital - San Marcos,SAN MARCOS,CA,2,1.0,0.0,0.0,True,False,2,0.0,,,,313,2660571.0,0.0,2026,2024
360358,DILEY RIDGE MEDICAL CENTER,Diley Ridge Medical Center,CANAL WINCHESTER,OH,2,1.0,0.0,0.0,True,False,3,0.0,,,,22,319172.0,0.0,2026,2024
440148,DEKALB COMMUNITY HOSPITAL,Ascension Saint Thomas Dekalb,SMITHVILLE,TN,3,1.0,0.0,0.0,True,False,4,0.0,,,,143,1579964.0,0.0,2026,2024
450132,MEDICAL CENTER HOSPITAL,Medical Center Hospital,ODESSA,TX,3,1.0,0.0,0.0,True,False,6,0.0,,,-11.33227999999999,2701,39032173.0,0.0,2026,2024
460026,INTERMOUNTAIN HEALTH SEVIER VALLEY HOSPITAL,Sevier Valley Hospital,RICHFIELD,UT,2,1.0,0.0,0.0,True,False,4,0.0,,,,193,2198461.0,0.0,2026,2024
460062,INTERMOUNTAIN HEALTH SPANISH FORK HOSPITAL,Intermountain Health Spanish Fork Hospital,SPANISH FORK,UT,1,1.0,0.0,0.0,True,False,3,0.0,,,,203,1851462.0,0.0,2026,2024
490127,BUCHANAN GENERAL HOSPITAL,Buchanan General Hospital,GRUNDY,VA,4,1.0,0.0,0.0,True,False,4,0.0,,,,231,2126452.0,0.0,2026,2024
120028,"NORTH HAWAII COMMUNITY HOSPITAL, INC","North Hawaii Community Hospital, Inc",KAMUELA,HI,1,1.0,0.0,0.0,True,False,5,0.0,,,,359,5484649.0,0.0,2026,2024
140155,PRESENCE ST MARYS HOSPITAL,Presence St Marys Hospital,KANKAKEE,IL,5,1.0,0.0,0.0,True,False,5,0.0,,,-5.953865000000003,1302,15263390.0,0.0,2026,2024
150061,DAVIESS COMMUNITY HOSPITAL,Daviess Community Hospital,WASHINGTON,IN,4,1.0,0.0,0.0,True,False,5,0.0,,,,318,3214806.0,0.0,2026,2024
150072,MEMORIAL HOSPITAL,Memorial Hospital,LOGANSPORT,IN,3,1.0,0.0,0.0,True,False,5,0.0,,,,280,3843938.0,0.0,2026,2024
150177,UNITY PHYSICIANS HOSPITAL,Unity Physicians Hospital,MISHAWAKA,IN,1,1.0,0.0,0.0,True,False,2,0.0,,,,88,1644870.0,0.0,2026,2024
500119,MULTICARE VALLEY HOSPITAL,Multicare Valley Hospital,SPOKANE VALLEY,WA,3,1.0,0.0,0.0,True,False,5,0.0,,,-4.147448999999993,1221,14710883.0,0.0,2026,2024
520109,MILE BLUFF MEDICAL CENTER,Mile Bluff Medical Center,MAUSTON,WI,4,1.0,0.0,0.0,True,False,5,0.0,,,,210,2449607.0,0.0,2026,2024
670025,BAYLOR SCOTT & WHITE THE HEART HOSPITAL PLANO,Baylor Sott & White The Heart Hospital Plano,PLANO,TX,1,1.0,0.0,0.0,True,False,5,0.0,,,-15.704461000000014,3324,84077954.0,0.0,2026,2024
670059,CHI ST LUKES LAKESIDE HOSPITAL,St Lukes Lakeside Hospital,THE WOODLANDS,TX,1,1.0,0.0,0.0,True,False,2,0.0,,,,165,3049011.0,0.0,2026,2024
050315,KERN MEDICAL CENTER,Kern Medical Center,BAKERSFIELD,CA,5,1.0,0.0,0.0,True,False,5,0.0,,,,965,21313255.0,0.0,2026,2024
240014,NORTHFIELD HOSPITAL,Northfield City Hospital,NORTHFIELD,MN,1,1.0,0.0,0.0,True,False,5,0.0,,,,392,4321041.0,0.0,2026,2024
240019,ESSENTIA HEALTH DULUTH,Essentia Health Duluth,DULUTH,MN,5,1.0,0.0,0.0,True,False,5,0.0,,,,652,7103165.0,0.0,2026,2024
240040,RANGE REGIONAL HEALTH SERVICES,Range Regional Health Services,HIBBING,MN,5,1.0,0.0,0.0,True,False,4,0.0,,,,549,5799161.0,0.0,2026,2024
250042,NORTHWEST MISSISSISSIPPI REGIONAL MEDICAL CENTER,Northwest Missississippi Regional Medical Center,CLARKSDALE,MS,5,1.0,0.0,0.0,True,False,4,0.0,,,,145,1600126.0,0.0,2026,2024
320062,CROWNPOINT HEALTHCARE FACILITY,Crownpoint Healthcare Facility,CROWNPOINT,NM,5,1.0,0.0,0.0,True,False,3,0.0,,,,37,469454.0,0.0,2026,2024
370170,LAWTON INDIAN HOSPITAL,Lawton Indian Hospital,LAWTON,OK,2,1.0,0.0,0.0,True,False,3,0.0,,,,84,1147274.0,0.0,2026,2024
370210,"OKLAHOMA SURGICAL HOSPITAL, LLC","Oklahoma Surgical Hospital, Llc",TULSA,OK,1,1.0,0.0,0.0,True,False,4,0.0,,,-8.962607999999998,555,7592636.0,0.0,2026,2024
390307,EDGEWOOD SURGICAL HOSPITAL,Edgewood Surgical Hospital,TRANSFER,PA,1,1.0,0.0,0.0,True,False,1,0.0,,,,24,310763.0,0.0,2026,2024
410006,NEWPORT HOSPITAL,Newport Hospital,NEWPORT,RI,3,1.0,0.0,0.0,True,False,5,0.0,,,-4.041670000000003,1310,12497483.0,0.0,2026,2024
420072,HAMPTON REGIONAL MEDICAL CENTER,Hampton Regional Medical Center,VARNVILLE,SC,5,1.0,0.0,0.0,True,False,5,0.0,,,,124,1488384.0,0.0,2026,2024
420108,UNION MEDICAL CENTER,Union Medical Center,UNION,SC,4,1.0,0.0,0.0,True,False,3,0.0,,,,172,2105917.0,0.0,2026,2024
150193,FRANCISCAN HEALTH ORTHOPEDIC HOSPITAL CARMEL,Franciscan Health Orthopedic Hospital Carmel,CARMEL,IN,1,1.0,0.0,0.0,True,False,1,0.0,,,,149,3561170.0,0.0,2026,2024
190116,MOREHOUSE GENERAL HOSPITAL,Morehouse General Hospital,BASTROP,LA,5,1.0,0.0,0.0,True,False,5,0.0,,,,158,1273573.0,0.0,2026,2024
190151,RICHARDSON MEDICAL CENTER,Richardson Medical Center,RAYVILLE,LA,5,1.0,0.0,0.0,True,False,4,0.0,,,,152,1253072.0,0.0,2026,2024
190218,SABINE MEDICAL CENTER,Sabine Medical Center,MANY,LA,5,1.0,0.0,0.0,True,False,4,0.0,,,,137,865671.0,0.0,2026,2024
200024,CENTRAL MAINE MEDICAL CENTER,Central Maine Medical Center,LEWISTON,ME,4,1.0,0.0,0.0,True,False,6,0.0,,,-11.081872000000002,1706,22168197.0,0.0,2026,2024
200039,MAINE GENERAL MEDICAL CENTER,Mainegeneral Medical Center,AUGUSTA,ME,4,1.0,0.0,0.0,True,False,5,0.0,,,-9.908211999999999,1804,24895666.0,0.0,2026,2024
220011,CAMBRIDGE HEALTH ALLIANCE,Cambridge Health Alliance,CAMBRIDGE,MA,5,1.0,0.0,0.0,True,False,5,0.0,,,-5.486955000000005,1144,23376664.0,0.0,2026,2024
220119,BRIGHAM AND WOMEN FAULKNER HOSPITAL,Brigham And Women's Faulkner Hospital,JAMAICA PLAIN,MA,5,1.0,0.0,0.0,True,False,5,0.0,,,-12.577372000000004,3478,43270129.0,0.0,2026,2024
050641,EAST LOS ANGELES DOCTORS HOSPITAL,East Los Angeles Doctors Hospital,LOS ANGELES,CA,5,1.0,0.0,0.0,True,False,4,0.0,,,,273,4504830.0,0.0,2026,2024
050708,FRESNO SURGICAL HOSPITAL,Fresno Surgical Hospital,FRESNO,CA,1,1.0,0.0,0.0,True,False,1,0.0,,,,406,13359217.0,0.0,2026,2024
100019,HOLMES REGIONAL MEDICAL CENTER,Holmes Regional Medical Center,MELBOURNE,FL,1,1.0,0.0,0.0,True,False,6,0.0,,,-48.74660200000002,7676,111531509.0,0.0,2026,2024
330101,NEW YORK-PRESBYTERIAN HOSPITAL,New York-Presbyterian Hospital,NEW YORK,NY,5,1.0,0.0,0.0,True,False,6,0.0,,,-130.07490500000003,29042,865432639.0,0.0,2026,2024
330199,METROPOLITAN HOSPITAL CENTER,Metropolitan Hospital Center,NEW YORK,NY,5,1.0,0.0,0.0,True,False,5,0.0,,,,281,14622987.0,0.0,2026,2024
330246,ST CHARLES HOSPITAL,St Charles Hospital,PORT JEFFERSON,NY,4,1.0,0.0,0.0,True,False,5,0.0,,,-6.672349000000001,2237,29170493.0,0.0,2026,2024
330267,HUDSON VALLEY HOSPITAL CENTER,Hudson Valley Hospital Center,CORTLANDT MANOR,NY,4,1.0,0.0,0.0,True,False,5,0.0,,,-11.5916,2883,35597453.0,0.0,2026,2024
330307,CAYUGA MEDICAL CENTER AT ITHACA,Cayuga Medical Center At Ithaca,ITHACA,NY,4,1.0,0.0,0.0,True,False,6,0.0,,,-2.683760999999999,1316,18850130.0,0.0,2026,2024
340002,MEMORIAL MISSION HOSPITAL AND ASHEVILLE SURGERY CE,Memorial Mission Hospital And Asheville Surgery Ce,ASHEVILLE,NC,3,1.0,0.0,0.0,True,False,6,0.0,,,-70.69713599999997,10410,146929877.0,0.0,2026,2024
350019,ALTRU HOSPITAL,Altru Hospital,GRAND FORKS,ND,3,1.0,0.0,0.0,True,False,6,0.0,,,-16.140181,3614,56637350.0,0.0,2026,2024
360351,CRYSTAL CLINIC ORTHOPAEDIC CENTER,Crystal Clinic Orthopaedic Center,AKRON,OH,1,1.0,0.0,0.0,True,False,1,0.0,,,-6.8547059999999975,711,9334738.0,0.0,2026,2024
360355,OHIO VALLEY SURGICAL HOSPITAL,Ohio Valley Surgical Hospital,SPRINGFIELD,OH,1,1.0,0.0,0.0,True,False,1,0.0,,,,47,689436.0,0.0,2026,2024
370004,INTEGRIS MIAMI HOSPITAL,Integris Miami Hospital,MIAMI,OK,5,1.0,0.0,0.0,True,False,5,0.0,,,,264,2721016.0,0.0,2026,2024
450028,VALLEY BAPTIST MEDICAL CENTER- BROWNSVILLE,Valley Baptist Medical Center- Brownsville,BROWNSVILLE,TX,5,1.0,0.0,0.0,True,False,6,0.0,,,0.4799460000000042,1060,14446944.0,0.0,2026,2024
450856,SOUTH TEXAS SPINE AND SURGICAL HOSPITAL,South Texas Spine And Surgical Hospital,SAN ANTONIO,TX,1,1.0,0.0,0.0,True,False,1,0.0,,,-3.182544000000001,455,7373774.0,0.0,2026,2024
450880,BAYLOR SCOTT AND WHITE SURGICAL HOSPITAL FORTWORTH,Baylor Scott And White Surgical Hospital Fortworth,FORT WORTH,TX,1,1.0,0.0,0.0,True,False,2,0.0,,,,385,7294386.0,0.0,2026,2024
490097,BON SECOURS SOUTHERN VIRGINIA MEDICAL CENTER,Southern Virginia Regional Medical Center,EMPORIA,VA,5,1.0,0.0,0.0,True,False,4,0.0,,,,123,1223659.0,0.0,2026,2024
100315,VIERA HOSPITAL,Viera Hospital,MELBOURNE,FL,1,1.0,0.0,0.0,True,False,5,0.0,,,-14.046713999999998,2417,20100309.0,0.0,2026,2024
110086,WASHINGTON COUNTY REGIONAL MEDICAL CENTER,Washington County Regional Medical Center,SANDERSVILLE,GA,4,1.0,0.0,0.0,True,False,3,0.0,,,,124,1360858.0,0.0,2026,2024
110100,JEFFERSON HOSPITAL,Jefferson Hospital,LOUISVILLE,GA,4,1.0,0.0,0.0,True,False,4,0.0,,,,49,358559.0,0.0,2026,2024
520071,FORT MEMORIAL HOSPITAL,Fort Memorial Hospital,FORT ATKINSON,WI,4,1.0,0.0,0.0,True,False,5,0.0,,,,431,4604544.0,0.0,2026,2024
520160,THEDACARE REGIONAL MEDICAL CENTER - APPLETON INC,Thedacare Regional Medical Center - Appleton Inc,APPLETON,WI,3,1.0,0.0,0.0,True,False,6,0.0,,,-6.125380000000002,1593,20451625.0,0.0,2026,2024
670008,MEMORIAL HERMANN HOUSTON PHYSICIANS HOSPITAL,Memorial Hermann Houston Physicians Hospital,WEBSTER,TX,1,1.0,0.0,0.0,True,False,2,0.0,,,,252,3313376.0,0.0,2026,2024
670067,BAYLOR SCOTT AND WHITE ORTHOPEDIC AND SPINE HOSPI,Baylor Scott And White Orthopedic And Spine Hospi,ARLINGTON,TX,1,1.0,0.0,0.0,True,False,1,0.0,,,-3.310336000000002,611,7787856.0,0.0,2026,2024
670107,BAYLOR SCOTT AND WHITE EMERGENCY HOSPITAL,Baylor Scott And White Emergency Hospital,BURLESON,TX,1,1.0,0.0,0.0,True,False,3,0.0,,,,29,253501.0,0.0,2026,2024
670132,METHODIST SOUTHLAKE MEDICAL CENTER,Methodist Southlake Medical Center,SOUTHLAKE,TX,1,1.0,0.0,0.0,True,False,5,0.0,,,,118,1355150.0,0.0,2026,2024
670300,METHODIST MIDLOTHIAN MEDICAL CENTER,Methodist Midlothian Medical Center,MIDLOTHIAN,TX,1,1.0,0.0,0.0,True,False,4,0.0,,,,447,4261027.0,0.0,2026,2024
010062,WIREGRASS MEDICAL CENTER,Wiregrass Medical Center,GENEVA,AL,4,1.0,0.0,0.0,True,False,4,0.0,,,,65,674444.0,0.0,2026,2024
050042,ST ELIZABETH COMMUNITY HOSPITAL,St Elizabeth Community Hospital,RED BLUFF,CA,5,1.0,0.0,0.0,True,False,5,0.0,,,-0.8902399999999939,1050,15844621.0,0.0,2026,2024
050137,KAISER FOUNDATION HOSPITAL - PANORAMA CITY,Kaiser Foundation Hospital - Panorama City,PANORAMA CITY,CA,4,1.0,0.0,0.0,True,False,4,0.0,,,,538,6884356.0,0.0,2026,2024
050301,ADVENTIST HEALTH UKIAH VALLEY,Adventist Health Ukiah Valley,UKIAH,CA,5,1.0,0.0,0.0,True,False,5,0.0,,,-0.9545809999999986,1068,18788985.0,0.0,2026,2024
230241,ASCENSION RIVER DISTRICT HOSPITAL,Henry Ford Health River District Hospital,EAST CHINA,MI,2,1.0,0.0,0.0,True,False,4,0.0,,,,116,936965.0,0.0,2026,2024
250027,WINSTON MEDICAL CENTER,Winston Medical Center & Swingbed,LOUISVILLE,MS,5,1.0,0.0,0.0,True,False,4,0.0,,,,157,1369791.0,0.0,2026,2024
370054,GRADY MEMORIAL HOSPITAL,Grady Memorial Hospital,CHICKASHA,OK,5,1.0,0.0,0.0,True,False,4,0.0,,,-0.10870099999999891,452,4435854.0,0.0,2026,2024
390062,CONEMAUGH NASON MEDICAL CENTER,Conemaugh Nason Medical Center,ROARING SPRING,PA,1,1.0,0.0,0.0,True,False,5,0.0,,,-0.330252999999999,435,4631006.0,0.0,2026,2024
390150,UPMC GREENE,Upmc Greene,WAYNESBURG,PA,5,1.0,0.0,0.0,True,False,4,0.0,,,,88,746054.0,0.0,2026,2024
390184,PENN HIGHLANDS CONNELLSVILLE,Penn Highlands Connellsville,CONNELLSVILLE,PA,5,1.0,0.0,0.0,True,False,4,0.0,,,,114,934042.0,0.0,2026,2024
170199,MINIMALLY INVASIVE SURGERY HOSPITAL,Minimally Invasive Surgery Hospital,LENEXA,KS,3,1.0,0.0,0.0,True,False,1,0.0,,,,27,644059.0,0.0,2026,2024
190011,OCHSNER LSU HEALTH MONROE,Ochsner Lsu Health Monroe,MONROE,LA,5,1.0,0.0,0.0,True,False,5,0.0,,,,516,5577830.0,0.0,2026,2024
050425,KAISER FOUNDATION HOSPITAL - SACRAMENTO,Kaiser Foundation Hospital - Sacramento,SACRAMENTO,CA,4,1.0,0.0,0.0,True,False,4,0.0,,,,1021,17607868.0,0.0,2026,2024
060118,ST ANTHONY SUMMIT MEDICAL CENTER,St Anthony Summit Hospital,FRISCO,CO,1,1.0,0.0,0.0,True,False,4,0.0,,,,205,4233786.0,0.0,2026,2024
080009,"BAYHEALTH HOSPITAL, SUSSEX CAMPUS","Bayhealth Hospital, Sussex Campus",MILFORD,DE,2,1.0,0.0,0.0,True,False,5,0.0,,,-5.249276000000002,2635,29005470.0,0.0,2026,2024
340190,NOVANT HEALTH MINT HILL MEDICAL CENTER,Novant Health Mint Hill Medical Center,CHARLOTTE,NC,2,1.0,0.0,0.0,True,False,5,0.0,,,-2.300184,591,4218522.0,0.0,2026,2024
360266,MOUNT CARMEL NEW ALBANY SURGICAL HOSPITAL,Mount Carmel New Albany Surgical Hospital,NEW ALBANY,OH,1,1.0,0.0,0.0,True,False,1,0.0,,,,353,5423202.0,0.0,2026,2024
360348,DUBLIN METHODIST HOSPITAL,Dublin Methodist Hospital,DUBLIN,OH,1,1.0,0.0,0.0,True,False,5,0.0,,,-3.1749110000000043,1879,21599875.0,0.0,2026,2024
440153,TENNOVA HEALTHCARE - NEWPORT MEDICAL CENTER,Tennova Healthcare - Newport Medical Center,NEWPORT,TN,4,1.0,0.0,0.0,True,False,4,0.0,,,-0.3417639999999986,318,3563114.0,0.0,2026,2024
450108,CONNALLY MEMORIAL MEDICAL CENTER,Connally Memorial Medical Center,FLORESVILLE,TX,1,1.0,0.0,0.0,True,False,5,0.0,,,,122,732710.0,0.0,2026,2024
450462,TEXAS HEALTH PRESBYTERIAN HOSPITAL DALLAS,Texas Health Presbyterian Hospital  Dallas,DALLAS,TX,1,1.0,0.0,0.0,True,False,6,0.0,,,-24.969610000000007,6247,96688577.0,0.0,2026,2024
450828,CHRISTUS SPOHN HOSPITAL ALICE,Christus Spohn Hospital Alice,ALICE,TX,5,1.0,0.0,0.0,True,False,4,0.0,,,0.11975999999999942,381,5546411.0,0.0,2026,2024
450834,"PHYSICIANS CENTRE,THE","Physicians Centre,the",BRYAN,TX,1,1.0,0.0,0.0,True,False,1,0.0,,,-1.0206540000000006,189,2406307.0,0.0,2026,2024
130066,NORTHWEST SPECIALTY HOSPITAL,Northwest Specialty Hospital,POST FALLS,ID,1,1.0,0.0,0.0,True,False,2,0.0,,,,319,9290450.0,0.0,2026,2024
150047,"ST JOSEPH HEALTH SYSTEM, LLC",Lutheran Downtown Hospital,FORT WAYNE,IN,5,1.0,0.0,0.0,True,False,4,0.0,,,,186,2609305.0,0.0,2026,2024
150172,PHYSICIANS' MEDICAL CENTER LLC,Physicians' Medical Center Llc,NEW ALBANY,IN,1,1.0,0.0,0.0,True,False,1,0.0,,,,74,927035.0,0.0,2026,2024
510093,MON HEALTH MARION,Mon Health Marion,WHITEHALL,WV,1,1.0,0.0,0.0,True,False,3,0.0,,,,70,347957.0,0.0,2026,2024
520041,ASPIRUS DIVINE SAVIOR HOSPITAL,Aspirus Divine Savior Hospital,PORTAGE,WI,4,1.0,0.0,0.0,True,False,5,0.0,,,-0.2678759999999994,407,4272979.0,0.0,2026,2024
010095,HALE COUNTY HOSPITAL,Hale County Hospital,GREENSBORO,AL,4,1.0,0.0,0.0,True,False,4,0.0,,,,80,638879.0,0.0,2026,2024
020001,PROVIDENCE ALASKA MEDICAL CENTER,Providence Alaska Medical Center,ANCHORAGE,AK,4,1.0,0.0,0.0,True,False,6,0.0,,,-18.146430999999993,5374,108868453.0,0.0,2026,2024
020018,YUKON KUSKOKWIM DELTA REG HOSPITAL,Yukon Kuskokwim Delta Reg Hospital,BETHEL,AK,5,1.0,0.0,0.0,True,False,4,0.0,,,,185,3763217.0,0.0,2026,2024
030152,EXCEPTIONAL COMMUNITY HOSPITAL - MARICOPA,Exceptional Community Hospital - Maricopa,MARICOPA,AZ,1,1.0,0.0,0.0,True,False,2,0.0,,,,67,550782.0,0.0,2026,2024
050054,SAN GORGONIO MEMORIAL HOSPITAL,San Gorgonio Memorial Hospital,BANNING,CA,5,1.0,0.0,0.0,True,False,4,0.0,,,,444,7167899.0,0.0,2026,2024
050139,KAISER FOUNDATION HOSPITAL - DOWNEY,Kaiser Foundation Hospital - Downey,DOWNEY,CA,4,1.0,0.0,0.0,True,False,4,0.0,,,,737,9679556.0,0.0,2026,2024
260061,NEVADA REGIONAL MEDICAL CENTER,Nevada Regional Medical Center,NEVADA,MO,4,1.0,0.0,0.0,True,False,4,0.0,,,,115,1275828.0,0.0,2026,2024
260104,SSM HEALTH DEPAUL HOSPITAL ST LOUIS,Ssm Health Depaul Hospital St Louis,BRIDGETON,MO,5,1.0,0.0,0.0,True,False,6,0.0,,,-7.54025500000001,2792,37982404.0,0.0,2026,2024
310051,OVERLOOK MEDICAL CENTER,Overlook Medical Center,SUMMIT,NJ,1,1.0,0.0,0.0,True,False,5,0.0,,,-39.199988999999995,6109,88986710.0,0.0,2026,2024
320065,COVENANT HEALTH HOBBS HOSPITAL,Covenant Health Hobbs Hospital,HOBBS,NM,4,1.0,0.0,0.0,True,False,5,0.0,,,,233,3613289.0,0.0,2026,2024
320086,LOVELACE REGIONAL HOSPITAL - ROSWELL,Lovelace Regional Hospital - Roswell,ROSWELL,NM,3,1.0,0.0,0.0,True,False,5,1.0,,,,245,1877210.0,0.0,2026,2024
370099,HILLCREST HOSPITAL CUSHING,Hillcrest Hospital Cushing,CUSHING,OK,4,1.0,0.0,0.0,True,False,5,0.0,,,,199,2040084.0,0.0,2026,2024
370227,ST JOHN OWASSO,Ascension St John Owasso,OWASSO,OK,2,1.0,0.0,0.0,True,False,3,0.0,,,,361,3142953.0,0.0,2026,2024
380051,SALEM HOSPITAL,Salem Hospital,SALEM,OR,4,1.0,0.0,0.0,True,False,6,0.0,,,-12.289350000000002,4351,70729463.0,0.0,2026,2024
390304,ROXBOROUGH MEMORIAL HOSPITAL,Roxborough Memorial Hospital,PHILADELPHIA,PA,5,1.0,0.0,0.0,True,False,5,0.0,,,-0.49537800000000054,560,7130557.0,0.0,2026,2024
420033,PRISMA HEALTH GREER MEMORIAL HOSPITAL,Prisma Health Greer Memorial Hospital,SPARTANBURG,SC,2,1.0,0.0,0.0,True,False,5,0.0,,,-6.379197999999997,1363,13732226.0,0.0,2026,2024
440130,BAPTIST MEMORIAL HOSPITAL UNION CITY,Baptist Memorial Hospital Union City,UNION CITY,TN,3,1.0,0.0,0.0,True,False,5,0.0,,,-1.4093799999999983,568,4462896.0,0.0,2026,2024
160013,TRINITY MUSCATINE,Trinity Muscatine,MUSCATINE,IA,4,1.0,0.0,0.0,True,False,5,0.0,,,-1.2336620000000014,371,5062290.0,0.0,2026,2024
160032,MERCYONE NEWTON MEDICAL CENTER,Mercyone Newton Medical Center,NEWTON,IA,2,1.0,0.0,0.0,True,False,5,0.0,,,,209,1882554.0,0.0,2026,2024
160040,"SARTORI MEMORIAL HOSPITAL, INC",Mercyone Cedar Falls Medical Center,CEDAR FALLS,IA,1,1.0,0.0,0.0,True,False,5,0.0,,,,175,1339648.0,0.0,2026,2024
170123,WESLEY MEDICAL CENTER,Wesley Medical Center,WICHITA,KS,2,1.0,0.0,0.0,True,False,6,0.0,,,-35.385477000000016,8023,112411494.0,0.0,2026,2024
170186,KANSAS HEART HOSPITAL,Kansas Heart Hospital,WICHITA,KS,1,1.0,0.0,0.0,True,False,5,0.0,,,-12.725374,770,11232043.0,0.0,2026,2024
170204,"ROCK REGIONAL HOSPITAL, LLC","Rock Regional Hospital, Llc",DERBY,KS,1,1.0,0.0,0.0,True,False,5,0.0,,,-0.3902200000000006,299,2026328.0,0.0,2026,2024
180080,BAPTIST HEALTH CORBIN,Baptist Health Corbin,CORBIN,KY,4,1.0,0.0,0.0,True,False,5,0.0,,,-9.431473,1321,12019611.0,0.0,2026,2024
190118,DESOTO REGIONAL HEALTH SYSTEM,Desoto Regional Health System,MANSFIELD,LA,4,1.0,0.0,0.0,True,False,4,0.0,,,,188,1756419.0,0.0,2026,2024
190267,AVALA,Avala,COVINGTON,LA,1,1.0,0.0,0.0,True,False,1,0.0,,,,204,4041388.0,0.0,2026,2024
220071,MASSACHUSETTS GENERAL HOSPITAL,Massachusetts General Hospital,BOSTON,MA,4,1.0,0.0,0.0,True,False,6,0.0,,,-60.14460699999998,15416,451394853.0,0.0,2026,2024
220074,SOUTHCOAST HOSPITALS GROUP,"Southcoast Hospital Group, Inc",FALL RIVER,MA,5,1.0,0.0,0.0,True,False,6,0.0,,,-28.06525699999999,11135,146980519.0,0.0,2026,2024
230058,MUNSON HEALTHCARE GRAYLING HOSPITAL,Munson Healthcare Grayling Hospital,GRAYLING,MI,4,1.0,0.0,0.0,True,False,5,0.0,,,-1.4337030000000022,508,6280419.0,0.0,2026,2024
050744,ANAHEIM GLOBAL MEDICAL CENTER,Anaheim Global Medical Center,ANAHEIM,CA,5,1.0,0.0,0.0,True,False,5,0.0,,,,188,3020687.0,0.0,2026,2024
060013,MERCY REGIONAL MEDICAL CENTER,Mercy Hospital,DURANGO,CO,2,1.0,0.0,0.0,True,False,5,0.0,,,-5.403668,1317,23297335.0,0.0,2026,2024
060054,COMMUNITY HOSPITAL,Community Hospital,GRAND JUNCTION,CO,2,1.0,0.0,0.0,True,False,5,0.0,,,,607,8587684.0,0.0,2026,2024
080006,"TIDALHEALTH NANTICOKE, INC.","Tidalhealth Nanticoke, Inc.",SEAFORD,DE,2,1.0,0.0,0.0,True,False,5,0.0,,,-10.559433000000006,1661,24897719.0,0.0,2026,2024
100050,LARKIN COMMUNITY HOSPITAL PALM SPRINGS CAMPUS,Larkin Community Hospital Palm Springs Campus,HIALEAH,FL,5,1.0,0.0,0.0,True,False,5,0.0,,,-0.9560009999999948,959,16390138.0,0.0,2026,2024
360203,SOUTHEASTERN OHIO REGIONAL MEDICAL CENTER,Southeastern Ohio Regional Medical Center,CAMBRIDGE,OH,4,1.0,0.0,0.0,True,False,5,0.0,,,-1.3229309999999992,601,8042690.0,0.0,2026,2024
360263,INSTITUTE FOR ORTHOPAEDIC SURGERY,Institute For Orthopaedic Surgery,LIMA,OH,1,1.0,0.0,0.0,True,False,1,0.0,,,-2.189883,316,4289937.0,0.0,2026,2024
370002,Integris Health Woodward Hospital,Integris Health Woodward,WOODWARD,OK,2,1.0,0.0,0.0,True,False,5,0.0,,,-0.9429200000000008,357,3501026.0,0.0,2026,2024
450537,METHODIST RICHARDSON MEDICAL CENTER,Methodist Richardson Medical Center,RICHARDSON,TX,2,1.0,0.0,0.0,True,False,6,0.0,,,-3.544610999999998,3005,40807352.0,0.0,2026,2024
450690,UNIVERSITY OF TEXAS HEALTH SCIENCE CENTER AT TYLER,University Of Texas Health Science Center At Tyler,TYLER,TX,2,1.0,0.0,0.0,True,False,4,0.0,,,,213,1491612.0,0.0,2026,2024
450889,TEXAS INSTITUTE FOR SURGERY AT PRESBYTERIAN HOSPIT,Texas Institute For Surgery At Presbyterian Hospit,DALLAS,TX,1,1.0,0.0,0.0,True,False,1,0.0,,,,122,2879950.0,0.0,2026,2024
460054,CACHE VALLEY HOSPITAL,Cache Valley  Hospital,NORTH LOGAN,UT,1,1.0,0.0,0.0,True,False,4,0.0,,,,70,1609153.0,0.0,2026,2024
460061,INTERMOUNTAIN HEALTH LAYTON HOSPITAL,Intermountain Health Layton Hospital,LAYTON,UT,1,1.0,0.0,0.0,True,False,5,0.0,,,,409,4090784.0,0.0,2026,2024
490038,SMYTH COUNTY COMMUNITY HOSPITAL,Smyth County Community Hospital,MARION,VA,4,1.0,0.0,0.0,True,False,5,0.0,,,-0.372624000000001,304,3203369.0,0.0,2026,2024
110092,DODGE COUNTY HOSPITAL,Dodge County Hospital,EASTMAN,GA,4,1.0,0.0,0.0,True,False,4,0.0,,,,219,2032547.0,0.0,2026,2024
140308,MERCYHEALTH HOSPITAL & PHYSICIAN CLINIC-CRYSTAL LA,Mercyhealth Hospital & Physician Clinic-Crystal La,CRYSTAL LAKE,IL,3,1.0,0.0,0.0,True,False,3,0.0,,,,112,749492.0,0.0,2026,2024
150007,COMMUNITY HOWARD REGIONAL HEALTH INC.,Community Howard Regional Health Inc,KOKOMO,IN,3,1.0,0.0,0.0,True,False,5,0.0,,,-1.3587600000000055,1135,11310046.0,0.0,2026,2024
520004,MAYO CLINIC HEALTH SYSTEM-FRANCISCAN MEDICAL CENTER INC,Mayo Clinic Health System In La Crosse,LA CROSSE,WI,4,1.0,0.0,0.0,True,False,6,0.0,,,-12.641400999999993,1877,22582590.0,0.0,2026,2024
670112,LEGENT ORTHOPEDIC + SPINE,Legent Orthopedic + Spine,SAN ANTONIO,TX,1,1.0,0.0,0.0,True,False,1,0.0,,,,125,2381169.0,0.0,2026,2024
050234,SHARP CORONADO HOSPITAL AND HLTHCR CTR,Sharp Coronado Hospital And Hlthcr Ctr,CORONADO,CA,5,1.0,0.0,0.0,True,False,5,0.0,,,-1.7364959999999996,759,9051881.0,0.0,2026,2024
280127,LINCOLN SURGICAL HOSPITAL,Lincoln Surgical Hospital,LINCOLN,NE,1,1.0,0.0,0.0,True,False,1,0.0,,,,74,1005172.0,0.0,2026,2024
290012,SAINT ROSE DOMINICAN HOSPITALS - ROSE DE LIMA,Saint Rose Dominican Hospitals - Rose De Lima,HENDERSON,NV,2,1.0,0.0,0.0,True,False,2,0.0,,,,36,1021255.0,0.0,2026,2024
370234,"OKLAHOMA HEART HOSPITAL SOUTH, LLC","Oklahoma Heart Hospital South, Llc",OKLAHOMA CITY,OK,1,1.0,0.0,0.0,True,False,4,0.0,,,-20.142076,1637,22860522.0,0.0,2026,2024
380025,LEGACY MOUNT HOOD MEDICAL CENTER,Legacy Mount Hood Medical Center,GRESHAM,OR,4,1.0,0.0,0.0,True,False,5,0.0,,,-0.8110199999999979,781,10708917.0,0.0,2026,2024
170120,LABETTE HEALTH,Labette Health,PARSONS,KS,3,1.0,0.0,0.0,True,False,5,0.0,,,,392,4809958.0,0.0,2026,2024
170190,MANHATTAN SURGICAL HOSPITAL LLC,Manhattan Surgical Hospital Llc,MANHATTAN,KS,1,1.0,0.0,0.0,True,False,1,0.0,,,,96,1082200.0,0.0,2026,2024
170198,"SUMMIT SURGICAL, LLC","Summit Surgical, Llc",HUTCHINSON,KS,1,1.0,0.0,0.0,True,False,1,0.0,,,,278,4094660.0,0.0,2026,2024
200009,MAINEHEALTH MAINE MEDICAL CENTER,Mainehealth Maine Medical Center,PORTLAND,ME,3,1.0,0.0,0.0,True,False,6,0.0,,,-23.361612999999977,7830,138715458.0,0.0,2026,2024
050411,KAISER FOUNDATION HOSPITAL - SOUTH BAY,Kaiser Foundation Hospital - South Bay,HARBOR CITY,CA,3,1.0,0.0,0.0,True,False,4,0.0,,,,596,7502714.0,0.0,2026,2024
330080,LINCOLN MEDICAL & MENTAL HEALTH CENTER,Lincoln Medical & Mental Health Center,BRONX,NY,5,1.0,0.0,0.0,True,False,5,0.0,,,-0.23393499999999978,815,29598096.0,0.0,2026,2024
340010,UNC HEALTH CARE WAYNE,Unc Health Wayne,GOLDSBORO,NC,4,1.0,0.0,0.0,True,False,5,0.0,,,-7.711898000000003,2310,26793396.0,0.0,2026,2024
370001,HILLCREST MEDICAL CENTER,Hillcrest Medical Center,TULSA,OK,4,1.0,0.0,0.0,True,False,6,0.0,,,-14.99979199999998,4794,71464665.0,0.0,2026,2024
440152,REGIONAL ONE HEALTH,Regional One Health,MEMPHIS,TN,5,1.0,0.0,0.0,True,False,4,0.0,,,,1037,27992772.0,0.0,2026,2024
450253,BELLVILLE MEDICAL CENTER,Bellville Medical Center,BELLVILLE,TX,1,1.0,0.0,0.0,True,False,3,0.0,,,,42,322164.0,0.0,2026,2024
110121,GRADY GENERAL HOSPITAL,Archbold Grady,CAIRO,GA,2,1.0,0.0,0.0,True,False,4,0.0,,,,76,1115082.0,0.0,2026,2024
110150,NAVICENT HEALTH BALDWIN,Navicent Health Baldwin,MILLEDGEVILLE,GA,3,1.0,0.0,0.0,True,False,5,0.0,,,-0.23454399999999886,421,4238757.0,0.0,2026,2024
130002,ST LUKES MAGIC VALLEY MEDICAL CENTER,St Luke's Magic Valley Rmc,TWIN FALLS,ID,3,1.0,0.0,0.0,True,False,5,0.0,,,-14.672607999999997,2138,25872446.0,0.0,2026,2024
130003,ST JOSEPH REGIONAL MEDICAL CENTER,St Joseph Regional Medical Center,LEWISTON,ID,2,1.0,0.0,0.0,True,False,5,0.0,,,-6.523722000000004,1276,21994468.0,0.0,2026,2024
130074,"IDAHO FALLS COMMUNITY HOSPITAL, LLC","Idaho Falls Community Hospital, Llc",IDAHO FALLS,ID,2,1.0,0.0,0.0,True,False,5,0.0,,,-0.7950220000000014,1115,11898415.0,0.0,2026,2024
140239,JAVON BEA HOSPITAL,Javon Bea Hospital,ROCKFORD,IL,3,1.0,0.0,0.0,True,False,6,0.0,,,-5.619341999999995,2003,28414688.0,0.0,2026,2024
150167,ORTHOPAEDIC HOSPITAL AT PARKVIEW NORTH,Orthopaedic Hospital At Parkview North Llc,FORT WAYNE,IN,1,1.0,0.0,0.0,True,False,1,0.0,,,,174,4271460.0,0.0,2026,2024
500002,PROVIDENCE ST MARY MEDICAL CENTER,Providence St Mary Medical Center,WALLA WALLA,WA,3,1.0,0.0,0.0,True,False,5,0.0,,,-10.059024999999998,1780,21981434.0,0.0,2026,2024
500030,PEACEHEALTH ST JOSEPH MEDICAL CENTER,Peacehealth St Joseph Medical Center,BELLINGHAM,WA,2,1.0,0.0,0.0,True,False,6,0.0,,,-23.327770000000008,4526,69674898.0,0.0,2026,2024
510030,DAVIS MEDICAL CENTER,Davis Medical Center,ELKINS,WV,5,1.0,0.0,0.0,True,False,5,0.0,,,0.07181499999999676,700,7099063.0,0.0,2026,2024
520075,ST VINCENT HOSPITAL,St Vincent Hospital,GREEN BAY,WI,3,1.0,0.0,0.0,True,False,6,0.0,,,-4.305773999999998,1680,23635404.0,0.0,2026,2024
520196,OAKLEAF SURGICAL HOSPITAL,Oakleaf Surgical Hospital,ALTOONA,WI,2,1.0,0.0,0.0,True,False,1,0.0,,,,136,2270404.0,0.0,2026,2024
670102,"AD HOSPITAL EAST, LLC","Ad Hospital East, Llc",HOUSTON,TX,2,1.0,0.0,0.0,True,False,3,0.0,,,,98,1417716.0,0.0,2026,2024
670267,THE WOODLANDS SPECIALTY HOSPITAL,The Woodlands Specialty Hospital,SPRING,TX,1,1.0,0.0,0.0,True,False,3,0.0,,,,47,5197610.0,0.0,2026,2024
520215,MARSHFIELD MEDICAL CENTER - RIVER REGION,Marshfield Medical Center - River Region,STEVENS POINT,WI,2,1.0,0.0,0.0,True,False,3,0.0,,,,41,222467.0,0.0,2026,2024
200052,NORTHERN MAINE MEDICAL CENTER,Northern Maine Medical Center,FORT KENT,ME,4,1.0,0.0,0.0,True,False,5,0.0,,,,252,3288336.0,0.0,2026,2024
200041,NORTHERN LIGHT INLAND HOSPITAL,Northern Light Inland Hospital,WATERVILLE,ME,5,1.0,0.0,0.0,True,False,4,0.0,,,,266,4458560.0,0.0,2026,2024
450143,ASCENSION SETON SMITHVILLE,Ascension Seton Smithville,SMITHVILLE,TX,1,1.0,0.0,0.0,True,False,3,0.0,,,,104,1835816.0,0.0,2026,2024
450411,EASTLAND MEMORIAL HOSPITAL,Eastland Memorial Hospital,EASTLAND,TX,4,1.0,0.0,0.0,True,False,4,0.0,,,,93,839222.0,0.0,2026,2024
330144,IRA DAVENPORT MEMORIAL HOSPITAL,Ira Davenport Memorial Hospital,BATH,NY,5,1.0,0.0,0.0,True,False,4,0.0,,,,44,518731.0,0.0,2026,2024
450827,KELL WEST REGIONAL HOSPITAL,Kell West Regional Hospital,WICHITA FALLS,TX,1,1.0,0.0,0.0,True,False,4,0.0,,,,224,3681337.0,0.0,2026,2024
330211,CLAXTON-HEPBURN MEDICAL CENTER,Claxton-Hepburn Medical Center,OGDENSBURG,NY,4,1.0,0.0,0.0,True,False,5,0.0,,,,378,4671321.0,0.0,2026,2024
330411,UNITY SPECIALTY HOSPITAL,UNITY SPECIALTY HOSPITAL,ROCHESTER,NY,5,1.0,0.0,0.0,True,False,1,0.0,,,,,,,2026,
490104,HIRAM W DAVIS MEDICAL CENTER,HIRAM W DAVIS MEDICAL CENTER,PETERSBURG,VA,5,1.0,0.0,0.0,True,False,1,0.0,,,,,,,2026,
670115,CLEVELAND EMERGENCY HOSPITAL,CLEVELAND EMERGENCY HOSPITAL,HUMBLE,TX,3,1.0,0.0,0.0,True,False,3,0.0,,,,,,,2026,
250017,PROGRESSIVE HEALTH GROUP OF HOUSTON,PROGRESSIVE HEALTH GROUP OF HOUSTON,HOUSTON,MS,5,1.0,0.0,0.0,True,False,2,0.0,,,,,,,2026,
670121,SAINT CAMILLUS MEDICAL CENTER,SAINT CAMILLUS MEDICAL CENTER,HURST,TX,1,1.0,0.0,0.0,True,False,1,0.0,,,,,,,2026,
670314,ST MICHAELS MEDICAL HOSPITAL LLC,ST MICHAELS MEDICAL HOSPITAL LLC,SUGAR LAND,TX,1,1.0,0.0,0.0,True,False,2,0.0,,,,,,,2026,
240206,RED LAKE HOSPITAL,RED LAKE HOSPITAL,REDLAKE,MN,5,1.0,0.0,0.0,True,False,3,0.0,,,,,,,2026,
670135,"ALTUS HOUSTON HOSPITAL, LP","ALTUS HOUSTON HOSPITAL, LP",HOUSTON,TX,1,1.0,0.0,0.0,True,False,1,0.0,,,,,,,2026,
230078,COREWELL HEALTH WATERVLIET HOSPITAL,COREWELL HEALTH WATERVLIET HOSPITAL,WATERVLIET,MI,1,1.0,0.0,0.0,True,False,1,0.0,,,,,,,2026,
100298,FLORIDA STATE HOSPITAL UNIT 31 MED,FLORIDA STATE HOSPITAL UNIT 31 MED,CHATTAHOOCHEE,FL,1,1.0,0.0,0.0,True,False,1,0.0,,,,,,,2026,
250018,JASPER GENERAL HOSPITAL,JASPER GENERAL HOSPITAL,BAY SPRINGS,MS,5,1.0,0.0,0.0,True,False,2,0.0,,,,,,,2026,
370214,LINDSAY MUNICIPAL HOSPITAL,LINDSAY MUNICIPAL HOSPITAL,LINDSAY,OK,1,1.0,0.0,0.0,True,False,2,0.0,,,,,,,2026,
040018,BAPTIST HEALTH - VAN BUREN,BAPTIST HEALTH - VAN BUREN,VAN BUREN,AR,4,1.0,0.0,0.0,True,False,2,0.0,,,,,,,2026,
450831,SURGERY SPECIALTY HOSPITALS OF AMERICA SE HOUSTON,SURGERY SPECIALTY HOSPITALS OF AMERICA SE HOUSTON,PASADENA,TX,5,1.0,0.0,0.0,True,False,2,0.0,,,,,,,2026,
070012,,,,,2,1.0,0.0,0.0,True,False,3,0.0,,,,,,,2026,
010102,,,,,5,1.0,0.0,0.0,True,False,3,0.0,,,,,,,2026,
420117,,,,,5,1.0,0.0,0.0,True,False,4,0.0,,,,,,,2026,
